[09-Jan-2020 20:23:25 Asia/Kolkata] PHP Fatal error:  Allowed memory size of 134217728 bytes exhausted (tried to allocate 20480 bytes) in /home/users/karan.negi/www/html/prestashop1761/modules/prestarealtimesync/classes/xmlrpc.inc on line 3187
[09-Jan-2020 20:23:25 Asia/Kolkata] PHP Stack trace:
[09-Jan-2020 20:23:25 Asia/Kolkata] PHP   1. {main}() /home/users/karan.negi/www/html/prestashop1761/admin7349hjnt3/index.php:0
[09-Jan-2020 20:23:25 Asia/Kolkata] PHP   2. Dispatcher->dispatch() /home/users/karan.negi/www/html/prestashop1761/admin7349hjnt3/index.php:97
[09-Jan-2020 20:23:25 Asia/Kolkata] PHP   3. AdminOrdersController->run() /home/users/karan.negi/www/html/prestashop1761/classes/Dispatcher.php:515
[09-Jan-2020 20:23:25 Asia/Kolkata] PHP   4. AdminOrdersController->postProcess() /home/users/karan.negi/www/html/prestashop1761/classes/controller/Controller.php:281
[09-Jan-2020 20:23:25 Asia/Kolkata] PHP   5. Ps_Checkpayment->validateOrder() /home/users/karan.negi/www/html/prestashop1761/controllers/admin/AdminOrdersController.php:1255
[09-Jan-2020 20:23:25 Asia/Kolkata] PHP   6. HookCore::exec() /home/users/karan.negi/www/html/prestashop1761/classes/PaymentModule.php:532
[09-Jan-2020 20:23:25 Asia/Kolkata] PHP   7. HookCore::callHookOn() /home/users/karan.negi/www/html/prestashop1761/classes/Hook.php:907
[09-Jan-2020 20:23:25 Asia/Kolkata] PHP   8. HookCore::coreCallHook() /home/users/karan.negi/www/html/prestashop1761/classes/Hook.php:355
[09-Jan-2020 20:23:25 Asia/Kolkata] PHP   9. Prestarealtimesync->hookActionValidateOrder() /home/users/karan.negi/www/html/prestashop1761/classes/Hook.php:970
[09-Jan-2020 20:23:25 Asia/Kolkata] PHP  10. php_xmlrpc_encode() /home/users/karan.negi/www/html/prestashop1761/modules/prestarealtimesync/prestarealtimesync.php:565
[09-Jan-2020 20:23:25 Asia/Kolkata] PHP  11. php_xmlrpc_encode() /home/users/karan.negi/www/html/prestashop1761/modules/prestarealtimesync/classes/xmlrpc.inc:3187
[09-Jan-2020 20:23:25 Asia/Kolkata] PHP  12. php_xmlrpc_encode() /home/users/karan.negi/www/html/prestashop1761/modules/prestarealtimesync/classes/xmlrpc.inc:3187
[09-Jan-2020 20:23:25 Asia/Kolkata] PHP  13. php_xmlrpc_encode() /home/users/karan.negi/www/html/prestashop1761/modules/prestarealtimesync/classes/xmlrpc.inc:3187
[09-Jan-2020 20:23:25 Asia/Kolkata] PHP  14. php_xmlrpc_encode() /home/users/karan.negi/www/html/prestashop1761/modules/prestarealtimesync/classes/xmlrpc.inc:3187
[09-Jan-2020 20:23:25 Asia/Kolkata] PHP  15. php_xmlrpc_encode() /home/users/karan.negi/www/html/prestashop1761/modules/prestarealtimesync/classes/xmlrpc.inc:3187
[09-Jan-2020 20:23:25 Asia/Kolkata] PHP  16. php_xmlrpc_encode() /home/users/karan.negi/www/html/prestashop1761/modules/prestarealtimesync/classes/xmlrpc.inc:3187
[09-Jan-2020 20:23:25 Asia/Kolkata] PHP  17. php_xmlrpc_encode() /home/users/karan.negi/www/html/prestashop1761/modules/prestarealtimesync/classes/xmlrpc.inc:3187
[09-Jan-2020 20:23:25 Asia/Kolkata] PHP  18. php_xmlrpc_encode() /home/users/karan.negi/www/html/prestashop1761/modules/prestarealtimesync/classes/xmlrpc.inc:3187
[09-Jan-2020 20:23:25 Asia/Kolkata] PHP  19. php_xmlrpc_encode() /home/users/karan.negi/www/html/prestashop1761/modules/prestarealtimesync/classes/xmlrpc.inc:3187
[09-Jan-2020 20:23:25 Asia/Kolkata] PHP  20. php_xmlrpc_encode() /home/users/karan.negi/www/html/prestashop1761/modules/prestarealtimesync/classes/xmlrpc.inc:3187
[09-Jan-2020 20:23:25 Asia/Kolkata] PHP  21. php_xmlrpc_encode() /home/users/karan.negi/www/html/prestashop1761/modules/prestarealtimesync/classes/xmlrpc.inc:3187
[09-Jan-2020 20:23:25 Asia/Kolkata] PHP  22. php_xmlrpc_encode() /home/users/karan.negi/www/html/prestashop1761/modules/prestarealtimesync/classes/xmlrpc.inc:3187
[09-Jan-2020 20:23:25 Asia/Kolkata] PHP  23. php_xmlrpc_encode() /home/users/karan.negi/www/html/prestashop1761/modules/prestarealtimesync/classes/xmlrpc.inc:3187
[09-Jan-2020 20:23:25 Asia/Kolkata] PHP  24. php_xmlrpc_encode() /home/users/karan.negi/www/html/prestashop1761/modules/prestarealtimesync/classes/xmlrpc.inc:3187
[09-Jan-2020 20:23:25 Asia/Kolkata] PHP  25. php_xmlrpc_encode() /home/users/karan.negi/www/html/prestashop1761/modules/prestarealtimesync/classes/xmlrpc.inc:3187
[09-Jan-2020 20:23:25 Asia/Kolkata] PHP  26. php_xmlrpc_encode() /home/users/karan.negi/www/html/prestashop1761/modules/prestarealtimesync/classes/xmlrpc.inc:3187
[09-Jan-2020 20:23:25 Asia/Kolkata] PHP  27. php_xmlrpc_encode() /home/users/karan.negi/www/html/prestashop1761/modules/prestarealtimesync/classes/xmlrpc.inc:3187
[09-Jan-2020 20:23:25 Asia/Kolkata] PHP  28. php_xmlrpc_encode() /home/users/karan.negi/www/html/prestashop1761/modules/prestarealtimesync/classes/xmlrpc.inc:3187
[09-Jan-2020 20:23:25 Asia/Kolkata] PHP  29. php_xmlrpc_encode() /home/users/karan.negi/www/html/prestashop1761/modules/prestarealtimesync/classes/xmlrpc.inc:3187
[09-Jan-2020 20:23:25 Asia/Kolkata] PHP  30. php_xmlrpc_encode() /home/users/karan.negi/www/html/prestashop1761/modules/prestarealtimesync/classes/xmlrpc.inc:3187
[09-Jan-2020 20:23:25 Asia/Kolkata] PHP  31. php_xmlrpc_encode() /home/users/karan.negi/www/html/prestashop1761/modules/prestarealtimesync/classes/xmlrpc.inc:3187
[09-Jan-2020 20:23:25 Asia/Kolkata] PHP  32. php_xmlrpc_encode() /home/users/karan.negi/www/html/prestashop1761/modules/prestarealtimesync/classes/xmlrpc.inc:3187
[09-Jan-2020 20:23:25 Asia/Kolkata] PHP  33. php_xmlrpc_encode() /home/users/karan.negi/www/html/prestashop1761/modules/prestarealtimesync/classes/xmlrpc.inc:3187
[09-Jan-2020 20:23:25 Asia/Kolkata] PHP  34. php_xmlrpc_encode() /home/users/karan.negi/www/html/prestashop1761/modules/prestarealtimesync/classes/xmlrpc.inc:3187
[09-Jan-2020 20:23:25 Asia/Kolkata] PHP  35. php_xmlrpc_encode() /home/users/karan.negi/www/html/prestashop1761/modules/prestarealtimesync/classes/xmlrpc.inc:3187
[09-Jan-2020 20:23:25 Asia/Kolkata] PHP  36. php_xmlrpc_encode() /home/users/karan.negi/www/html/prestashop1761/modules/prestarealtimesync/classes/xmlrpc.inc:3187
[09-Jan-2020 20:23:25 Asia/Kolkata] PHP  37. php_xmlrpc_encode() /home/users/karan.negi/www/html/prestashop1761/modules/prestarealtimesync/classes/xmlrpc.inc:3187
[09-Jan-2020 20:23:25 Asia/Kolkata] PHP  38. php_xmlrpc_encode() /home/users/karan.negi/www/html/prestashop1761/modules/prestarealtimesync/classes/xmlrpc.inc:3187
[09-Jan-2020 20:23:25 Asia/Kolkata] PHP  39. php_xmlrpc_encode() /home/users/karan.negi/www/html/prestashop1761/modules/prestarealtimesync/classes/xmlrpc.inc:3187
[09-Jan-2020 20:23:25 Asia/Kolkata] PHP  40. php_xmlrpc_encode() /home/users/karan.negi/www/html/prestashop1761/modules/prestarealtimesync/classes/xmlrpc.inc:3187
[09-Jan-2020 20:23:25 Asia/Kolkata] PHP  41. php_xmlrpc_encode() /home/users/karan.negi/www/html/prestashop1761/modules/prestarealtimesync/classes/xmlrpc.inc:3187
[09-Jan-2020 20:23:25 Asia/Kolkata] PHP  42. php_xmlrpc_encode() /home/users/karan.negi/www/html/prestashop1761/modules/prestarealtimesync/classes/xmlrpc.inc:3187
[09-Jan-2020 20:23:25 Asia/Kolkata] PHP  43. php_xmlrpc_encode() /home/users/karan.negi/www/html/prestashop1761/modules/prestarealtimesync/classes/xmlrpc.inc:3187
[09-Jan-2020 20:23:25 Asia/Kolkata] PHP  44. php_xmlrpc_encode() /home/users/karan.negi/www/html/prestashop1761/modules/prestarealtimesync/classes/xmlrpc.inc:3187
[09-Jan-2020 20:23:25 Asia/Kolkata] PHP  45. php_xmlrpc_encode() /home/users/karan.negi/www/html/prestashop1761/modules/prestarealtimesync/classes/xmlrpc.inc:3187
[09-Jan-2020 20:23:25 Asia/Kolkata] PHP  46. php_xmlrpc_encode() /home/users/karan.negi/www/html/prestashop1761/modules/prestarealtimesync/classes/xmlrpc.inc:3187
[09-Jan-2020 20:23:25 Asia/Kolkata] PHP  47. php_xmlrpc_encode() /home/users/karan.negi/www/html/prestashop1761/modules/prestarealtimesync/classes/xmlrpc.inc:3187
[09-Jan-2020 20:23:25 Asia/Kolkata] PHP  48. php_xmlrpc_encode() /home/users/karan.negi/www/html/prestashop1761/modules/prestarealtimesync/classes/xmlrpc.inc:3187
[09-Jan-2020 20:23:25 Asia/Kolkata] PHP  49. php_xmlrpc_encode() /home/users/karan.negi/www/html/prestashop1761/modules/prestarealtimesync/classes/xmlrpc.inc:3187
[09-Jan-2020 20:23:25 Asia/Kolkata] PHP  50. php_xmlrpc_encode() /home/users/karan.negi/www/html/prestashop1761/modules/prestarealtimesync/classes/xmlrpc.inc:3187
[09-Jan-2020 20:23:25 Asia/Kolkata] PHP  51. php_xmlrpc_encode() /home/users/karan.negi/www/html/prestashop1761/modules/prestarealtimesync/classes/xmlrpc.inc:3187
[09-Jan-2020 20:23:25 Asia/Kolkata] PHP  52. php_xmlrpc_encode() /home/users/karan.negi/www/html/prestashop1761/modules/prestarealtimesync/classes/xmlrpc.inc:3187
[09-Jan-2020 20:23:25 Asia/Kolkata] PHP  53. php_xmlrpc_encode() /home/users/karan.negi/www/html/prestashop1761/modules/prestarealtimesync/classes/xmlrpc.inc:3187
[09-Jan-2020 20:23:25 Asia/Kolkata] PHP  54. php_xmlrpc_encode() /home/users/karan.negi/www/html/prestashop1761/modules/prestarealtimesync/classes/xmlrpc.inc:3187
[09-Jan-2020 20:23:25 Asia/Kolkata] PHP  55. php_xmlrpc_encode() /home/users/karan.negi/www/html/prestashop1761/modules/prestarealtimesync/classes/xmlrpc.inc:3187
[09-Jan-2020 20:23:25 Asia/Kolkata] PHP  56. php_xmlrpc_encode() /home/users/karan.negi/www/html/prestashop1761/modules/prestarealtimesync/classes/xmlrpc.inc:3187
[09-Jan-2020 20:23:25 Asia/Kolkata] PHP  57. php_xmlrpc_encode() /home/users/karan.negi/www/html/prestashop1761/modules/prestarealtimesync/classes/xmlrpc.inc:3187
[09-Jan-2020 20:23:25 Asia/Kolkata] PHP  58. php_xmlrpc_encode() /home/users/karan.negi/www/html/prestashop1761/modules/prestarealtimesync/classes/xmlrpc.inc:3187
[09-Jan-2020 20:23:25 Asia/Kolkata] PHP  59. php_xmlrpc_encode() /home/users/karan.negi/www/html/prestashop1761/modules/prestarealtimesync/classes/xmlrpc.inc:3187
[09-Jan-2020 20:23:25 Asia/Kolkata] PHP  60. php_xmlrpc_encode() /home/users/karan.negi/www/html/prestashop1761/modules/prestarealtimesync/classes/xmlrpc.inc:3187
[09-Jan-2020 20:23:25 Asia/Kolkata] PHP  61. php_xmlrpc_encode() /home/users/karan.negi/www/html/prestashop1761/modules/prestarealtimesync/classes/xmlrpc.inc:3187
[09-Jan-2020 20:23:25 Asia/Kolkata] PHP  62. php_xmlrpc_encode() /home/users/karan.negi/www/html/prestashop1761/modules/prestarealtimesync/classes/xmlrpc.inc:3187
[09-Jan-2020 20:23:25 Asia/Kolkata] PHP  63. php_xmlrpc_encode() /home/users/karan.negi/www/html/prestashop1761/modules/prestarealtimesync/classes/xmlrpc.inc:3187
[09-Jan-2020 20:23:25 Asia/Kolkata] PHP  64. php_xmlrpc_encode() /home/users/karan.negi/www/html/prestashop1761/modules/prestarealtimesync/classes/xmlrpc.inc:3187
[09-Jan-2020 20:23:25 Asia/Kolkata] PHP  65. php_xmlrpc_encode() /home/users/karan.negi/www/html/prestashop1761/modules/prestarealtimesync/classes/xmlrpc.inc:3187
[09-Jan-2020 20:23:25 Asia/Kolkata] PHP  66. php_xmlrpc_encode() /home/users/karan.negi/www/html/prestashop1761/modules/prestarealtimesync/classes/xmlrpc.inc:3187
[09-Jan-2020 20:23:25 Asia/Kolkata] PHP  67. php_xmlrpc_encode() /home/users/karan.negi/www/html/prestashop1761/modules/prestarealtimesync/classes/xmlrpc.inc:3187
[09-Jan-2020 20:23:25 Asia/Kolkata] PHP  68. php_xmlrpc_encode() /home/users/karan.negi/www/html/prestashop1761/modules/prestarealtimesync/classes/xmlrpc.inc:3187
[09-Jan-2020 20:23:25 Asia/Kolkata] PHP  69. php_xmlrpc_encode() /home/users/karan.negi/www/html/prestashop1761/modules/prestarealtimesync/classes/xmlrpc.inc:3187
[09-Jan-2020 20:23:25 Asia/Kolkata] PHP  70. php_xmlrpc_encode() /home/users/karan.negi/www/html/prestashop1761/modules/prestarealtimesync/classes/xmlrpc.inc:3187
[09-Jan-2020 20:23:25 Asia/Kolkata] PHP  71. php_xmlrpc_encode() /home/users/karan.negi/www/html/prestashop1761/modules/prestarealtimesync/classes/xmlrpc.inc:3187
[09-Jan-2020 20:23:25 Asia/Kolkata] PHP  72. php_xmlrpc_encode() /home/users/karan.negi/www/html/prestashop1761/modules/prestarealtimesync/classes/xmlrpc.inc:3187
[09-Jan-2020 20:23:25 Asia/Kolkata] PHP  73. php_xmlrpc_encode() /home/users/karan.negi/www/html/prestashop1761/modules/prestarealtimesync/classes/xmlrpc.inc:3187
[09-Jan-2020 20:23:25 Asia/Kolkata] PHP  74. php_xmlrpc_encode() /home/users/karan.negi/www/html/prestashop1761/modules/prestarealtimesync/classes/xmlrpc.inc:3187
[09-Jan-2020 20:23:25 Asia/Kolkata] PHP  75. php_xmlrpc_encode() /home/users/karan.negi/www/html/prestashop1761/modules/prestarealtimesync/classes/xmlrpc.inc:3187
[09-Jan-2020 20:23:25 Asia/Kolkata] PHP  76. php_xmlrpc_encode() /home/users/karan.negi/www/html/prestashop1761/modules/prestarealtimesync/classes/xmlrpc.inc:3187
[09-Jan-2020 20:23:25 Asia/Kolkata] PHP  77. php_xmlrpc_encode() /home/users/karan.negi/www/html/prestashop1761/modules/prestarealtimesync/classes/xmlrpc.inc:3187
[09-Jan-2020 20:23:25 Asia/Kolkata] PHP  78. php_xmlrpc_encode() /home/users/karan.negi/www/html/prestashop1761/modules/prestarealtimesync/classes/xmlrpc.inc:3187
[09-Jan-2020 20:23:25 Asia/Kolkata] PHP  79. php_xmlrpc_encode() /home/users/karan.negi/www/html/prestashop1761/modules/prestarealtimesync/classes/xmlrpc.inc:3187
[09-Jan-2020 20:23:25 Asia/Kolkata] PHP  80. php_xmlrpc_encode() /home/users/karan.negi/www/html/prestashop1761/modules/prestarealtimesync/classes/xmlrpc.inc:3187
[09-Jan-2020 20:23:25 Asia/Kolkata] PHP  81. php_xmlrpc_encode() /home/users/karan.negi/www/html/prestashop1761/modules/prestarealtimesync/classes/xmlrpc.inc:3187
[09-Jan-2020 20:23:25 Asia/Kolkata] PHP  82. php_xmlrpc_encode() /home/users/karan.negi/www/html/prestashop1761/modules/prestarealtimesync/classes/xmlrpc.inc:3187
[09-Jan-2020 20:23:25 Asia/Kolkata] PHP  83. php_xmlrpc_encode() /home/users/karan.negi/www/html/prestashop1761/modules/prestarealtimesync/classes/xmlrpc.inc:3187
[09-Jan-2020 20:23:25 Asia/Kolkata] PHP  84. php_xmlrpc_encode() /home/users/karan.negi/www/html/prestashop1761/modules/prestarealtimesync/classes/xmlrpc.inc:3187
[09-Jan-2020 20:23:25 Asia/Kolkata] PHP  85. php_xmlrpc_encode() /home/users/karan.negi/www/html/prestashop1761/modules/prestarealtimesync/classes/xmlrpc.inc:3187
[09-Jan-2020 20:23:25 Asia/Kolkata] PHP  86. php_xmlrpc_encode() /home/users/karan.negi/www/html/prestashop1761/modules/prestarealtimesync/classes/xmlrpc.inc:3187
[09-Jan-2020 20:23:25 Asia/Kolkata] PHP  87. php_xmlrpc_encode() /home/users/karan.negi/www/html/prestashop1761/modules/prestarealtimesync/classes/xmlrpc.inc:3187
[09-Jan-2020 20:23:25 Asia/Kolkata] PHP  88. php_xmlrpc_encode() /home/users/karan.negi/www/html/prestashop1761/modules/prestarealtimesync/classes/xmlrpc.inc:3187
[09-Jan-2020 20:23:25 Asia/Kolkata] PHP  89. php_xmlrpc_encode() /home/users/karan.negi/www/html/prestashop1761/modules/prestarealtimesync/classes/xmlrpc.inc:3187
[09-Jan-2020 20:23:25 Asia/Kolkata] PHP  90. php_xmlrpc_encode() /home/users/karan.negi/www/html/prestashop1761/modules/prestarealtimesync/classes/xmlrpc.inc:3187
[09-Jan-2020 20:23:25 Asia/Kolkata] PHP  91. php_xmlrpc_encode() /home/users/karan.negi/www/html/prestashop1761/modules/prestarealtimesync/classes/xmlrpc.inc:3187
[09-Jan-2020 20:23:25 Asia/Kolkata] PHP  92. php_xmlrpc_encode() /home/users/karan.negi/www/html/prestashop1761/modules/prestarealtimesync/classes/xmlrpc.inc:3187
[09-Jan-2020 20:23:25 Asia/Kolkata] PHP  93. php_xmlrpc_encode() /home/users/karan.negi/www/html/prestashop1761/modules/prestarealtimesync/classes/xmlrpc.inc:3187
[09-Jan-2020 20:23:25 Asia/Kolkata] PHP  94. php_xmlrpc_encode() /home/users/karan.negi/www/html/prestashop1761/modules/prestarealtimesync/classes/xmlrpc.inc:3187
[09-Jan-2020 20:23:25 Asia/Kolkata] PHP  95. php_xmlrpc_encode() /home/users/karan.negi/www/html/prestashop1761/modules/prestarealtimesync/classes/xmlrpc.inc:3187
[09-Jan-2020 20:23:25 Asia/Kolkata] PHP  96. php_xmlrpc_encode() /home/users/karan.negi/www/html/prestashop1761/modules/prestarealtimesync/classes/xmlrpc.inc:3187
[09-Jan-2020 20:23:25 Asia/Kolkata] PHP  97. php_xmlrpc_encode() /home/users/karan.negi/www/html/prestashop1761/modules/prestarealtimesync/classes/xmlrpc.inc:3187
[09-Jan-2020 20:23:25 Asia/Kolkata] PHP  98. php_xmlrpc_encode() /home/users/karan.negi/www/html/prestashop1761/modules/prestarealtimesync/classes/xmlrpc.inc:3187
[09-Jan-2020 20:23:25 Asia/Kolkata] PHP  99. php_xmlrpc_encode() /home/users/karan.negi/www/html/prestashop1761/modules/prestarealtimesync/classes/xmlrpc.inc:3187
[09-Jan-2020 20:23:25 Asia/Kolkata] PHP 100. php_xmlrpc_encode() /home/users/karan.negi/www/html/prestashop1761/modules/prestarealtimesync/classes/xmlrpc.inc:3187
[09-Jan-2020 20:23:25 Asia/Kolkata] PHP 101. php_xmlrpc_encode() /home/users/karan.negi/www/html/prestashop1761/modules/prestarealtimesync/classes/xmlrpc.inc:3187
[09-Jan-2020 20:23:25 Asia/Kolkata] PHP 102. php_xmlrpc_encode() /home/users/karan.negi/www/html/prestashop1761/modules/prestarealtimesync/classes/xmlrpc.inc:3187
[09-Jan-2020 20:23:25 Asia/Kolkata] PHP 103. php_xmlrpc_encode() /home/users/karan.negi/www/html/prestashop1761/modules/prestarealtimesync/classes/xmlrpc.inc:3187
[09-Jan-2020 20:23:25 Asia/Kolkata] PHP 104. php_xmlrpc_encode() /home/users/karan.negi/www/html/prestashop1761/modules/prestarealtimesync/classes/xmlrpc.inc:3187
[09-Jan-2020 20:23:25 Asia/Kolkata] PHP 105. php_xmlrpc_encode() /home/users/karan.negi/www/html/prestashop1761/modules/prestarealtimesync/classes/xmlrpc.inc:3187
[09-Jan-2020 20:23:25 Asia/Kolkata] PHP 106. php_xmlrpc_encode() /home/users/karan.negi/www/html/prestashop1761/modules/prestarealtimesync/classes/xmlrpc.inc:3187
[09-Jan-2020 20:23:25 Asia/Kolkata] PHP 107. php_xmlrpc_encode() /home/users/karan.negi/www/html/prestashop1761/modules/prestarealtimesync/classes/xmlrpc.inc:3187
[09-Jan-2020 20:23:25 Asia/Kolkata] PHP 108. php_xmlrpc_encode() /home/users/karan.negi/www/html/prestashop1761/modules/prestarealtimesync/classes/xmlrpc.inc:3187
[09-Jan-2020 20:23:25 Asia/Kolkata] PHP 109. php_xmlrpc_encode() /home/users/karan.negi/www/html/prestashop1761/modules/prestarealtimesync/classes/xmlrpc.inc:3187
[09-Jan-2020 20:23:25 Asia/Kolkata] PHP 110. php_xmlrpc_encode() /home/users/karan.negi/www/html/prestashop1761/modules/prestarealtimesync/classes/xmlrpc.inc:3187
[09-Jan-2020 20:23:25 Asia/Kolkata] PHP 111. php_xmlrpc_encode() /home/users/karan.negi/www/html/prestashop1761/modules/prestarealtimesync/classes/xmlrpc.inc:3187
[09-Jan-2020 20:23:25 Asia/Kolkata] PHP 112. php_xmlrpc_encode() /home/users/karan.negi/www/html/prestashop1761/modules/prestarealtimesync/classes/xmlrpc.inc:3187
[09-Jan-2020 20:23:25 Asia/Kolkata] PHP 113. php_xmlrpc_encode() /home/users/karan.negi/www/html/prestashop1761/modules/prestarealtimesync/classes/xmlrpc.inc:3187
[09-Jan-2020 20:23:25 Asia/Kolkata] PHP 114. php_xmlrpc_encode() /home/users/karan.negi/www/html/prestashop1761/modules/prestarealtimesync/classes/xmlrpc.inc:3187
[09-Jan-2020 20:23:25 Asia/Kolkata] PHP 115. php_xmlrpc_encode() /home/users/karan.negi/www/html/prestashop1761/modules/prestarealtimesync/classes/xmlrpc.inc:3187
[09-Jan-2020 20:23:25 Asia/Kolkata] PHP 116. php_xmlrpc_encode() /home/users/karan.negi/www/html/prestashop1761/modules/prestarealtimesync/classes/xmlrpc.inc:3187
[09-Jan-2020 20:23:25 Asia/Kolkata] PHP 117. php_xmlrpc_encode() /home/users/karan.negi/www/html/prestashop1761/modules/prestarealtimesync/classes/xmlrpc.inc:3187
[09-Jan-2020 20:23:25 Asia/Kolkata] PHP 118. php_xmlrpc_encode() /home/users/karan.negi/www/html/prestashop1761/modules/prestarealtimesync/classes/xmlrpc.inc:3187
[09-Jan-2020 20:23:25 Asia/Kolkata] PHP 119. php_xmlrpc_encode() /home/users/karan.negi/www/html/prestashop1761/modules/prestarealtimesync/classes/xmlrpc.inc:3187
[09-Jan-2020 20:23:25 Asia/Kolkata] PHP 120. php_xmlrpc_encode() /home/users/karan.negi/www/html/prestashop1761/modules/prestarealtimesync/classes/xmlrpc.inc:3187
[09-Jan-2020 20:23:25 Asia/Kolkata] PHP 121. php_xmlrpc_encode() /home/users/karan.negi/www/html/prestashop1761/modules/prestarealtimesync/classes/xmlrpc.inc:3187
[09-Jan-2020 20:23:25 Asia/Kolkata] PHP 122. php_xmlrpc_encode() /home/users/karan.negi/www/html/prestashop1761/modules/prestarealtimesync/classes/xmlrpc.inc:3187
[09-Jan-2020 20:23:25 Asia/Kolkata] PHP 123. php_xmlrpc_encode() /home/users/karan.negi/www/html/prestashop1761/modules/prestarealtimesync/classes/xmlrpc.inc:3187
[09-Jan-2020 20:23:25 Asia/Kolkata] PHP 124. php_xmlrpc_encode() /home/users/karan.negi/www/html/prestashop1761/modules/prestarealtimesync/classes/xmlrpc.inc:3187
[09-Jan-2020 20:23:25 Asia/Kolkata] PHP 125. php_xmlrpc_encode() /home/users/karan.negi/www/html/prestashop1761/modules/prestarealtimesync/classes/xmlrpc.inc:3187
[09-Jan-2020 20:23:25 Asia/Kolkata] PHP 126. php_xmlrpc_encode() /home/users/karan.negi/www/html/prestashop1761/modules/prestarealtimesync/classes/xmlrpc.inc:3187
[09-Jan-2020 20:23:25 Asia/Kolkata] PHP 127. php_xmlrpc_encode() /home/users/karan.negi/www/html/prestashop1761/modules/prestarealtimesync/classes/xmlrpc.inc:3187
[09-Jan-2020 20:23:25 Asia/Kolkata] PHP 128. php_xmlrpc_encode() /home/users/karan.negi/www/html/prestashop1761/modules/prestarealtimesync/classes/xmlrpc.inc:3187
[09-Jan-2020 20:23:25 Asia/Kolkata] PHP 129. php_xmlrpc_encode() /home/users/karan.negi/www/html/prestashop1761/modules/prestarealtimesync/classes/xmlrpc.inc:3187
[09-Jan-2020 20:23:25 Asia/Kolkata] PHP 130. php_xmlrpc_encode() /home/users/karan.negi/www/html/prestashop1761/modules/prestarealtimesync/classes/xmlrpc.inc:3187
[09-Jan-2020 20:23:25 Asia/Kolkata] PHP 131. php_xmlrpc_encode() /home/users/karan.negi/www/html/prestashop1761/modules/prestarealtimesync/classes/xmlrpc.inc:3187
[09-Jan-2020 20:23:25 Asia/Kolkata] PHP 132. php_xmlrpc_encode() /home/users/karan.negi/www/html/prestashop1761/modules/prestarealtimesync/classes/xmlrpc.inc:3187
[09-Jan-2020 20:23:25 Asia/Kolkata] PHP 133. php_xmlrpc_encode() /home/users/karan.negi/www/html/prestashop1761/modules/prestarealtimesync/classes/xmlrpc.inc:3187
[09-Jan-2020 20:23:25 Asia/Kolkata] PHP 134. php_xmlrpc_encode() /home/users/karan.negi/www/html/prestashop1761/modules/prestarealtimesync/classes/xmlrpc.inc:3187
[09-Jan-2020 20:23:25 Asia/Kolkata] PHP 135. php_xmlrpc_encode() /home/users/karan.negi/www/html/prestashop1761/modules/prestarealtimesync/classes/xmlrpc.inc:3187
[09-Jan-2020 20:23:25 Asia/Kolkata] PHP 136. php_xmlrpc_encode() /home/users/karan.negi/www/html/prestashop1761/modules/prestarealtimesync/classes/xmlrpc.inc:3187
[09-Jan-2020 20:23:25 Asia/Kolkata] PHP 137. php_xmlrpc_encode() /home/users/karan.negi/www/html/prestashop1761/modules/prestarealtimesync/classes/xmlrpc.inc:3187
[09-Jan-2020 20:23:25 Asia/Kolkata] PHP 138. php_xmlrpc_encode() /home/users/karan.negi/www/html/prestashop1761/modules/prestarealtimesync/classes/xmlrpc.inc:3187
[09-Jan-2020 20:23:25 Asia/Kolkata] PHP 139. php_xmlrpc_encode() /home/users/karan.negi/www/html/prestashop1761/modules/prestarealtimesync/classes/xmlrpc.inc:3187
[09-Jan-2020 20:23:25 Asia/Kolkata] PHP 140. php_xmlrpc_encode() /home/users/karan.negi/www/html/prestashop1761/modules/prestarealtimesync/classes/xmlrpc.inc:3187
[09-Jan-2020 20:23:25 Asia/Kolkata] PHP 141. php_xmlrpc_encode() /home/users/karan.negi/www/html/prestashop1761/modules/prestarealtimesync/classes/xmlrpc.inc:3187
[09-Jan-2020 20:23:25 Asia/Kolkata] PHP 142. php_xmlrpc_encode() /home/users/karan.negi/www/html/prestashop1761/modules/prestarealtimesync/classes/xmlrpc.inc:3187
[09-Jan-2020 20:23:25 Asia/Kolkata] PHP 143. php_xmlrpc_encode() /home/users/karan.negi/www/html/prestashop1761/modules/prestarealtimesync/classes/xmlrpc.inc:3187
[09-Jan-2020 20:23:25 Asia/Kolkata] PHP 144. php_xmlrpc_encode() /home/users/karan.negi/www/html/prestashop1761/modules/prestarealtimesync/classes/xmlrpc.inc:3187
[09-Jan-2020 20:23:25 Asia/Kolkata] PHP 145. php_xmlrpc_encode() /home/users/karan.negi/www/html/prestashop1761/modules/prestarealtimesync/classes/xmlrpc.inc:3187
[09-Jan-2020 20:23:25 Asia/Kolkata] PHP 146. php_xmlrpc_encode() /home/users/karan.negi/www/html/prestashop1761/modules/prestarealtimesync/classes/xmlrpc.inc:3187
[09-Jan-2020 20:23:25 Asia/Kolkata] PHP 147. php_xmlrpc_encode() /home/users/karan.negi/www/html/prestashop1761/modules/prestarealtimesync/classes/xmlrpc.inc:3187
[09-Jan-2020 20:23:25 Asia/Kolkata] PHP 148. php_xmlrpc_encode() /home/users/karan.negi/www/html/prestashop1761/modules/prestarealtimesync/classes/xmlrpc.inc:3187
[09-Jan-2020 20:23:25 Asia/Kolkata] PHP 149. php_xmlrpc_encode() /home/users/karan.negi/www/html/prestashop1761/modules/prestarealtimesync/classes/xmlrpc.inc:3187
[09-Jan-2020 20:23:25 Asia/Kolkata] PHP 150. php_xmlrpc_encode() /home/users/karan.negi/www/html/prestashop1761/modules/prestarealtimesync/classes/xmlrpc.inc:3187
[09-Jan-2020 20:23:25 Asia/Kolkata] PHP 151. php_xmlrpc_encode() /home/users/karan.negi/www/html/prestashop1761/modules/prestarealtimesync/classes/xmlrpc.inc:3187
[09-Jan-2020 20:23:25 Asia/Kolkata] PHP 152. php_xmlrpc_encode() /home/users/karan.negi/www/html/prestashop1761/modules/prestarealtimesync/classes/xmlrpc.inc:3187
[09-Jan-2020 20:23:25 Asia/Kolkata] PHP 153. php_xmlrpc_encode() /home/users/karan.negi/www/html/prestashop1761/modules/prestarealtimesync/classes/xmlrpc.inc:3187
[09-Jan-2020 20:23:25 Asia/Kolkata] PHP 154. php_xmlrpc_encode() /home/users/karan.negi/www/html/prestashop1761/modules/prestarealtimesync/classes/xmlrpc.inc:3187
[09-Jan-2020 20:23:25 Asia/Kolkata] PHP 155. php_xmlrpc_encode() /home/users/karan.negi/www/html/prestashop1761/modules/prestarealtimesync/classes/xmlrpc.inc:3187
[09-Jan-2020 20:23:25 Asia/Kolkata] PHP 156. php_xmlrpc_encode() /home/users/karan.negi/www/html/prestashop1761/modules/prestarealtimesync/classes/xmlrpc.inc:3211
[09-Jan-2020 20:23:25 Asia/Kolkata] PHP 157. php_xmlrpc_encode() /home/users/karan.negi/www/html/prestashop1761/modules/prestarealtimesync/classes/xmlrpc.inc:3211
[09-Jan-2020 20:23:25 Asia/Kolkata] PHP 158. php_xmlrpc_encode() /home/users/karan.negi/www/html/prestashop1761/modules/prestarealtimesync/classes/xmlrpc.inc:3187
[09-Jan-2020 20:23:25 Asia/Kolkata] PHP 159. php_xmlrpc_encode() /home/users/karan.negi/www/html/prestashop1761/modules/prestarealtimesync/classes/xmlrpc.inc:3187
[09-Jan-2020 20:28:37 Asia/Kolkata] PHP Notice:  Undefined index:  in /home/users/karan.negi/www/html/prestashop1761/classes/order/Order.php on line 944
[09-Jan-2020 20:28:37 Asia/Kolkata] PHP Stack trace:
[09-Jan-2020 20:28:37 Asia/Kolkata] PHP   1. {main}() /home/users/karan.negi/www/html/prestashop1761/admin7349hjnt3/index.php:0
[09-Jan-2020 20:28:37 Asia/Kolkata] PHP   2. Dispatcher->dispatch() /home/users/karan.negi/www/html/prestashop1761/admin7349hjnt3/index.php:97
[09-Jan-2020 20:28:37 Asia/Kolkata] PHP   3. AdminCartsController->run() /home/users/karan.negi/www/html/prestashop1761/classes/Dispatcher.php:515
[09-Jan-2020 20:28:37 Asia/Kolkata] PHP   4. AdminCartsController->displayAjaxSearchCarts() /home/users/karan.negi/www/html/prestashop1761/classes/controller/Controller.php:307
[09-Jan-2020 20:28:37 Asia/Kolkata] PHP   5. OrderCore::getCustomerOrders() /home/users/karan.negi/www/html/prestashop1761/controllers/admin/AdminCartsController.php:753
[09-Jan-2020 20:28:37 Asia/Kolkata] PHP Notice:  Undefined index:  in /home/users/karan.negi/www/html/prestashop1761/classes/order/Order.php on line 945
[09-Jan-2020 20:28:37 Asia/Kolkata] PHP Stack trace:
[09-Jan-2020 20:28:37 Asia/Kolkata] PHP   1. {main}() /home/users/karan.negi/www/html/prestashop1761/admin7349hjnt3/index.php:0
[09-Jan-2020 20:28:37 Asia/Kolkata] PHP   2. Dispatcher->dispatch() /home/users/karan.negi/www/html/prestashop1761/admin7349hjnt3/index.php:97
[09-Jan-2020 20:28:37 Asia/Kolkata] PHP   3. AdminCartsController->run() /home/users/karan.negi/www/html/prestashop1761/classes/Dispatcher.php:515
[09-Jan-2020 20:28:37 Asia/Kolkata] PHP   4. AdminCartsController->displayAjaxSearchCarts() /home/users/karan.negi/www/html/prestashop1761/classes/controller/Controller.php:307
[09-Jan-2020 20:28:37 Asia/Kolkata] PHP   5. OrderCore::getCustomerOrders() /home/users/karan.negi/www/html/prestashop1761/controllers/admin/AdminCartsController.php:753
[09-Jan-2020 20:28:37 Asia/Kolkata] PHP Notice:  Undefined index:  in /home/users/karan.negi/www/html/prestashop1761/classes/order/Order.php on line 946
[09-Jan-2020 20:28:37 Asia/Kolkata] PHP Stack trace:
[09-Jan-2020 20:28:37 Asia/Kolkata] PHP   1. {main}() /home/users/karan.negi/www/html/prestashop1761/admin7349hjnt3/index.php:0
[09-Jan-2020 20:28:37 Asia/Kolkata] PHP   2. Dispatcher->dispatch() /home/users/karan.negi/www/html/prestashop1761/admin7349hjnt3/index.php:97
[09-Jan-2020 20:28:37 Asia/Kolkata] PHP   3. AdminCartsController->run() /home/users/karan.negi/www/html/prestashop1761/classes/Dispatcher.php:515
[09-Jan-2020 20:28:37 Asia/Kolkata] PHP   4. AdminCartsController->displayAjaxSearchCarts() /home/users/karan.negi/www/html/prestashop1761/classes/controller/Controller.php:307
[09-Jan-2020 20:28:37 Asia/Kolkata] PHP   5. OrderCore::getCustomerOrders() /home/users/karan.negi/www/html/prestashop1761/controllers/admin/AdminCartsController.php:753
[09-Jan-2020 20:28:37 Asia/Kolkata] PHP Notice:  Undefined index:  in /home/users/karan.negi/www/html/prestashop1761/classes/order/Order.php on line 944
[09-Jan-2020 20:28:37 Asia/Kolkata] PHP Stack trace:
[09-Jan-2020 20:28:37 Asia/Kolkata] PHP   1. {main}() /home/users/karan.negi/www/html/prestashop1761/admin7349hjnt3/index.php:0
[09-Jan-2020 20:28:37 Asia/Kolkata] PHP   2. Dispatcher->dispatch() /home/users/karan.negi/www/html/prestashop1761/admin7349hjnt3/index.php:97
[09-Jan-2020 20:28:37 Asia/Kolkata] PHP   3. AdminCartsController->run() /home/users/karan.negi/www/html/prestashop1761/classes/Dispatcher.php:515
[09-Jan-2020 20:28:37 Asia/Kolkata] PHP   4. AdminCartsController->displayAjaxSearchCarts() /home/users/karan.negi/www/html/prestashop1761/classes/controller/Controller.php:307
[09-Jan-2020 20:28:37 Asia/Kolkata] PHP   5. OrderCore::getCustomerOrders() /home/users/karan.negi/www/html/prestashop1761/controllers/admin/AdminCartsController.php:753
[09-Jan-2020 20:28:37 Asia/Kolkata] PHP Notice:  Undefined index:  in /home/users/karan.negi/www/html/prestashop1761/classes/order/Order.php on line 945
[09-Jan-2020 20:28:37 Asia/Kolkata] PHP Stack trace:
[09-Jan-2020 20:28:37 Asia/Kolkata] PHP   1. {main}() /home/users/karan.negi/www/html/prestashop1761/admin7349hjnt3/index.php:0
[09-Jan-2020 20:28:37 Asia/Kolkata] PHP   2. Dispatcher->dispatch() /home/users/karan.negi/www/html/prestashop1761/admin7349hjnt3/index.php:97
[09-Jan-2020 20:28:37 Asia/Kolkata] PHP   3. AdminCartsController->run() /home/users/karan.negi/www/html/prestashop1761/classes/Dispatcher.php:515
[09-Jan-2020 20:28:37 Asia/Kolkata] PHP   4. AdminCartsController->displayAjaxSearchCarts() /home/users/karan.negi/www/html/prestashop1761/classes/controller/Controller.php:307
[09-Jan-2020 20:28:37 Asia/Kolkata] PHP   5. OrderCore::getCustomerOrders() /home/users/karan.negi/www/html/prestashop1761/controllers/admin/AdminCartsController.php:753
[09-Jan-2020 20:28:37 Asia/Kolkata] PHP Notice:  Undefined index:  in /home/users/karan.negi/www/html/prestashop1761/classes/order/Order.php on line 946
[09-Jan-2020 20:28:37 Asia/Kolkata] PHP Stack trace:
[09-Jan-2020 20:28:37 Asia/Kolkata] PHP   1. {main}() /home/users/karan.negi/www/html/prestashop1761/admin7349hjnt3/index.php:0
[09-Jan-2020 20:28:37 Asia/Kolkata] PHP   2. Dispatcher->dispatch() /home/users/karan.negi/www/html/prestashop1761/admin7349hjnt3/index.php:97
[09-Jan-2020 20:28:37 Asia/Kolkata] PHP   3. AdminCartsController->run() /home/users/karan.negi/www/html/prestashop1761/classes/Dispatcher.php:515
[09-Jan-2020 20:28:37 Asia/Kolkata] PHP   4. AdminCartsController->displayAjaxSearchCarts() /home/users/karan.negi/www/html/prestashop1761/classes/controller/Controller.php:307
[09-Jan-2020 20:28:37 Asia/Kolkata] PHP   5. OrderCore::getCustomerOrders() /home/users/karan.negi/www/html/prestashop1761/controllers/admin/AdminCartsController.php:753
[09-Jan-2020 20:28:37 Asia/Kolkata] PHP Notice:  Undefined index:  in /home/users/karan.negi/www/html/prestashop1761/classes/order/Order.php on line 944
[09-Jan-2020 20:28:37 Asia/Kolkata] PHP Stack trace:
[09-Jan-2020 20:28:37 Asia/Kolkata] PHP   1. {main}() /home/users/karan.negi/www/html/prestashop1761/admin7349hjnt3/index.php:0
[09-Jan-2020 20:28:37 Asia/Kolkata] PHP   2. Dispatcher->dispatch() /home/users/karan.negi/www/html/prestashop1761/admin7349hjnt3/index.php:97
[09-Jan-2020 20:28:37 Asia/Kolkata] PHP   3. AdminCartsController->run() /home/users/karan.negi/www/html/prestashop1761/classes/Dispatcher.php:515
[09-Jan-2020 20:28:37 Asia/Kolkata] PHP   4. AdminCartsController->displayAjaxSearchCarts() /home/users/karan.negi/www/html/prestashop1761/classes/controller/Controller.php:307
[09-Jan-2020 20:28:37 Asia/Kolkata] PHP   5. OrderCore::getCustomerOrders() /home/users/karan.negi/www/html/prestashop1761/controllers/admin/AdminCartsController.php:753
[09-Jan-2020 20:28:37 Asia/Kolkata] PHP Notice:  Undefined index:  in /home/users/karan.negi/www/html/prestashop1761/classes/order/Order.php on line 945
[09-Jan-2020 20:28:37 Asia/Kolkata] PHP Stack trace:
[09-Jan-2020 20:28:37 Asia/Kolkata] PHP   1. {main}() /home/users/karan.negi/www/html/prestashop1761/admin7349hjnt3/index.php:0
[09-Jan-2020 20:28:37 Asia/Kolkata] PHP   2. Dispatcher->dispatch() /home/users/karan.negi/www/html/prestashop1761/admin7349hjnt3/index.php:97
[09-Jan-2020 20:28:37 Asia/Kolkata] PHP   3. AdminCartsController->run() /home/users/karan.negi/www/html/prestashop1761/classes/Dispatcher.php:515
[09-Jan-2020 20:28:37 Asia/Kolkata] PHP   4. AdminCartsController->displayAjaxSearchCarts() /home/users/karan.negi/www/html/prestashop1761/classes/controller/Controller.php:307
[09-Jan-2020 20:28:37 Asia/Kolkata] PHP   5. OrderCore::getCustomerOrders() /home/users/karan.negi/www/html/prestashop1761/controllers/admin/AdminCartsController.php:753
[09-Jan-2020 20:28:37 Asia/Kolkata] PHP Notice:  Undefined index:  in /home/users/karan.negi/www/html/prestashop1761/classes/order/Order.php on line 946
[09-Jan-2020 20:28:37 Asia/Kolkata] PHP Stack trace:
[09-Jan-2020 20:28:37 Asia/Kolkata] PHP   1. {main}() /home/users/karan.negi/www/html/prestashop1761/admin7349hjnt3/index.php:0
[09-Jan-2020 20:28:37 Asia/Kolkata] PHP   2. Dispatcher->dispatch() /home/users/karan.negi/www/html/prestashop1761/admin7349hjnt3/index.php:97
[09-Jan-2020 20:28:37 Asia/Kolkata] PHP   3. AdminCartsController->run() /home/users/karan.negi/www/html/prestashop1761/classes/Dispatcher.php:515
[09-Jan-2020 20:28:37 Asia/Kolkata] PHP   4. AdminCartsController->displayAjaxSearchCarts() /home/users/karan.negi/www/html/prestashop1761/classes/controller/Controller.php:307
[09-Jan-2020 20:28:37 Asia/Kolkata] PHP   5. OrderCore::getCustomerOrders() /home/users/karan.negi/www/html/prestashop1761/controllers/admin/AdminCartsController.php:753
[09-Jan-2020 20:28:37 Asia/Kolkata] PHP Notice:  Undefined index:  in /home/users/karan.negi/www/html/prestashop1761/classes/order/Order.php on line 944
[09-Jan-2020 20:28:37 Asia/Kolkata] PHP Stack trace:
[09-Jan-2020 20:28:37 Asia/Kolkata] PHP   1. {main}() /home/users/karan.negi/www/html/prestashop1761/admin7349hjnt3/index.php:0
[09-Jan-2020 20:28:37 Asia/Kolkata] PHP   2. Dispatcher->dispatch() /home/users/karan.negi/www/html/prestashop1761/admin7349hjnt3/index.php:97
[09-Jan-2020 20:28:37 Asia/Kolkata] PHP   3. AdminCartsController->run() /home/users/karan.negi/www/html/prestashop1761/classes/Dispatcher.php:515
[09-Jan-2020 20:28:37 Asia/Kolkata] PHP   4. AdminCartsController->displayAjaxSearchCarts() /home/users/karan.negi/www/html/prestashop1761/classes/controller/Controller.php:307
[09-Jan-2020 20:28:37 Asia/Kolkata] PHP   5. OrderCore::getCustomerOrders() /home/users/karan.negi/www/html/prestashop1761/controllers/admin/AdminCartsController.php:753
[09-Jan-2020 20:28:37 Asia/Kolkata] PHP Notice:  Undefined index:  in /home/users/karan.negi/www/html/prestashop1761/classes/order/Order.php on line 945
[09-Jan-2020 20:28:37 Asia/Kolkata] PHP Stack trace:
[09-Jan-2020 20:28:37 Asia/Kolkata] PHP   1. {main}() /home/users/karan.negi/www/html/prestashop1761/admin7349hjnt3/index.php:0
[09-Jan-2020 20:28:37 Asia/Kolkata] PHP   2. Dispatcher->dispatch() /home/users/karan.negi/www/html/prestashop1761/admin7349hjnt3/index.php:97
[09-Jan-2020 20:28:37 Asia/Kolkata] PHP   3. AdminCartsController->run() /home/users/karan.negi/www/html/prestashop1761/classes/Dispatcher.php:515
[09-Jan-2020 20:28:37 Asia/Kolkata] PHP   4. AdminCartsController->displayAjaxSearchCarts() /home/users/karan.negi/www/html/prestashop1761/classes/controller/Controller.php:307
[09-Jan-2020 20:28:37 Asia/Kolkata] PHP   5. OrderCore::getCustomerOrders() /home/users/karan.negi/www/html/prestashop1761/controllers/admin/AdminCartsController.php:753
[09-Jan-2020 20:28:37 Asia/Kolkata] PHP Notice:  Undefined index:  in /home/users/karan.negi/www/html/prestashop1761/classes/order/Order.php on line 946
[09-Jan-2020 20:28:37 Asia/Kolkata] PHP Stack trace:
[09-Jan-2020 20:28:37 Asia/Kolkata] PHP   1. {main}() /home/users/karan.negi/www/html/prestashop1761/admin7349hjnt3/index.php:0
[09-Jan-2020 20:28:37 Asia/Kolkata] PHP   2. Dispatcher->dispatch() /home/users/karan.negi/www/html/prestashop1761/admin7349hjnt3/index.php:97
[09-Jan-2020 20:28:37 Asia/Kolkata] PHP   3. AdminCartsController->run() /home/users/karan.negi/www/html/prestashop1761/classes/Dispatcher.php:515
[09-Jan-2020 20:28:37 Asia/Kolkata] PHP   4. AdminCartsController->displayAjaxSearchCarts() /home/users/karan.negi/www/html/prestashop1761/classes/controller/Controller.php:307
[09-Jan-2020 20:28:37 Asia/Kolkata] PHP   5. OrderCore::getCustomerOrders() /home/users/karan.negi/www/html/prestashop1761/controllers/admin/AdminCartsController.php:753
[09-Jan-2020 20:28:37 Asia/Kolkata] PHP Notice:  Undefined index:  in /home/users/karan.negi/www/html/prestashop1761/classes/order/Order.php on line 944
[09-Jan-2020 20:28:37 Asia/Kolkata] PHP Stack trace:
[09-Jan-2020 20:28:37 Asia/Kolkata] PHP   1. {main}() /home/users/karan.negi/www/html/prestashop1761/admin7349hjnt3/index.php:0
[09-Jan-2020 20:28:37 Asia/Kolkata] PHP   2. Dispatcher->dispatch() /home/users/karan.negi/www/html/prestashop1761/admin7349hjnt3/index.php:97
[09-Jan-2020 20:28:37 Asia/Kolkata] PHP   3. AdminCartsController->run() /home/users/karan.negi/www/html/prestashop1761/classes/Dispatcher.php:515
[09-Jan-2020 20:28:37 Asia/Kolkata] PHP   4. AdminCartsController->displayAjaxSearchCarts() /home/users/karan.negi/www/html/prestashop1761/classes/controller/Controller.php:307
[09-Jan-2020 20:28:37 Asia/Kolkata] PHP   5. OrderCore::getCustomerOrders() /home/users/karan.negi/www/html/prestashop1761/controllers/admin/AdminCartsController.php:753
[09-Jan-2020 20:28:37 Asia/Kolkata] PHP Notice:  Undefined index:  in /home/users/karan.negi/www/html/prestashop1761/classes/order/Order.php on line 945
[09-Jan-2020 20:28:37 Asia/Kolkata] PHP Stack trace:
[09-Jan-2020 20:28:37 Asia/Kolkata] PHP   1. {main}() /home/users/karan.negi/www/html/prestashop1761/admin7349hjnt3/index.php:0
[09-Jan-2020 20:28:37 Asia/Kolkata] PHP   2. Dispatcher->dispatch() /home/users/karan.negi/www/html/prestashop1761/admin7349hjnt3/index.php:97
[09-Jan-2020 20:28:37 Asia/Kolkata] PHP   3. AdminCartsController->run() /home/users/karan.negi/www/html/prestashop1761/classes/Dispatcher.php:515
[09-Jan-2020 20:28:37 Asia/Kolkata] PHP   4. AdminCartsController->displayAjaxSearchCarts() /home/users/karan.negi/www/html/prestashop1761/classes/controller/Controller.php:307
[09-Jan-2020 20:28:37 Asia/Kolkata] PHP   5. OrderCore::getCustomerOrders() /home/users/karan.negi/www/html/prestashop1761/controllers/admin/AdminCartsController.php:753
[09-Jan-2020 20:28:37 Asia/Kolkata] PHP Notice:  Undefined index:  in /home/users/karan.negi/www/html/prestashop1761/classes/order/Order.php on line 946
[09-Jan-2020 20:28:37 Asia/Kolkata] PHP Stack trace:
[09-Jan-2020 20:28:37 Asia/Kolkata] PHP   1. {main}() /home/users/karan.negi/www/html/prestashop1761/admin7349hjnt3/index.php:0
[09-Jan-2020 20:28:37 Asia/Kolkata] PHP   2. Dispatcher->dispatch() /home/users/karan.negi/www/html/prestashop1761/admin7349hjnt3/index.php:97
[09-Jan-2020 20:28:37 Asia/Kolkata] PHP   3. AdminCartsController->run() /home/users/karan.negi/www/html/prestashop1761/classes/Dispatcher.php:515
[09-Jan-2020 20:28:37 Asia/Kolkata] PHP   4. AdminCartsController->displayAjaxSearchCarts() /home/users/karan.negi/www/html/prestashop1761/classes/controller/Controller.php:307
[09-Jan-2020 20:28:37 Asia/Kolkata] PHP   5. OrderCore::getCustomerOrders() /home/users/karan.negi/www/html/prestashop1761/controllers/admin/AdminCartsController.php:753
[09-Jan-2020 20:28:37 Asia/Kolkata] PHP Notice:  Undefined index:  in /home/users/karan.negi/www/html/prestashop1761/classes/order/Order.php on line 944
[09-Jan-2020 20:28:37 Asia/Kolkata] PHP Stack trace:
[09-Jan-2020 20:28:37 Asia/Kolkata] PHP   1. {main}() /home/users/karan.negi/www/html/prestashop1761/admin7349hjnt3/index.php:0
[09-Jan-2020 20:28:37 Asia/Kolkata] PHP   2. Dispatcher->dispatch() /home/users/karan.negi/www/html/prestashop1761/admin7349hjnt3/index.php:97
[09-Jan-2020 20:28:37 Asia/Kolkata] PHP   3. AdminCartsController->run() /home/users/karan.negi/www/html/prestashop1761/classes/Dispatcher.php:515
[09-Jan-2020 20:28:37 Asia/Kolkata] PHP   4. AdminCartsController->displayAjaxSearchCarts() /home/users/karan.negi/www/html/prestashop1761/classes/controller/Controller.php:307
[09-Jan-2020 20:28:37 Asia/Kolkata] PHP   5. OrderCore::getCustomerOrders() /home/users/karan.negi/www/html/prestashop1761/controllers/admin/AdminCartsController.php:753
[09-Jan-2020 20:28:37 Asia/Kolkata] PHP Notice:  Undefined index:  in /home/users/karan.negi/www/html/prestashop1761/classes/order/Order.php on line 945
[09-Jan-2020 20:28:37 Asia/Kolkata] PHP Stack trace:
[09-Jan-2020 20:28:37 Asia/Kolkata] PHP   1. {main}() /home/users/karan.negi/www/html/prestashop1761/admin7349hjnt3/index.php:0
[09-Jan-2020 20:28:37 Asia/Kolkata] PHP   2. Dispatcher->dispatch() /home/users/karan.negi/www/html/prestashop1761/admin7349hjnt3/index.php:97
[09-Jan-2020 20:28:37 Asia/Kolkata] PHP   3. AdminCartsController->run() /home/users/karan.negi/www/html/prestashop1761/classes/Dispatcher.php:515
[09-Jan-2020 20:28:37 Asia/Kolkata] PHP   4. AdminCartsController->displayAjaxSearchCarts() /home/users/karan.negi/www/html/prestashop1761/classes/controller/Controller.php:307
[09-Jan-2020 20:28:37 Asia/Kolkata] PHP   5. OrderCore::getCustomerOrders() /home/users/karan.negi/www/html/prestashop1761/controllers/admin/AdminCartsController.php:753
[09-Jan-2020 20:28:37 Asia/Kolkata] PHP Notice:  Undefined index:  in /home/users/karan.negi/www/html/prestashop1761/classes/order/Order.php on line 946
[09-Jan-2020 20:28:37 Asia/Kolkata] PHP Stack trace:
[09-Jan-2020 20:28:37 Asia/Kolkata] PHP   1. {main}() /home/users/karan.negi/www/html/prestashop1761/admin7349hjnt3/index.php:0
[09-Jan-2020 20:28:37 Asia/Kolkata] PHP   2. Dispatcher->dispatch() /home/users/karan.negi/www/html/prestashop1761/admin7349hjnt3/index.php:97
[09-Jan-2020 20:28:37 Asia/Kolkata] PHP   3. AdminCartsController->run() /home/users/karan.negi/www/html/prestashop1761/classes/Dispatcher.php:515
[09-Jan-2020 20:28:37 Asia/Kolkata] PHP   4. AdminCartsController->displayAjaxSearchCarts() /home/users/karan.negi/www/html/prestashop1761/classes/controller/Controller.php:307
[09-Jan-2020 20:28:37 Asia/Kolkata] PHP   5. OrderCore::getCustomerOrders() /home/users/karan.negi/www/html/prestashop1761/controllers/admin/AdminCartsController.php:753
[09-Jan-2020 20:28:37 Asia/Kolkata] PHP Notice:  Undefined index:  in /home/users/karan.negi/www/html/prestashop1761/classes/order/Order.php on line 944
[09-Jan-2020 20:28:37 Asia/Kolkata] PHP Stack trace:
[09-Jan-2020 20:28:37 Asia/Kolkata] PHP   1. {main}() /home/users/karan.negi/www/html/prestashop1761/admin7349hjnt3/index.php:0
[09-Jan-2020 20:28:37 Asia/Kolkata] PHP   2. Dispatcher->dispatch() /home/users/karan.negi/www/html/prestashop1761/admin7349hjnt3/index.php:97
[09-Jan-2020 20:28:37 Asia/Kolkata] PHP   3. AdminCartsController->run() /home/users/karan.negi/www/html/prestashop1761/classes/Dispatcher.php:515
[09-Jan-2020 20:28:37 Asia/Kolkata] PHP   4. AdminCartsController->displayAjaxSearchCarts() /home/users/karan.negi/www/html/prestashop1761/classes/controller/Controller.php:307
[09-Jan-2020 20:28:37 Asia/Kolkata] PHP   5. OrderCore::getCustomerOrders() /home/users/karan.negi/www/html/prestashop1761/controllers/admin/AdminCartsController.php:753
[09-Jan-2020 20:28:37 Asia/Kolkata] PHP Notice:  Undefined index:  in /home/users/karan.negi/www/html/prestashop1761/classes/order/Order.php on line 945
[09-Jan-2020 20:28:37 Asia/Kolkata] PHP Stack trace:
[09-Jan-2020 20:28:37 Asia/Kolkata] PHP   1. {main}() /home/users/karan.negi/www/html/prestashop1761/admin7349hjnt3/index.php:0
[09-Jan-2020 20:28:37 Asia/Kolkata] PHP   2. Dispatcher->dispatch() /home/users/karan.negi/www/html/prestashop1761/admin7349hjnt3/index.php:97
[09-Jan-2020 20:28:37 Asia/Kolkata] PHP   3. AdminCartsController->run() /home/users/karan.negi/www/html/prestashop1761/classes/Dispatcher.php:515
[09-Jan-2020 20:28:37 Asia/Kolkata] PHP   4. AdminCartsController->displayAjaxSearchCarts() /home/users/karan.negi/www/html/prestashop1761/classes/controller/Controller.php:307
[09-Jan-2020 20:28:37 Asia/Kolkata] PHP   5. OrderCore::getCustomerOrders() /home/users/karan.negi/www/html/prestashop1761/controllers/admin/AdminCartsController.php:753
[09-Jan-2020 20:28:37 Asia/Kolkata] PHP Notice:  Undefined index:  in /home/users/karan.negi/www/html/prestashop1761/classes/order/Order.php on line 946
[09-Jan-2020 20:28:37 Asia/Kolkata] PHP Stack trace:
[09-Jan-2020 20:28:37 Asia/Kolkata] PHP   1. {main}() /home/users/karan.negi/www/html/prestashop1761/admin7349hjnt3/index.php:0
[09-Jan-2020 20:28:37 Asia/Kolkata] PHP   2. Dispatcher->dispatch() /home/users/karan.negi/www/html/prestashop1761/admin7349hjnt3/index.php:97
[09-Jan-2020 20:28:37 Asia/Kolkata] PHP   3. AdminCartsController->run() /home/users/karan.negi/www/html/prestashop1761/classes/Dispatcher.php:515
[09-Jan-2020 20:28:37 Asia/Kolkata] PHP   4. AdminCartsController->displayAjaxSearchCarts() /home/users/karan.negi/www/html/prestashop1761/classes/controller/Controller.php:307
[09-Jan-2020 20:28:37 Asia/Kolkata] PHP   5. OrderCore::getCustomerOrders() /home/users/karan.negi/www/html/prestashop1761/controllers/admin/AdminCartsController.php:753
[09-Jan-2020 20:28:37 Asia/Kolkata] PHP Notice:  Undefined index:  in /home/users/karan.negi/www/html/prestashop1761/classes/order/Order.php on line 944
[09-Jan-2020 20:28:37 Asia/Kolkata] PHP Stack trace:
[09-Jan-2020 20:28:37 Asia/Kolkata] PHP   1. {main}() /home/users/karan.negi/www/html/prestashop1761/admin7349hjnt3/index.php:0
[09-Jan-2020 20:28:37 Asia/Kolkata] PHP   2. Dispatcher->dispatch() /home/users/karan.negi/www/html/prestashop1761/admin7349hjnt3/index.php:97
[09-Jan-2020 20:28:37 Asia/Kolkata] PHP   3. AdminCartsController->run() /home/users/karan.negi/www/html/prestashop1761/classes/Dispatcher.php:515
[09-Jan-2020 20:28:37 Asia/Kolkata] PHP   4. AdminCartsController->displayAjaxSearchCarts() /home/users/karan.negi/www/html/prestashop1761/classes/controller/Controller.php:307
[09-Jan-2020 20:28:37 Asia/Kolkata] PHP   5. OrderCore::getCustomerOrders() /home/users/karan.negi/www/html/prestashop1761/controllers/admin/AdminCartsController.php:753
[09-Jan-2020 20:28:37 Asia/Kolkata] PHP Notice:  Undefined index:  in /home/users/karan.negi/www/html/prestashop1761/classes/order/Order.php on line 945
[09-Jan-2020 20:28:37 Asia/Kolkata] PHP Stack trace:
[09-Jan-2020 20:28:37 Asia/Kolkata] PHP   1. {main}() /home/users/karan.negi/www/html/prestashop1761/admin7349hjnt3/index.php:0
[09-Jan-2020 20:28:37 Asia/Kolkata] PHP   2. Dispatcher->dispatch() /home/users/karan.negi/www/html/prestashop1761/admin7349hjnt3/index.php:97
[09-Jan-2020 20:28:37 Asia/Kolkata] PHP   3. AdminCartsController->run() /home/users/karan.negi/www/html/prestashop1761/classes/Dispatcher.php:515
[09-Jan-2020 20:28:37 Asia/Kolkata] PHP   4. AdminCartsController->displayAjaxSearchCarts() /home/users/karan.negi/www/html/prestashop1761/classes/controller/Controller.php:307
[09-Jan-2020 20:28:37 Asia/Kolkata] PHP   5. OrderCore::getCustomerOrders() /home/users/karan.negi/www/html/prestashop1761/controllers/admin/AdminCartsController.php:753
[09-Jan-2020 20:28:37 Asia/Kolkata] PHP Notice:  Undefined index:  in /home/users/karan.negi/www/html/prestashop1761/classes/order/Order.php on line 946
[09-Jan-2020 20:28:37 Asia/Kolkata] PHP Stack trace:
[09-Jan-2020 20:28:37 Asia/Kolkata] PHP   1. {main}() /home/users/karan.negi/www/html/prestashop1761/admin7349hjnt3/index.php:0
[09-Jan-2020 20:28:37 Asia/Kolkata] PHP   2. Dispatcher->dispatch() /home/users/karan.negi/www/html/prestashop1761/admin7349hjnt3/index.php:97
[09-Jan-2020 20:28:37 Asia/Kolkata] PHP   3. AdminCartsController->run() /home/users/karan.negi/www/html/prestashop1761/classes/Dispatcher.php:515
[09-Jan-2020 20:28:37 Asia/Kolkata] PHP   4. AdminCartsController->displayAjaxSearchCarts() /home/users/karan.negi/www/html/prestashop1761/classes/controller/Controller.php:307
[09-Jan-2020 20:28:37 Asia/Kolkata] PHP   5. OrderCore::getCustomerOrders() /home/users/karan.negi/www/html/prestashop1761/controllers/admin/AdminCartsController.php:753
[09-Jan-2020 20:28:37 Asia/Kolkata] PHP Notice:  Undefined index:  in /home/users/karan.negi/www/html/prestashop1761/classes/order/Order.php on line 944
[09-Jan-2020 20:28:37 Asia/Kolkata] PHP Stack trace:
[09-Jan-2020 20:28:37 Asia/Kolkata] PHP   1. {main}() /home/users/karan.negi/www/html/prestashop1761/admin7349hjnt3/index.php:0
[09-Jan-2020 20:28:37 Asia/Kolkata] PHP   2. Dispatcher->dispatch() /home/users/karan.negi/www/html/prestashop1761/admin7349hjnt3/index.php:97
[09-Jan-2020 20:28:37 Asia/Kolkata] PHP   3. AdminCartsController->run() /home/users/karan.negi/www/html/prestashop1761/classes/Dispatcher.php:515
[09-Jan-2020 20:28:37 Asia/Kolkata] PHP   4. AdminCartsController->displayAjaxSearchCarts() /home/users/karan.negi/www/html/prestashop1761/classes/controller/Controller.php:307
[09-Jan-2020 20:28:37 Asia/Kolkata] PHP   5. OrderCore::getCustomerOrders() /home/users/karan.negi/www/html/prestashop1761/controllers/admin/AdminCartsController.php:753
[09-Jan-2020 20:28:37 Asia/Kolkata] PHP Notice:  Undefined index:  in /home/users/karan.negi/www/html/prestashop1761/classes/order/Order.php on line 945
[09-Jan-2020 20:28:37 Asia/Kolkata] PHP Stack trace:
[09-Jan-2020 20:28:37 Asia/Kolkata] PHP   1. {main}() /home/users/karan.negi/www/html/prestashop1761/admin7349hjnt3/index.php:0
[09-Jan-2020 20:28:37 Asia/Kolkata] PHP   2. Dispatcher->dispatch() /home/users/karan.negi/www/html/prestashop1761/admin7349hjnt3/index.php:97
[09-Jan-2020 20:28:37 Asia/Kolkata] PHP   3. AdminCartsController->run() /home/users/karan.negi/www/html/prestashop1761/classes/Dispatcher.php:515
[09-Jan-2020 20:28:37 Asia/Kolkata] PHP   4. AdminCartsController->displayAjaxSearchCarts() /home/users/karan.negi/www/html/prestashop1761/classes/controller/Controller.php:307
[09-Jan-2020 20:28:37 Asia/Kolkata] PHP   5. OrderCore::getCustomerOrders() /home/users/karan.negi/www/html/prestashop1761/controllers/admin/AdminCartsController.php:753
[09-Jan-2020 20:28:37 Asia/Kolkata] PHP Notice:  Undefined index:  in /home/users/karan.negi/www/html/prestashop1761/classes/order/Order.php on line 946
[09-Jan-2020 20:28:37 Asia/Kolkata] PHP Stack trace:
[09-Jan-2020 20:28:37 Asia/Kolkata] PHP   1. {main}() /home/users/karan.negi/www/html/prestashop1761/admin7349hjnt3/index.php:0
[09-Jan-2020 20:28:37 Asia/Kolkata] PHP   2. Dispatcher->dispatch() /home/users/karan.negi/www/html/prestashop1761/admin7349hjnt3/index.php:97
[09-Jan-2020 20:28:37 Asia/Kolkata] PHP   3. AdminCartsController->run() /home/users/karan.negi/www/html/prestashop1761/classes/Dispatcher.php:515
[09-Jan-2020 20:28:37 Asia/Kolkata] PHP   4. AdminCartsController->displayAjaxSearchCarts() /home/users/karan.negi/www/html/prestashop1761/classes/controller/Controller.php:307
[09-Jan-2020 20:28:37 Asia/Kolkata] PHP   5. OrderCore::getCustomerOrders() /home/users/karan.negi/www/html/prestashop1761/controllers/admin/AdminCartsController.php:753
[09-Jan-2020 20:28:37 Asia/Kolkata] PHP Notice:  Undefined index:  in /home/users/karan.negi/www/html/prestashop1761/classes/order/Order.php on line 944
[09-Jan-2020 20:28:37 Asia/Kolkata] PHP Stack trace:
[09-Jan-2020 20:28:37 Asia/Kolkata] PHP   1. {main}() /home/users/karan.negi/www/html/prestashop1761/admin7349hjnt3/index.php:0
[09-Jan-2020 20:28:37 Asia/Kolkata] PHP   2. Dispatcher->dispatch() /home/users/karan.negi/www/html/prestashop1761/admin7349hjnt3/index.php:97
[09-Jan-2020 20:28:37 Asia/Kolkata] PHP   3. AdminCartsController->run() /home/users/karan.negi/www/html/prestashop1761/classes/Dispatcher.php:515
[09-Jan-2020 20:28:37 Asia/Kolkata] PHP   4. AdminCartsController->displayAjaxSearchCarts() /home/users/karan.negi/www/html/prestashop1761/classes/controller/Controller.php:307
[09-Jan-2020 20:28:37 Asia/Kolkata] PHP   5. OrderCore::getCustomerOrders() /home/users/karan.negi/www/html/prestashop1761/controllers/admin/AdminCartsController.php:753
[09-Jan-2020 20:28:37 Asia/Kolkata] PHP Notice:  Undefined index:  in /home/users/karan.negi/www/html/prestashop1761/classes/order/Order.php on line 945
[09-Jan-2020 20:28:37 Asia/Kolkata] PHP Stack trace:
[09-Jan-2020 20:28:37 Asia/Kolkata] PHP   1. {main}() /home/users/karan.negi/www/html/prestashop1761/admin7349hjnt3/index.php:0
[09-Jan-2020 20:28:37 Asia/Kolkata] PHP   2. Dispatcher->dispatch() /home/users/karan.negi/www/html/prestashop1761/admin7349hjnt3/index.php:97
[09-Jan-2020 20:28:37 Asia/Kolkata] PHP   3. AdminCartsController->run() /home/users/karan.negi/www/html/prestashop1761/classes/Dispatcher.php:515
[09-Jan-2020 20:28:37 Asia/Kolkata] PHP   4. AdminCartsController->displayAjaxSearchCarts() /home/users/karan.negi/www/html/prestashop1761/classes/controller/Controller.php:307
[09-Jan-2020 20:28:37 Asia/Kolkata] PHP   5. OrderCore::getCustomerOrders() /home/users/karan.negi/www/html/prestashop1761/controllers/admin/AdminCartsController.php:753
[09-Jan-2020 20:28:37 Asia/Kolkata] PHP Notice:  Undefined index:  in /home/users/karan.negi/www/html/prestashop1761/classes/order/Order.php on line 946
[09-Jan-2020 20:28:37 Asia/Kolkata] PHP Stack trace:
[09-Jan-2020 20:28:37 Asia/Kolkata] PHP   1. {main}() /home/users/karan.negi/www/html/prestashop1761/admin7349hjnt3/index.php:0
[09-Jan-2020 20:28:37 Asia/Kolkata] PHP   2. Dispatcher->dispatch() /home/users/karan.negi/www/html/prestashop1761/admin7349hjnt3/index.php:97
[09-Jan-2020 20:28:37 Asia/Kolkata] PHP   3. AdminCartsController->run() /home/users/karan.negi/www/html/prestashop1761/classes/Dispatcher.php:515
[09-Jan-2020 20:28:37 Asia/Kolkata] PHP   4. AdminCartsController->displayAjaxSearchCarts() /home/users/karan.negi/www/html/prestashop1761/classes/controller/Controller.php:307
[09-Jan-2020 20:28:37 Asia/Kolkata] PHP   5. OrderCore::getCustomerOrders() /home/users/karan.negi/www/html/prestashop1761/controllers/admin/AdminCartsController.php:753
[09-Jan-2020 20:28:37 Asia/Kolkata] PHP Notice:  Undefined index:  in /home/users/karan.negi/www/html/prestashop1761/classes/order/Order.php on line 944
[09-Jan-2020 20:28:37 Asia/Kolkata] PHP Stack trace:
[09-Jan-2020 20:28:37 Asia/Kolkata] PHP   1. {main}() /home/users/karan.negi/www/html/prestashop1761/admin7349hjnt3/index.php:0
[09-Jan-2020 20:28:37 Asia/Kolkata] PHP   2. Dispatcher->dispatch() /home/users/karan.negi/www/html/prestashop1761/admin7349hjnt3/index.php:97
[09-Jan-2020 20:28:37 Asia/Kolkata] PHP   3. AdminCartsController->run() /home/users/karan.negi/www/html/prestashop1761/classes/Dispatcher.php:515
[09-Jan-2020 20:28:37 Asia/Kolkata] PHP   4. AdminCartsController->displayAjaxSearchCarts() /home/users/karan.negi/www/html/prestashop1761/classes/controller/Controller.php:307
[09-Jan-2020 20:28:37 Asia/Kolkata] PHP   5. OrderCore::getCustomerOrders() /home/users/karan.negi/www/html/prestashop1761/controllers/admin/AdminCartsController.php:753
[09-Jan-2020 20:28:37 Asia/Kolkata] PHP Notice:  Undefined index:  in /home/users/karan.negi/www/html/prestashop1761/classes/order/Order.php on line 945
[09-Jan-2020 20:28:37 Asia/Kolkata] PHP Stack trace:
[09-Jan-2020 20:28:37 Asia/Kolkata] PHP   1. {main}() /home/users/karan.negi/www/html/prestashop1761/admin7349hjnt3/index.php:0
[09-Jan-2020 20:28:37 Asia/Kolkata] PHP   2. Dispatcher->dispatch() /home/users/karan.negi/www/html/prestashop1761/admin7349hjnt3/index.php:97
[09-Jan-2020 20:28:37 Asia/Kolkata] PHP   3. AdminCartsController->run() /home/users/karan.negi/www/html/prestashop1761/classes/Dispatcher.php:515
[09-Jan-2020 20:28:37 Asia/Kolkata] PHP   4. AdminCartsController->displayAjaxSearchCarts() /home/users/karan.negi/www/html/prestashop1761/classes/controller/Controller.php:307
[09-Jan-2020 20:28:37 Asia/Kolkata] PHP   5. OrderCore::getCustomerOrders() /home/users/karan.negi/www/html/prestashop1761/controllers/admin/AdminCartsController.php:753
[09-Jan-2020 20:28:37 Asia/Kolkata] PHP Notice:  Undefined index:  in /home/users/karan.negi/www/html/prestashop1761/classes/order/Order.php on line 946
[09-Jan-2020 20:28:37 Asia/Kolkata] PHP Stack trace:
[09-Jan-2020 20:28:37 Asia/Kolkata] PHP   1. {main}() /home/users/karan.negi/www/html/prestashop1761/admin7349hjnt3/index.php:0
[09-Jan-2020 20:28:37 Asia/Kolkata] PHP   2. Dispatcher->dispatch() /home/users/karan.negi/www/html/prestashop1761/admin7349hjnt3/index.php:97
[09-Jan-2020 20:28:37 Asia/Kolkata] PHP   3. AdminCartsController->run() /home/users/karan.negi/www/html/prestashop1761/classes/Dispatcher.php:515
[09-Jan-2020 20:28:37 Asia/Kolkata] PHP   4. AdminCartsController->displayAjaxSearchCarts() /home/users/karan.negi/www/html/prestashop1761/classes/controller/Controller.php:307
[09-Jan-2020 20:28:37 Asia/Kolkata] PHP   5. OrderCore::getCustomerOrders() /home/users/karan.negi/www/html/prestashop1761/controllers/admin/AdminCartsController.php:753
[09-Jan-2020 20:28:37 Asia/Kolkata] PHP Notice:  Undefined index:  in /home/users/karan.negi/www/html/prestashop1761/classes/order/Order.php on line 944
[09-Jan-2020 20:28:37 Asia/Kolkata] PHP Stack trace:
[09-Jan-2020 20:28:37 Asia/Kolkata] PHP   1. {main}() /home/users/karan.negi/www/html/prestashop1761/admin7349hjnt3/index.php:0
[09-Jan-2020 20:28:37 Asia/Kolkata] PHP   2. Dispatcher->dispatch() /home/users/karan.negi/www/html/prestashop1761/admin7349hjnt3/index.php:97
[09-Jan-2020 20:28:37 Asia/Kolkata] PHP   3. AdminCartsController->run() /home/users/karan.negi/www/html/prestashop1761/classes/Dispatcher.php:515
[09-Jan-2020 20:28:37 Asia/Kolkata] PHP   4. AdminCartsController->displayAjaxSearchCarts() /home/users/karan.negi/www/html/prestashop1761/classes/controller/Controller.php:307
[09-Jan-2020 20:28:37 Asia/Kolkata] PHP   5. OrderCore::getCustomerOrders() /home/users/karan.negi/www/html/prestashop1761/controllers/admin/AdminCartsController.php:753
[09-Jan-2020 20:28:37 Asia/Kolkata] PHP Notice:  Undefined index:  in /home/users/karan.negi/www/html/prestashop1761/classes/order/Order.php on line 945
[09-Jan-2020 20:28:37 Asia/Kolkata] PHP Stack trace:
[09-Jan-2020 20:28:37 Asia/Kolkata] PHP   1. {main}() /home/users/karan.negi/www/html/prestashop1761/admin7349hjnt3/index.php:0
[09-Jan-2020 20:28:37 Asia/Kolkata] PHP   2. Dispatcher->dispatch() /home/users/karan.negi/www/html/prestashop1761/admin7349hjnt3/index.php:97
[09-Jan-2020 20:28:37 Asia/Kolkata] PHP   3. AdminCartsController->run() /home/users/karan.negi/www/html/prestashop1761/classes/Dispatcher.php:515
[09-Jan-2020 20:28:37 Asia/Kolkata] PHP   4. AdminCartsController->displayAjaxSearchCarts() /home/users/karan.negi/www/html/prestashop1761/classes/controller/Controller.php:307
[09-Jan-2020 20:28:37 Asia/Kolkata] PHP   5. OrderCore::getCustomerOrders() /home/users/karan.negi/www/html/prestashop1761/controllers/admin/AdminCartsController.php:753
[09-Jan-2020 20:28:37 Asia/Kolkata] PHP Notice:  Undefined index:  in /home/users/karan.negi/www/html/prestashop1761/classes/order/Order.php on line 946
[09-Jan-2020 20:28:37 Asia/Kolkata] PHP Stack trace:
[09-Jan-2020 20:28:37 Asia/Kolkata] PHP   1. {main}() /home/users/karan.negi/www/html/prestashop1761/admin7349hjnt3/index.php:0
[09-Jan-2020 20:28:37 Asia/Kolkata] PHP   2. Dispatcher->dispatch() /home/users/karan.negi/www/html/prestashop1761/admin7349hjnt3/index.php:97
[09-Jan-2020 20:28:37 Asia/Kolkata] PHP   3. AdminCartsController->run() /home/users/karan.negi/www/html/prestashop1761/classes/Dispatcher.php:515
[09-Jan-2020 20:28:37 Asia/Kolkata] PHP   4. AdminCartsController->displayAjaxSearchCarts() /home/users/karan.negi/www/html/prestashop1761/classes/controller/Controller.php:307
[09-Jan-2020 20:28:37 Asia/Kolkata] PHP   5. OrderCore::getCustomerOrders() /home/users/karan.negi/www/html/prestashop1761/controllers/admin/AdminCartsController.php:753
[09-Jan-2020 20:28:37 Asia/Kolkata] PHP Notice:  Undefined index:  in /home/users/karan.negi/www/html/prestashop1761/classes/order/Order.php on line 944
[09-Jan-2020 20:28:37 Asia/Kolkata] PHP Stack trace:
[09-Jan-2020 20:28:37 Asia/Kolkata] PHP   1. {main}() /home/users/karan.negi/www/html/prestashop1761/admin7349hjnt3/index.php:0
[09-Jan-2020 20:28:37 Asia/Kolkata] PHP   2. Dispatcher->dispatch() /home/users/karan.negi/www/html/prestashop1761/admin7349hjnt3/index.php:97
[09-Jan-2020 20:28:37 Asia/Kolkata] PHP   3. AdminCartsController->run() /home/users/karan.negi/www/html/prestashop1761/classes/Dispatcher.php:515
[09-Jan-2020 20:28:37 Asia/Kolkata] PHP   4. AdminCartsController->displayAjaxSearchCarts() /home/users/karan.negi/www/html/prestashop1761/classes/controller/Controller.php:307
[09-Jan-2020 20:28:37 Asia/Kolkata] PHP   5. OrderCore::getCustomerOrders() /home/users/karan.negi/www/html/prestashop1761/controllers/admin/AdminCartsController.php:753
[09-Jan-2020 20:28:37 Asia/Kolkata] PHP Notice:  Undefined index:  in /home/users/karan.negi/www/html/prestashop1761/classes/order/Order.php on line 945
[09-Jan-2020 20:28:37 Asia/Kolkata] PHP Stack trace:
[09-Jan-2020 20:28:37 Asia/Kolkata] PHP   1. {main}() /home/users/karan.negi/www/html/prestashop1761/admin7349hjnt3/index.php:0
[09-Jan-2020 20:28:37 Asia/Kolkata] PHP   2. Dispatcher->dispatch() /home/users/karan.negi/www/html/prestashop1761/admin7349hjnt3/index.php:97
[09-Jan-2020 20:28:37 Asia/Kolkata] PHP   3. AdminCartsController->run() /home/users/karan.negi/www/html/prestashop1761/classes/Dispatcher.php:515
[09-Jan-2020 20:28:37 Asia/Kolkata] PHP   4. AdminCartsController->displayAjaxSearchCarts() /home/users/karan.negi/www/html/prestashop1761/classes/controller/Controller.php:307
[09-Jan-2020 20:28:37 Asia/Kolkata] PHP   5. OrderCore::getCustomerOrders() /home/users/karan.negi/www/html/prestashop1761/controllers/admin/AdminCartsController.php:753
[09-Jan-2020 20:28:37 Asia/Kolkata] PHP Notice:  Undefined index:  in /home/users/karan.negi/www/html/prestashop1761/classes/order/Order.php on line 946
[09-Jan-2020 20:28:37 Asia/Kolkata] PHP Stack trace:
[09-Jan-2020 20:28:37 Asia/Kolkata] PHP   1. {main}() /home/users/karan.negi/www/html/prestashop1761/admin7349hjnt3/index.php:0
[09-Jan-2020 20:28:37 Asia/Kolkata] PHP   2. Dispatcher->dispatch() /home/users/karan.negi/www/html/prestashop1761/admin7349hjnt3/index.php:97
[09-Jan-2020 20:28:37 Asia/Kolkata] PHP   3. AdminCartsController->run() /home/users/karan.negi/www/html/prestashop1761/classes/Dispatcher.php:515
[09-Jan-2020 20:28:37 Asia/Kolkata] PHP   4. AdminCartsController->displayAjaxSearchCarts() /home/users/karan.negi/www/html/prestashop1761/classes/controller/Controller.php:307
[09-Jan-2020 20:28:37 Asia/Kolkata] PHP   5. OrderCore::getCustomerOrders() /home/users/karan.negi/www/html/prestashop1761/controllers/admin/AdminCartsController.php:753
[09-Jan-2020 20:28:37 Asia/Kolkata] PHP Notice:  Undefined index:  in /home/users/karan.negi/www/html/prestashop1761/classes/order/Order.php on line 944
[09-Jan-2020 20:28:37 Asia/Kolkata] PHP Stack trace:
[09-Jan-2020 20:28:37 Asia/Kolkata] PHP   1. {main}() /home/users/karan.negi/www/html/prestashop1761/admin7349hjnt3/index.php:0
[09-Jan-2020 20:28:37 Asia/Kolkata] PHP   2. Dispatcher->dispatch() /home/users/karan.negi/www/html/prestashop1761/admin7349hjnt3/index.php:97
[09-Jan-2020 20:28:37 Asia/Kolkata] PHP   3. AdminCartsController->run() /home/users/karan.negi/www/html/prestashop1761/classes/Dispatcher.php:515
[09-Jan-2020 20:28:37 Asia/Kolkata] PHP   4. AdminCartsController->displayAjaxSearchCarts() /home/users/karan.negi/www/html/prestashop1761/classes/controller/Controller.php:307
[09-Jan-2020 20:28:37 Asia/Kolkata] PHP   5. OrderCore::getCustomerOrders() /home/users/karan.negi/www/html/prestashop1761/controllers/admin/AdminCartsController.php:753
[09-Jan-2020 20:28:37 Asia/Kolkata] PHP Notice:  Undefined index:  in /home/users/karan.negi/www/html/prestashop1761/classes/order/Order.php on line 945
[09-Jan-2020 20:28:37 Asia/Kolkata] PHP Stack trace:
[09-Jan-2020 20:28:37 Asia/Kolkata] PHP   1. {main}() /home/users/karan.negi/www/html/prestashop1761/admin7349hjnt3/index.php:0
[09-Jan-2020 20:28:37 Asia/Kolkata] PHP   2. Dispatcher->dispatch() /home/users/karan.negi/www/html/prestashop1761/admin7349hjnt3/index.php:97
[09-Jan-2020 20:28:37 Asia/Kolkata] PHP   3. AdminCartsController->run() /home/users/karan.negi/www/html/prestashop1761/classes/Dispatcher.php:515
[09-Jan-2020 20:28:37 Asia/Kolkata] PHP   4. AdminCartsController->displayAjaxSearchCarts() /home/users/karan.negi/www/html/prestashop1761/classes/controller/Controller.php:307
[09-Jan-2020 20:28:37 Asia/Kolkata] PHP   5. OrderCore::getCustomerOrders() /home/users/karan.negi/www/html/prestashop1761/controllers/admin/AdminCartsController.php:753
[09-Jan-2020 20:28:37 Asia/Kolkata] PHP Notice:  Undefined index:  in /home/users/karan.negi/www/html/prestashop1761/classes/order/Order.php on line 946
[09-Jan-2020 20:28:37 Asia/Kolkata] PHP Stack trace:
[09-Jan-2020 20:28:37 Asia/Kolkata] PHP   1. {main}() /home/users/karan.negi/www/html/prestashop1761/admin7349hjnt3/index.php:0
[09-Jan-2020 20:28:37 Asia/Kolkata] PHP   2. Dispatcher->dispatch() /home/users/karan.negi/www/html/prestashop1761/admin7349hjnt3/index.php:97
[09-Jan-2020 20:28:37 Asia/Kolkata] PHP   3. AdminCartsController->run() /home/users/karan.negi/www/html/prestashop1761/classes/Dispatcher.php:515
[09-Jan-2020 20:28:37 Asia/Kolkata] PHP   4. AdminCartsController->displayAjaxSearchCarts() /home/users/karan.negi/www/html/prestashop1761/classes/controller/Controller.php:307
[09-Jan-2020 20:28:37 Asia/Kolkata] PHP   5. OrderCore::getCustomerOrders() /home/users/karan.negi/www/html/prestashop1761/controllers/admin/AdminCartsController.php:753
[09-Jan-2020 20:28:37 Asia/Kolkata] PHP Notice:  Undefined index:  in /home/users/karan.negi/www/html/prestashop1761/classes/order/Order.php on line 944
[09-Jan-2020 20:28:37 Asia/Kolkata] PHP Stack trace:
[09-Jan-2020 20:28:37 Asia/Kolkata] PHP   1. {main}() /home/users/karan.negi/www/html/prestashop1761/admin7349hjnt3/index.php:0
[09-Jan-2020 20:28:37 Asia/Kolkata] PHP   2. Dispatcher->dispatch() /home/users/karan.negi/www/html/prestashop1761/admin7349hjnt3/index.php:97
[09-Jan-2020 20:28:37 Asia/Kolkata] PHP   3. AdminCartsController->run() /home/users/karan.negi/www/html/prestashop1761/classes/Dispatcher.php:515
[09-Jan-2020 20:28:37 Asia/Kolkata] PHP   4. AdminCartsController->displayAjaxSearchCarts() /home/users/karan.negi/www/html/prestashop1761/classes/controller/Controller.php:307
[09-Jan-2020 20:28:37 Asia/Kolkata] PHP   5. OrderCore::getCustomerOrders() /home/users/karan.negi/www/html/prestashop1761/controllers/admin/AdminCartsController.php:753
[09-Jan-2020 20:28:37 Asia/Kolkata] PHP Notice:  Undefined index:  in /home/users/karan.negi/www/html/prestashop1761/classes/order/Order.php on line 945
[09-Jan-2020 20:28:37 Asia/Kolkata] PHP Stack trace:
[09-Jan-2020 20:28:37 Asia/Kolkata] PHP   1. {main}() /home/users/karan.negi/www/html/prestashop1761/admin7349hjnt3/index.php:0
[09-Jan-2020 20:28:37 Asia/Kolkata] PHP   2. Dispatcher->dispatch() /home/users/karan.negi/www/html/prestashop1761/admin7349hjnt3/index.php:97
[09-Jan-2020 20:28:37 Asia/Kolkata] PHP   3. AdminCartsController->run() /home/users/karan.negi/www/html/prestashop1761/classes/Dispatcher.php:515
[09-Jan-2020 20:28:37 Asia/Kolkata] PHP   4. AdminCartsController->displayAjaxSearchCarts() /home/users/karan.negi/www/html/prestashop1761/classes/controller/Controller.php:307
[09-Jan-2020 20:28:37 Asia/Kolkata] PHP   5. OrderCore::getCustomerOrders() /home/users/karan.negi/www/html/prestashop1761/controllers/admin/AdminCartsController.php:753
[09-Jan-2020 20:28:37 Asia/Kolkata] PHP Notice:  Undefined index:  in /home/users/karan.negi/www/html/prestashop1761/classes/order/Order.php on line 946
[09-Jan-2020 20:28:37 Asia/Kolkata] PHP Stack trace:
[09-Jan-2020 20:28:37 Asia/Kolkata] PHP   1. {main}() /home/users/karan.negi/www/html/prestashop1761/admin7349hjnt3/index.php:0
[09-Jan-2020 20:28:37 Asia/Kolkata] PHP   2. Dispatcher->dispatch() /home/users/karan.negi/www/html/prestashop1761/admin7349hjnt3/index.php:97
[09-Jan-2020 20:28:37 Asia/Kolkata] PHP   3. AdminCartsController->run() /home/users/karan.negi/www/html/prestashop1761/classes/Dispatcher.php:515
[09-Jan-2020 20:28:37 Asia/Kolkata] PHP   4. AdminCartsController->displayAjaxSearchCarts() /home/users/karan.negi/www/html/prestashop1761/classes/controller/Controller.php:307
[09-Jan-2020 20:28:37 Asia/Kolkata] PHP   5. OrderCore::getCustomerOrders() /home/users/karan.negi/www/html/prestashop1761/controllers/admin/AdminCartsController.php:753
[09-Jan-2020 20:28:37 Asia/Kolkata] PHP Notice:  Undefined index:  in /home/users/karan.negi/www/html/prestashop1761/classes/order/Order.php on line 944
[09-Jan-2020 20:28:37 Asia/Kolkata] PHP Stack trace:
[09-Jan-2020 20:28:37 Asia/Kolkata] PHP   1. {main}() /home/users/karan.negi/www/html/prestashop1761/admin7349hjnt3/index.php:0
[09-Jan-2020 20:28:37 Asia/Kolkata] PHP   2. Dispatcher->dispatch() /home/users/karan.negi/www/html/prestashop1761/admin7349hjnt3/index.php:97
[09-Jan-2020 20:28:37 Asia/Kolkata] PHP   3. AdminCartsController->run() /home/users/karan.negi/www/html/prestashop1761/classes/Dispatcher.php:515
[09-Jan-2020 20:28:37 Asia/Kolkata] PHP   4. AdminCartsController->displayAjaxSearchCarts() /home/users/karan.negi/www/html/prestashop1761/classes/controller/Controller.php:307
[09-Jan-2020 20:28:37 Asia/Kolkata] PHP   5. OrderCore::getCustomerOrders() /home/users/karan.negi/www/html/prestashop1761/controllers/admin/AdminCartsController.php:753
[09-Jan-2020 20:28:37 Asia/Kolkata] PHP Notice:  Undefined index:  in /home/users/karan.negi/www/html/prestashop1761/classes/order/Order.php on line 945
[09-Jan-2020 20:28:37 Asia/Kolkata] PHP Stack trace:
[09-Jan-2020 20:28:37 Asia/Kolkata] PHP   1. {main}() /home/users/karan.negi/www/html/prestashop1761/admin7349hjnt3/index.php:0
[09-Jan-2020 20:28:37 Asia/Kolkata] PHP   2. Dispatcher->dispatch() /home/users/karan.negi/www/html/prestashop1761/admin7349hjnt3/index.php:97
[09-Jan-2020 20:28:37 Asia/Kolkata] PHP   3. AdminCartsController->run() /home/users/karan.negi/www/html/prestashop1761/classes/Dispatcher.php:515
[09-Jan-2020 20:28:37 Asia/Kolkata] PHP   4. AdminCartsController->displayAjaxSearchCarts() /home/users/karan.negi/www/html/prestashop1761/classes/controller/Controller.php:307
[09-Jan-2020 20:28:37 Asia/Kolkata] PHP   5. OrderCore::getCustomerOrders() /home/users/karan.negi/www/html/prestashop1761/controllers/admin/AdminCartsController.php:753
[09-Jan-2020 20:28:37 Asia/Kolkata] PHP Notice:  Undefined index:  in /home/users/karan.negi/www/html/prestashop1761/classes/order/Order.php on line 946
[09-Jan-2020 20:28:37 Asia/Kolkata] PHP Stack trace:
[09-Jan-2020 20:28:37 Asia/Kolkata] PHP   1. {main}() /home/users/karan.negi/www/html/prestashop1761/admin7349hjnt3/index.php:0
[09-Jan-2020 20:28:37 Asia/Kolkata] PHP   2. Dispatcher->dispatch() /home/users/karan.negi/www/html/prestashop1761/admin7349hjnt3/index.php:97
[09-Jan-2020 20:28:37 Asia/Kolkata] PHP   3. AdminCartsController->run() /home/users/karan.negi/www/html/prestashop1761/classes/Dispatcher.php:515
[09-Jan-2020 20:28:37 Asia/Kolkata] PHP   4. AdminCartsController->displayAjaxSearchCarts() /home/users/karan.negi/www/html/prestashop1761/classes/controller/Controller.php:307
[09-Jan-2020 20:28:37 Asia/Kolkata] PHP   5. OrderCore::getCustomerOrders() /home/users/karan.negi/www/html/prestashop1761/controllers/admin/AdminCartsController.php:753
[09-Jan-2020 20:28:37 Asia/Kolkata] PHP Notice:  Undefined index:  in /home/users/karan.negi/www/html/prestashop1761/classes/order/Order.php on line 944
[09-Jan-2020 20:28:37 Asia/Kolkata] PHP Stack trace:
[09-Jan-2020 20:28:37 Asia/Kolkata] PHP   1. {main}() /home/users/karan.negi/www/html/prestashop1761/admin7349hjnt3/index.php:0
[09-Jan-2020 20:28:37 Asia/Kolkata] PHP   2. Dispatcher->dispatch() /home/users/karan.negi/www/html/prestashop1761/admin7349hjnt3/index.php:97
[09-Jan-2020 20:28:37 Asia/Kolkata] PHP   3. AdminCartsController->run() /home/users/karan.negi/www/html/prestashop1761/classes/Dispatcher.php:515
[09-Jan-2020 20:28:37 Asia/Kolkata] PHP   4. AdminCartsController->displayAjaxSearchCarts() /home/users/karan.negi/www/html/prestashop1761/classes/controller/Controller.php:307
[09-Jan-2020 20:28:37 Asia/Kolkata] PHP   5. OrderCore::getCustomerOrders() /home/users/karan.negi/www/html/prestashop1761/controllers/admin/AdminCartsController.php:753
[09-Jan-2020 20:28:37 Asia/Kolkata] PHP Notice:  Undefined index:  in /home/users/karan.negi/www/html/prestashop1761/classes/order/Order.php on line 945
[09-Jan-2020 20:28:37 Asia/Kolkata] PHP Stack trace:
[09-Jan-2020 20:28:37 Asia/Kolkata] PHP   1. {main}() /home/users/karan.negi/www/html/prestashop1761/admin7349hjnt3/index.php:0
[09-Jan-2020 20:28:37 Asia/Kolkata] PHP   2. Dispatcher->dispatch() /home/users/karan.negi/www/html/prestashop1761/admin7349hjnt3/index.php:97
[09-Jan-2020 20:28:37 Asia/Kolkata] PHP   3. AdminCartsController->run() /home/users/karan.negi/www/html/prestashop1761/classes/Dispatcher.php:515
[09-Jan-2020 20:28:37 Asia/Kolkata] PHP   4. AdminCartsController->displayAjaxSearchCarts() /home/users/karan.negi/www/html/prestashop1761/classes/controller/Controller.php:307
[09-Jan-2020 20:28:37 Asia/Kolkata] PHP   5. OrderCore::getCustomerOrders() /home/users/karan.negi/www/html/prestashop1761/controllers/admin/AdminCartsController.php:753
[09-Jan-2020 20:28:37 Asia/Kolkata] PHP Notice:  Undefined index:  in /home/users/karan.negi/www/html/prestashop1761/classes/order/Order.php on line 946
[09-Jan-2020 20:28:37 Asia/Kolkata] PHP Stack trace:
[09-Jan-2020 20:28:37 Asia/Kolkata] PHP   1. {main}() /home/users/karan.negi/www/html/prestashop1761/admin7349hjnt3/index.php:0
[09-Jan-2020 20:28:37 Asia/Kolkata] PHP   2. Dispatcher->dispatch() /home/users/karan.negi/www/html/prestashop1761/admin7349hjnt3/index.php:97
[09-Jan-2020 20:28:37 Asia/Kolkata] PHP   3. AdminCartsController->run() /home/users/karan.negi/www/html/prestashop1761/classes/Dispatcher.php:515
[09-Jan-2020 20:28:37 Asia/Kolkata] PHP   4. AdminCartsController->displayAjaxSearchCarts() /home/users/karan.negi/www/html/prestashop1761/classes/controller/Controller.php:307
[09-Jan-2020 20:28:37 Asia/Kolkata] PHP   5. OrderCore::getCustomerOrders() /home/users/karan.negi/www/html/prestashop1761/controllers/admin/AdminCartsController.php:753
[09-Jan-2020 20:28:37 Asia/Kolkata] PHP Notice:  Undefined index:  in /home/users/karan.negi/www/html/prestashop1761/classes/order/Order.php on line 944
[09-Jan-2020 20:28:37 Asia/Kolkata] PHP Stack trace:
[09-Jan-2020 20:28:37 Asia/Kolkata] PHP   1. {main}() /home/users/karan.negi/www/html/prestashop1761/admin7349hjnt3/index.php:0
[09-Jan-2020 20:28:37 Asia/Kolkata] PHP   2. Dispatcher->dispatch() /home/users/karan.negi/www/html/prestashop1761/admin7349hjnt3/index.php:97
[09-Jan-2020 20:28:37 Asia/Kolkata] PHP   3. AdminCartsController->run() /home/users/karan.negi/www/html/prestashop1761/classes/Dispatcher.php:515
[09-Jan-2020 20:28:37 Asia/Kolkata] PHP   4. AdminCartsController->displayAjaxSearchCarts() /home/users/karan.negi/www/html/prestashop1761/classes/controller/Controller.php:307
[09-Jan-2020 20:28:37 Asia/Kolkata] PHP   5. OrderCore::getCustomerOrders() /home/users/karan.negi/www/html/prestashop1761/controllers/admin/AdminCartsController.php:753
[09-Jan-2020 20:28:37 Asia/Kolkata] PHP Notice:  Undefined index:  in /home/users/karan.negi/www/html/prestashop1761/classes/order/Order.php on line 945
[09-Jan-2020 20:28:37 Asia/Kolkata] PHP Stack trace:
[09-Jan-2020 20:28:37 Asia/Kolkata] PHP   1. {main}() /home/users/karan.negi/www/html/prestashop1761/admin7349hjnt3/index.php:0
[09-Jan-2020 20:28:37 Asia/Kolkata] PHP   2. Dispatcher->dispatch() /home/users/karan.negi/www/html/prestashop1761/admin7349hjnt3/index.php:97
[09-Jan-2020 20:28:37 Asia/Kolkata] PHP   3. AdminCartsController->run() /home/users/karan.negi/www/html/prestashop1761/classes/Dispatcher.php:515
[09-Jan-2020 20:28:37 Asia/Kolkata] PHP   4. AdminCartsController->displayAjaxSearchCarts() /home/users/karan.negi/www/html/prestashop1761/classes/controller/Controller.php:307
[09-Jan-2020 20:28:37 Asia/Kolkata] PHP   5. OrderCore::getCustomerOrders() /home/users/karan.negi/www/html/prestashop1761/controllers/admin/AdminCartsController.php:753
[09-Jan-2020 20:28:37 Asia/Kolkata] PHP Notice:  Undefined index:  in /home/users/karan.negi/www/html/prestashop1761/classes/order/Order.php on line 946
[09-Jan-2020 20:28:37 Asia/Kolkata] PHP Stack trace:
[09-Jan-2020 20:28:37 Asia/Kolkata] PHP   1. {main}() /home/users/karan.negi/www/html/prestashop1761/admin7349hjnt3/index.php:0
[09-Jan-2020 20:28:37 Asia/Kolkata] PHP   2. Dispatcher->dispatch() /home/users/karan.negi/www/html/prestashop1761/admin7349hjnt3/index.php:97
[09-Jan-2020 20:28:37 Asia/Kolkata] PHP   3. AdminCartsController->run() /home/users/karan.negi/www/html/prestashop1761/classes/Dispatcher.php:515
[09-Jan-2020 20:28:37 Asia/Kolkata] PHP   4. AdminCartsController->displayAjaxSearchCarts() /home/users/karan.negi/www/html/prestashop1761/classes/controller/Controller.php:307
[09-Jan-2020 20:28:37 Asia/Kolkata] PHP   5. OrderCore::getCustomerOrders() /home/users/karan.negi/www/html/prestashop1761/controllers/admin/AdminCartsController.php:753
[09-Jan-2020 20:28:37 Asia/Kolkata] PHP Notice:  Undefined index:  in /home/users/karan.negi/www/html/prestashop1761/classes/order/Order.php on line 944
[09-Jan-2020 20:28:37 Asia/Kolkata] PHP Stack trace:
[09-Jan-2020 20:28:37 Asia/Kolkata] PHP   1. {main}() /home/users/karan.negi/www/html/prestashop1761/admin7349hjnt3/index.php:0
[09-Jan-2020 20:28:37 Asia/Kolkata] PHP   2. Dispatcher->dispatch() /home/users/karan.negi/www/html/prestashop1761/admin7349hjnt3/index.php:97
[09-Jan-2020 20:28:37 Asia/Kolkata] PHP   3. AdminCartsController->run() /home/users/karan.negi/www/html/prestashop1761/classes/Dispatcher.php:515
[09-Jan-2020 20:28:37 Asia/Kolkata] PHP   4. AdminCartsController->displayAjaxSearchCarts() /home/users/karan.negi/www/html/prestashop1761/classes/controller/Controller.php:307
[09-Jan-2020 20:28:37 Asia/Kolkata] PHP   5. OrderCore::getCustomerOrders() /home/users/karan.negi/www/html/prestashop1761/controllers/admin/AdminCartsController.php:753
[09-Jan-2020 20:28:37 Asia/Kolkata] PHP Notice:  Undefined index:  in /home/users/karan.negi/www/html/prestashop1761/classes/order/Order.php on line 945
[09-Jan-2020 20:28:37 Asia/Kolkata] PHP Stack trace:
[09-Jan-2020 20:28:37 Asia/Kolkata] PHP   1. {main}() /home/users/karan.negi/www/html/prestashop1761/admin7349hjnt3/index.php:0
[09-Jan-2020 20:28:37 Asia/Kolkata] PHP   2. Dispatcher->dispatch() /home/users/karan.negi/www/html/prestashop1761/admin7349hjnt3/index.php:97
[09-Jan-2020 20:28:37 Asia/Kolkata] PHP   3. AdminCartsController->run() /home/users/karan.negi/www/html/prestashop1761/classes/Dispatcher.php:515
[09-Jan-2020 20:28:37 Asia/Kolkata] PHP   4. AdminCartsController->displayAjaxSearchCarts() /home/users/karan.negi/www/html/prestashop1761/classes/controller/Controller.php:307
[09-Jan-2020 20:28:37 Asia/Kolkata] PHP   5. OrderCore::getCustomerOrders() /home/users/karan.negi/www/html/prestashop1761/controllers/admin/AdminCartsController.php:753
[09-Jan-2020 20:28:37 Asia/Kolkata] PHP Notice:  Undefined index:  in /home/users/karan.negi/www/html/prestashop1761/classes/order/Order.php on line 946
[09-Jan-2020 20:28:37 Asia/Kolkata] PHP Stack trace:
[09-Jan-2020 20:28:37 Asia/Kolkata] PHP   1. {main}() /home/users/karan.negi/www/html/prestashop1761/admin7349hjnt3/index.php:0
[09-Jan-2020 20:28:37 Asia/Kolkata] PHP   2. Dispatcher->dispatch() /home/users/karan.negi/www/html/prestashop1761/admin7349hjnt3/index.php:97
[09-Jan-2020 20:28:37 Asia/Kolkata] PHP   3. AdminCartsController->run() /home/users/karan.negi/www/html/prestashop1761/classes/Dispatcher.php:515
[09-Jan-2020 20:28:37 Asia/Kolkata] PHP   4. AdminCartsController->displayAjaxSearchCarts() /home/users/karan.negi/www/html/prestashop1761/classes/controller/Controller.php:307
[09-Jan-2020 20:28:37 Asia/Kolkata] PHP   5. OrderCore::getCustomerOrders() /home/users/karan.negi/www/html/prestashop1761/controllers/admin/AdminCartsController.php:753
[09-Jan-2020 20:28:37 Asia/Kolkata] PHP Notice:  Undefined index:  in /home/users/karan.negi/www/html/prestashop1761/classes/order/Order.php on line 944
[09-Jan-2020 20:28:37 Asia/Kolkata] PHP Stack trace:
[09-Jan-2020 20:28:37 Asia/Kolkata] PHP   1. {main}() /home/users/karan.negi/www/html/prestashop1761/admin7349hjnt3/index.php:0
[09-Jan-2020 20:28:37 Asia/Kolkata] PHP   2. Dispatcher->dispatch() /home/users/karan.negi/www/html/prestashop1761/admin7349hjnt3/index.php:97
[09-Jan-2020 20:28:37 Asia/Kolkata] PHP   3. AdminCartsController->run() /home/users/karan.negi/www/html/prestashop1761/classes/Dispatcher.php:515
[09-Jan-2020 20:28:37 Asia/Kolkata] PHP   4. AdminCartsController->displayAjaxSearchCarts() /home/users/karan.negi/www/html/prestashop1761/classes/controller/Controller.php:307
[09-Jan-2020 20:28:37 Asia/Kolkata] PHP   5. OrderCore::getCustomerOrders() /home/users/karan.negi/www/html/prestashop1761/controllers/admin/AdminCartsController.php:753
[09-Jan-2020 20:28:37 Asia/Kolkata] PHP Notice:  Undefined index:  in /home/users/karan.negi/www/html/prestashop1761/classes/order/Order.php on line 945
[09-Jan-2020 20:28:37 Asia/Kolkata] PHP Stack trace:
[09-Jan-2020 20:28:37 Asia/Kolkata] PHP   1. {main}() /home/users/karan.negi/www/html/prestashop1761/admin7349hjnt3/index.php:0
[09-Jan-2020 20:28:37 Asia/Kolkata] PHP   2. Dispatcher->dispatch() /home/users/karan.negi/www/html/prestashop1761/admin7349hjnt3/index.php:97
[09-Jan-2020 20:28:37 Asia/Kolkata] PHP   3. AdminCartsController->run() /home/users/karan.negi/www/html/prestashop1761/classes/Dispatcher.php:515
[09-Jan-2020 20:28:37 Asia/Kolkata] PHP   4. AdminCartsController->displayAjaxSearchCarts() /home/users/karan.negi/www/html/prestashop1761/classes/controller/Controller.php:307
[09-Jan-2020 20:28:37 Asia/Kolkata] PHP   5. OrderCore::getCustomerOrders() /home/users/karan.negi/www/html/prestashop1761/controllers/admin/AdminCartsController.php:753
[09-Jan-2020 20:28:37 Asia/Kolkata] PHP Notice:  Undefined index:  in /home/users/karan.negi/www/html/prestashop1761/classes/order/Order.php on line 946
[09-Jan-2020 20:28:37 Asia/Kolkata] PHP Stack trace:
[09-Jan-2020 20:28:37 Asia/Kolkata] PHP   1. {main}() /home/users/karan.negi/www/html/prestashop1761/admin7349hjnt3/index.php:0
[09-Jan-2020 20:28:37 Asia/Kolkata] PHP   2. Dispatcher->dispatch() /home/users/karan.negi/www/html/prestashop1761/admin7349hjnt3/index.php:97
[09-Jan-2020 20:28:37 Asia/Kolkata] PHP   3. AdminCartsController->run() /home/users/karan.negi/www/html/prestashop1761/classes/Dispatcher.php:515
[09-Jan-2020 20:28:37 Asia/Kolkata] PHP   4. AdminCartsController->displayAjaxSearchCarts() /home/users/karan.negi/www/html/prestashop1761/classes/controller/Controller.php:307
[09-Jan-2020 20:28:37 Asia/Kolkata] PHP   5. OrderCore::getCustomerOrders() /home/users/karan.negi/www/html/prestashop1761/controllers/admin/AdminCartsController.php:753
[09-Jan-2020 20:28:37 Asia/Kolkata] PHP Notice:  Undefined index:  in /home/users/karan.negi/www/html/prestashop1761/classes/order/Order.php on line 944
[09-Jan-2020 20:28:37 Asia/Kolkata] PHP Stack trace:
[09-Jan-2020 20:28:37 Asia/Kolkata] PHP   1. {main}() /home/users/karan.negi/www/html/prestashop1761/admin7349hjnt3/index.php:0
[09-Jan-2020 20:28:37 Asia/Kolkata] PHP   2. Dispatcher->dispatch() /home/users/karan.negi/www/html/prestashop1761/admin7349hjnt3/index.php:97
[09-Jan-2020 20:28:37 Asia/Kolkata] PHP   3. AdminCartsController->run() /home/users/karan.negi/www/html/prestashop1761/classes/Dispatcher.php:515
[09-Jan-2020 20:28:37 Asia/Kolkata] PHP   4. AdminCartsController->displayAjaxSearchCarts() /home/users/karan.negi/www/html/prestashop1761/classes/controller/Controller.php:307
[09-Jan-2020 20:28:37 Asia/Kolkata] PHP   5. OrderCore::getCustomerOrders() /home/users/karan.negi/www/html/prestashop1761/controllers/admin/AdminCartsController.php:753
[09-Jan-2020 20:28:37 Asia/Kolkata] PHP Notice:  Undefined index:  in /home/users/karan.negi/www/html/prestashop1761/classes/order/Order.php on line 945
[09-Jan-2020 20:28:37 Asia/Kolkata] PHP Stack trace:
[09-Jan-2020 20:28:37 Asia/Kolkata] PHP   1. {main}() /home/users/karan.negi/www/html/prestashop1761/admin7349hjnt3/index.php:0
[09-Jan-2020 20:28:37 Asia/Kolkata] PHP   2. Dispatcher->dispatch() /home/users/karan.negi/www/html/prestashop1761/admin7349hjnt3/index.php:97
[09-Jan-2020 20:28:37 Asia/Kolkata] PHP   3. AdminCartsController->run() /home/users/karan.negi/www/html/prestashop1761/classes/Dispatcher.php:515
[09-Jan-2020 20:28:37 Asia/Kolkata] PHP   4. AdminCartsController->displayAjaxSearchCarts() /home/users/karan.negi/www/html/prestashop1761/classes/controller/Controller.php:307
[09-Jan-2020 20:28:37 Asia/Kolkata] PHP   5. OrderCore::getCustomerOrders() /home/users/karan.negi/www/html/prestashop1761/controllers/admin/AdminCartsController.php:753
[09-Jan-2020 20:28:37 Asia/Kolkata] PHP Notice:  Undefined index:  in /home/users/karan.negi/www/html/prestashop1761/classes/order/Order.php on line 946
[09-Jan-2020 20:28:37 Asia/Kolkata] PHP Stack trace:
[09-Jan-2020 20:28:37 Asia/Kolkata] PHP   1. {main}() /home/users/karan.negi/www/html/prestashop1761/admin7349hjnt3/index.php:0
[09-Jan-2020 20:28:37 Asia/Kolkata] PHP   2. Dispatcher->dispatch() /home/users/karan.negi/www/html/prestashop1761/admin7349hjnt3/index.php:97
[09-Jan-2020 20:28:37 Asia/Kolkata] PHP   3. AdminCartsController->run() /home/users/karan.negi/www/html/prestashop1761/classes/Dispatcher.php:515
[09-Jan-2020 20:28:37 Asia/Kolkata] PHP   4. AdminCartsController->displayAjaxSearchCarts() /home/users/karan.negi/www/html/prestashop1761/classes/controller/Controller.php:307
[09-Jan-2020 20:28:37 Asia/Kolkata] PHP   5. OrderCore::getCustomerOrders() /home/users/karan.negi/www/html/prestashop1761/controllers/admin/AdminCartsController.php:753
[09-Jan-2020 20:28:37 Asia/Kolkata] PHP Notice:  Undefined index:  in /home/users/karan.negi/www/html/prestashop1761/classes/order/Order.php on line 944
[09-Jan-2020 20:28:37 Asia/Kolkata] PHP Stack trace:
[09-Jan-2020 20:28:37 Asia/Kolkata] PHP   1. {main}() /home/users/karan.negi/www/html/prestashop1761/admin7349hjnt3/index.php:0
[09-Jan-2020 20:28:37 Asia/Kolkata] PHP   2. Dispatcher->dispatch() /home/users/karan.negi/www/html/prestashop1761/admin7349hjnt3/index.php:97
[09-Jan-2020 20:28:37 Asia/Kolkata] PHP   3. AdminCartsController->run() /home/users/karan.negi/www/html/prestashop1761/classes/Dispatcher.php:515
[09-Jan-2020 20:28:37 Asia/Kolkata] PHP   4. AdminCartsController->displayAjaxSearchCarts() /home/users/karan.negi/www/html/prestashop1761/classes/controller/Controller.php:307
[09-Jan-2020 20:28:37 Asia/Kolkata] PHP   5. OrderCore::getCustomerOrders() /home/users/karan.negi/www/html/prestashop1761/controllers/admin/AdminCartsController.php:753
[09-Jan-2020 20:28:37 Asia/Kolkata] PHP Notice:  Undefined index:  in /home/users/karan.negi/www/html/prestashop1761/classes/order/Order.php on line 945
[09-Jan-2020 20:28:37 Asia/Kolkata] PHP Stack trace:
[09-Jan-2020 20:28:37 Asia/Kolkata] PHP   1. {main}() /home/users/karan.negi/www/html/prestashop1761/admin7349hjnt3/index.php:0
[09-Jan-2020 20:28:37 Asia/Kolkata] PHP   2. Dispatcher->dispatch() /home/users/karan.negi/www/html/prestashop1761/admin7349hjnt3/index.php:97
[09-Jan-2020 20:28:37 Asia/Kolkata] PHP   3. AdminCartsController->run() /home/users/karan.negi/www/html/prestashop1761/classes/Dispatcher.php:515
[09-Jan-2020 20:28:37 Asia/Kolkata] PHP   4. AdminCartsController->displayAjaxSearchCarts() /home/users/karan.negi/www/html/prestashop1761/classes/controller/Controller.php:307
[09-Jan-2020 20:28:37 Asia/Kolkata] PHP   5. OrderCore::getCustomerOrders() /home/users/karan.negi/www/html/prestashop1761/controllers/admin/AdminCartsController.php:753
[09-Jan-2020 20:28:37 Asia/Kolkata] PHP Notice:  Undefined index:  in /home/users/karan.negi/www/html/prestashop1761/classes/order/Order.php on line 946
[09-Jan-2020 20:28:37 Asia/Kolkata] PHP Stack trace:
[09-Jan-2020 20:28:37 Asia/Kolkata] PHP   1. {main}() /home/users/karan.negi/www/html/prestashop1761/admin7349hjnt3/index.php:0
[09-Jan-2020 20:28:37 Asia/Kolkata] PHP   2. Dispatcher->dispatch() /home/users/karan.negi/www/html/prestashop1761/admin7349hjnt3/index.php:97
[09-Jan-2020 20:28:37 Asia/Kolkata] PHP   3. AdminCartsController->run() /home/users/karan.negi/www/html/prestashop1761/classes/Dispatcher.php:515
[09-Jan-2020 20:28:37 Asia/Kolkata] PHP   4. AdminCartsController->displayAjaxSearchCarts() /home/users/karan.negi/www/html/prestashop1761/classes/controller/Controller.php:307
[09-Jan-2020 20:28:37 Asia/Kolkata] PHP   5. OrderCore::getCustomerOrders() /home/users/karan.negi/www/html/prestashop1761/controllers/admin/AdminCartsController.php:753
[09-Jan-2020 20:28:37 Asia/Kolkata] PHP Notice:  Undefined index:  in /home/users/karan.negi/www/html/prestashop1761/classes/order/Order.php on line 944
[09-Jan-2020 20:28:37 Asia/Kolkata] PHP Stack trace:
[09-Jan-2020 20:28:37 Asia/Kolkata] PHP   1. {main}() /home/users/karan.negi/www/html/prestashop1761/admin7349hjnt3/index.php:0
[09-Jan-2020 20:28:37 Asia/Kolkata] PHP   2. Dispatcher->dispatch() /home/users/karan.negi/www/html/prestashop1761/admin7349hjnt3/index.php:97
[09-Jan-2020 20:28:37 Asia/Kolkata] PHP   3. AdminCartsController->run() /home/users/karan.negi/www/html/prestashop1761/classes/Dispatcher.php:515
[09-Jan-2020 20:28:37 Asia/Kolkata] PHP   4. AdminCartsController->displayAjaxSearchCarts() /home/users/karan.negi/www/html/prestashop1761/classes/controller/Controller.php:307
[09-Jan-2020 20:28:37 Asia/Kolkata] PHP   5. OrderCore::getCustomerOrders() /home/users/karan.negi/www/html/prestashop1761/controllers/admin/AdminCartsController.php:753
[09-Jan-2020 20:28:37 Asia/Kolkata] PHP Notice:  Undefined index:  in /home/users/karan.negi/www/html/prestashop1761/classes/order/Order.php on line 945
[09-Jan-2020 20:28:37 Asia/Kolkata] PHP Stack trace:
[09-Jan-2020 20:28:37 Asia/Kolkata] PHP   1. {main}() /home/users/karan.negi/www/html/prestashop1761/admin7349hjnt3/index.php:0
[09-Jan-2020 20:28:37 Asia/Kolkata] PHP   2. Dispatcher->dispatch() /home/users/karan.negi/www/html/prestashop1761/admin7349hjnt3/index.php:97
[09-Jan-2020 20:28:37 Asia/Kolkata] PHP   3. AdminCartsController->run() /home/users/karan.negi/www/html/prestashop1761/classes/Dispatcher.php:515
[09-Jan-2020 20:28:37 Asia/Kolkata] PHP   4. AdminCartsController->displayAjaxSearchCarts() /home/users/karan.negi/www/html/prestashop1761/classes/controller/Controller.php:307
[09-Jan-2020 20:28:37 Asia/Kolkata] PHP   5. OrderCore::getCustomerOrders() /home/users/karan.negi/www/html/prestashop1761/controllers/admin/AdminCartsController.php:753
[09-Jan-2020 20:28:37 Asia/Kolkata] PHP Notice:  Undefined index:  in /home/users/karan.negi/www/html/prestashop1761/classes/order/Order.php on line 946
[09-Jan-2020 20:28:37 Asia/Kolkata] PHP Stack trace:
[09-Jan-2020 20:28:37 Asia/Kolkata] PHP   1. {main}() /home/users/karan.negi/www/html/prestashop1761/admin7349hjnt3/index.php:0
[09-Jan-2020 20:28:37 Asia/Kolkata] PHP   2. Dispatcher->dispatch() /home/users/karan.negi/www/html/prestashop1761/admin7349hjnt3/index.php:97
[09-Jan-2020 20:28:37 Asia/Kolkata] PHP   3. AdminCartsController->run() /home/users/karan.negi/www/html/prestashop1761/classes/Dispatcher.php:515
[09-Jan-2020 20:28:37 Asia/Kolkata] PHP   4. AdminCartsController->displayAjaxSearchCarts() /home/users/karan.negi/www/html/prestashop1761/classes/controller/Controller.php:307
[09-Jan-2020 20:28:37 Asia/Kolkata] PHP   5. OrderCore::getCustomerOrders() /home/users/karan.negi/www/html/prestashop1761/controllers/admin/AdminCartsController.php:753
[09-Jan-2020 20:28:37 Asia/Kolkata] PHP Notice:  Undefined index:  in /home/users/karan.negi/www/html/prestashop1761/classes/order/Order.php on line 944
[09-Jan-2020 20:28:37 Asia/Kolkata] PHP Stack trace:
[09-Jan-2020 20:28:37 Asia/Kolkata] PHP   1. {main}() /home/users/karan.negi/www/html/prestashop1761/admin7349hjnt3/index.php:0
[09-Jan-2020 20:28:37 Asia/Kolkata] PHP   2. Dispatcher->dispatch() /home/users/karan.negi/www/html/prestashop1761/admin7349hjnt3/index.php:97
[09-Jan-2020 20:28:37 Asia/Kolkata] PHP   3. AdminCartsController->run() /home/users/karan.negi/www/html/prestashop1761/classes/Dispatcher.php:515
[09-Jan-2020 20:28:37 Asia/Kolkata] PHP   4. AdminCartsController->displayAjaxSearchCarts() /home/users/karan.negi/www/html/prestashop1761/classes/controller/Controller.php:307
[09-Jan-2020 20:28:37 Asia/Kolkata] PHP   5. OrderCore::getCustomerOrders() /home/users/karan.negi/www/html/prestashop1761/controllers/admin/AdminCartsController.php:753
[09-Jan-2020 20:28:37 Asia/Kolkata] PHP Notice:  Undefined index:  in /home/users/karan.negi/www/html/prestashop1761/classes/order/Order.php on line 945
[09-Jan-2020 20:28:37 Asia/Kolkata] PHP Stack trace:
[09-Jan-2020 20:28:37 Asia/Kolkata] PHP   1. {main}() /home/users/karan.negi/www/html/prestashop1761/admin7349hjnt3/index.php:0
[09-Jan-2020 20:28:37 Asia/Kolkata] PHP   2. Dispatcher->dispatch() /home/users/karan.negi/www/html/prestashop1761/admin7349hjnt3/index.php:97
[09-Jan-2020 20:28:37 Asia/Kolkata] PHP   3. AdminCartsController->run() /home/users/karan.negi/www/html/prestashop1761/classes/Dispatcher.php:515
[09-Jan-2020 20:28:37 Asia/Kolkata] PHP   4. AdminCartsController->displayAjaxSearchCarts() /home/users/karan.negi/www/html/prestashop1761/classes/controller/Controller.php:307
[09-Jan-2020 20:28:37 Asia/Kolkata] PHP   5. OrderCore::getCustomerOrders() /home/users/karan.negi/www/html/prestashop1761/controllers/admin/AdminCartsController.php:753
[09-Jan-2020 20:28:37 Asia/Kolkata] PHP Notice:  Undefined index:  in /home/users/karan.negi/www/html/prestashop1761/classes/order/Order.php on line 946
[09-Jan-2020 20:28:37 Asia/Kolkata] PHP Stack trace:
[09-Jan-2020 20:28:37 Asia/Kolkata] PHP   1. {main}() /home/users/karan.negi/www/html/prestashop1761/admin7349hjnt3/index.php:0
[09-Jan-2020 20:28:37 Asia/Kolkata] PHP   2. Dispatcher->dispatch() /home/users/karan.negi/www/html/prestashop1761/admin7349hjnt3/index.php:97
[09-Jan-2020 20:28:37 Asia/Kolkata] PHP   3. AdminCartsController->run() /home/users/karan.negi/www/html/prestashop1761/classes/Dispatcher.php:515
[09-Jan-2020 20:28:37 Asia/Kolkata] PHP   4. AdminCartsController->displayAjaxSearchCarts() /home/users/karan.negi/www/html/prestashop1761/classes/controller/Controller.php:307
[09-Jan-2020 20:28:37 Asia/Kolkata] PHP   5. OrderCore::getCustomerOrders() /home/users/karan.negi/www/html/prestashop1761/controllers/admin/AdminCartsController.php:753
[09-Jan-2020 20:28:37 Asia/Kolkata] PHP Notice:  Undefined index:  in /home/users/karan.negi/www/html/prestashop1761/classes/order/Order.php on line 944
[09-Jan-2020 20:28:37 Asia/Kolkata] PHP Stack trace:
[09-Jan-2020 20:28:37 Asia/Kolkata] PHP   1. {main}() /home/users/karan.negi/www/html/prestashop1761/admin7349hjnt3/index.php:0
[09-Jan-2020 20:28:37 Asia/Kolkata] PHP   2. Dispatcher->dispatch() /home/users/karan.negi/www/html/prestashop1761/admin7349hjnt3/index.php:97
[09-Jan-2020 20:28:37 Asia/Kolkata] PHP   3. AdminCartsController->run() /home/users/karan.negi/www/html/prestashop1761/classes/Dispatcher.php:515
[09-Jan-2020 20:28:37 Asia/Kolkata] PHP   4. AdminCartsController->displayAjaxSearchCarts() /home/users/karan.negi/www/html/prestashop1761/classes/controller/Controller.php:307
[09-Jan-2020 20:28:37 Asia/Kolkata] PHP   5. OrderCore::getCustomerOrders() /home/users/karan.negi/www/html/prestashop1761/controllers/admin/AdminCartsController.php:753
[09-Jan-2020 20:28:37 Asia/Kolkata] PHP Notice:  Undefined index:  in /home/users/karan.negi/www/html/prestashop1761/classes/order/Order.php on line 945
[09-Jan-2020 20:28:37 Asia/Kolkata] PHP Stack trace:
[09-Jan-2020 20:28:37 Asia/Kolkata] PHP   1. {main}() /home/users/karan.negi/www/html/prestashop1761/admin7349hjnt3/index.php:0
[09-Jan-2020 20:28:37 Asia/Kolkata] PHP   2. Dispatcher->dispatch() /home/users/karan.negi/www/html/prestashop1761/admin7349hjnt3/index.php:97
[09-Jan-2020 20:28:37 Asia/Kolkata] PHP   3. AdminCartsController->run() /home/users/karan.negi/www/html/prestashop1761/classes/Dispatcher.php:515
[09-Jan-2020 20:28:37 Asia/Kolkata] PHP   4. AdminCartsController->displayAjaxSearchCarts() /home/users/karan.negi/www/html/prestashop1761/classes/controller/Controller.php:307
[09-Jan-2020 20:28:37 Asia/Kolkata] PHP   5. OrderCore::getCustomerOrders() /home/users/karan.negi/www/html/prestashop1761/controllers/admin/AdminCartsController.php:753
[09-Jan-2020 20:28:37 Asia/Kolkata] PHP Notice:  Undefined index:  in /home/users/karan.negi/www/html/prestashop1761/classes/order/Order.php on line 946
[09-Jan-2020 20:28:37 Asia/Kolkata] PHP Stack trace:
[09-Jan-2020 20:28:37 Asia/Kolkata] PHP   1. {main}() /home/users/karan.negi/www/html/prestashop1761/admin7349hjnt3/index.php:0
[09-Jan-2020 20:28:37 Asia/Kolkata] PHP   2. Dispatcher->dispatch() /home/users/karan.negi/www/html/prestashop1761/admin7349hjnt3/index.php:97
[09-Jan-2020 20:28:37 Asia/Kolkata] PHP   3. AdminCartsController->run() /home/users/karan.negi/www/html/prestashop1761/classes/Dispatcher.php:515
[09-Jan-2020 20:28:37 Asia/Kolkata] PHP   4. AdminCartsController->displayAjaxSearchCarts() /home/users/karan.negi/www/html/prestashop1761/classes/controller/Controller.php:307
[09-Jan-2020 20:28:37 Asia/Kolkata] PHP   5. OrderCore::getCustomerOrders() /home/users/karan.negi/www/html/prestashop1761/controllers/admin/AdminCartsController.php:753
[09-Jan-2020 20:28:37 Asia/Kolkata] PHP Notice:  Undefined index:  in /home/users/karan.negi/www/html/prestashop1761/classes/order/Order.php on line 944
[09-Jan-2020 20:28:37 Asia/Kolkata] PHP Stack trace:
[09-Jan-2020 20:28:37 Asia/Kolkata] PHP   1. {main}() /home/users/karan.negi/www/html/prestashop1761/admin7349hjnt3/index.php:0
[09-Jan-2020 20:28:37 Asia/Kolkata] PHP   2. Dispatcher->dispatch() /home/users/karan.negi/www/html/prestashop1761/admin7349hjnt3/index.php:97
[09-Jan-2020 20:28:37 Asia/Kolkata] PHP   3. AdminCartsController->run() /home/users/karan.negi/www/html/prestashop1761/classes/Dispatcher.php:515
[09-Jan-2020 20:28:37 Asia/Kolkata] PHP   4. AdminCartsController->displayAjaxSearchCarts() /home/users/karan.negi/www/html/prestashop1761/classes/controller/Controller.php:307
[09-Jan-2020 20:28:37 Asia/Kolkata] PHP   5. OrderCore::getCustomerOrders() /home/users/karan.negi/www/html/prestashop1761/controllers/admin/AdminCartsController.php:753
[09-Jan-2020 20:28:37 Asia/Kolkata] PHP Notice:  Undefined index:  in /home/users/karan.negi/www/html/prestashop1761/classes/order/Order.php on line 945
[09-Jan-2020 20:28:37 Asia/Kolkata] PHP Stack trace:
[09-Jan-2020 20:28:37 Asia/Kolkata] PHP   1. {main}() /home/users/karan.negi/www/html/prestashop1761/admin7349hjnt3/index.php:0
[09-Jan-2020 20:28:37 Asia/Kolkata] PHP   2. Dispatcher->dispatch() /home/users/karan.negi/www/html/prestashop1761/admin7349hjnt3/index.php:97
[09-Jan-2020 20:28:37 Asia/Kolkata] PHP   3. AdminCartsController->run() /home/users/karan.negi/www/html/prestashop1761/classes/Dispatcher.php:515
[09-Jan-2020 20:28:37 Asia/Kolkata] PHP   4. AdminCartsController->displayAjaxSearchCarts() /home/users/karan.negi/www/html/prestashop1761/classes/controller/Controller.php:307
[09-Jan-2020 20:28:37 Asia/Kolkata] PHP   5. OrderCore::getCustomerOrders() /home/users/karan.negi/www/html/prestashop1761/controllers/admin/AdminCartsController.php:753
[09-Jan-2020 20:28:37 Asia/Kolkata] PHP Notice:  Undefined index:  in /home/users/karan.negi/www/html/prestashop1761/classes/order/Order.php on line 946
[09-Jan-2020 20:28:37 Asia/Kolkata] PHP Stack trace:
[09-Jan-2020 20:28:37 Asia/Kolkata] PHP   1. {main}() /home/users/karan.negi/www/html/prestashop1761/admin7349hjnt3/index.php:0
[09-Jan-2020 20:28:37 Asia/Kolkata] PHP   2. Dispatcher->dispatch() /home/users/karan.negi/www/html/prestashop1761/admin7349hjnt3/index.php:97
[09-Jan-2020 20:28:37 Asia/Kolkata] PHP   3. AdminCartsController->run() /home/users/karan.negi/www/html/prestashop1761/classes/Dispatcher.php:515
[09-Jan-2020 20:28:37 Asia/Kolkata] PHP   4. AdminCartsController->displayAjaxSearchCarts() /home/users/karan.negi/www/html/prestashop1761/classes/controller/Controller.php:307
[09-Jan-2020 20:28:37 Asia/Kolkata] PHP   5. OrderCore::getCustomerOrders() /home/users/karan.negi/www/html/prestashop1761/controllers/admin/AdminCartsController.php:753
[09-Jan-2020 20:28:37 Asia/Kolkata] PHP Notice:  Undefined index:  in /home/users/karan.negi/www/html/prestashop1761/classes/order/Order.php on line 944
[09-Jan-2020 20:28:37 Asia/Kolkata] PHP Stack trace:
[09-Jan-2020 20:28:37 Asia/Kolkata] PHP   1. {main}() /home/users/karan.negi/www/html/prestashop1761/admin7349hjnt3/index.php:0
[09-Jan-2020 20:28:37 Asia/Kolkata] PHP   2. Dispatcher->dispatch() /home/users/karan.negi/www/html/prestashop1761/admin7349hjnt3/index.php:97
[09-Jan-2020 20:28:37 Asia/Kolkata] PHP   3. AdminCartsController->run() /home/users/karan.negi/www/html/prestashop1761/classes/Dispatcher.php:515
[09-Jan-2020 20:28:37 Asia/Kolkata] PHP   4. AdminCartsController->displayAjaxSearchCarts() /home/users/karan.negi/www/html/prestashop1761/classes/controller/Controller.php:307
[09-Jan-2020 20:28:37 Asia/Kolkata] PHP   5. OrderCore::getCustomerOrders() /home/users/karan.negi/www/html/prestashop1761/controllers/admin/AdminCartsController.php:753
[09-Jan-2020 20:28:37 Asia/Kolkata] PHP Notice:  Undefined index:  in /home/users/karan.negi/www/html/prestashop1761/classes/order/Order.php on line 945
[09-Jan-2020 20:28:37 Asia/Kolkata] PHP Stack trace:
[09-Jan-2020 20:28:37 Asia/Kolkata] PHP   1. {main}() /home/users/karan.negi/www/html/prestashop1761/admin7349hjnt3/index.php:0
[09-Jan-2020 20:28:37 Asia/Kolkata] PHP   2. Dispatcher->dispatch() /home/users/karan.negi/www/html/prestashop1761/admin7349hjnt3/index.php:97
[09-Jan-2020 20:28:37 Asia/Kolkata] PHP   3. AdminCartsController->run() /home/users/karan.negi/www/html/prestashop1761/classes/Dispatcher.php:515
[09-Jan-2020 20:28:37 Asia/Kolkata] PHP   4. AdminCartsController->displayAjaxSearchCarts() /home/users/karan.negi/www/html/prestashop1761/classes/controller/Controller.php:307
[09-Jan-2020 20:28:37 Asia/Kolkata] PHP   5. OrderCore::getCustomerOrders() /home/users/karan.negi/www/html/prestashop1761/controllers/admin/AdminCartsController.php:753
[09-Jan-2020 20:28:37 Asia/Kolkata] PHP Notice:  Undefined index:  in /home/users/karan.negi/www/html/prestashop1761/classes/order/Order.php on line 946
[09-Jan-2020 20:28:37 Asia/Kolkata] PHP Stack trace:
[09-Jan-2020 20:28:37 Asia/Kolkata] PHP   1. {main}() /home/users/karan.negi/www/html/prestashop1761/admin7349hjnt3/index.php:0
[09-Jan-2020 20:28:37 Asia/Kolkata] PHP   2. Dispatcher->dispatch() /home/users/karan.negi/www/html/prestashop1761/admin7349hjnt3/index.php:97
[09-Jan-2020 20:28:37 Asia/Kolkata] PHP   3. AdminCartsController->run() /home/users/karan.negi/www/html/prestashop1761/classes/Dispatcher.php:515
[09-Jan-2020 20:28:37 Asia/Kolkata] PHP   4. AdminCartsController->displayAjaxSearchCarts() /home/users/karan.negi/www/html/prestashop1761/classes/controller/Controller.php:307
[09-Jan-2020 20:28:37 Asia/Kolkata] PHP   5. OrderCore::getCustomerOrders() /home/users/karan.negi/www/html/prestashop1761/controllers/admin/AdminCartsController.php:753
[09-Jan-2020 20:28:37 Asia/Kolkata] PHP Notice:  Undefined index:  in /home/users/karan.negi/www/html/prestashop1761/classes/order/Order.php on line 944
[09-Jan-2020 20:28:37 Asia/Kolkata] PHP Stack trace:
[09-Jan-2020 20:28:37 Asia/Kolkata] PHP   1. {main}() /home/users/karan.negi/www/html/prestashop1761/admin7349hjnt3/index.php:0
[09-Jan-2020 20:28:37 Asia/Kolkata] PHP   2. Dispatcher->dispatch() /home/users/karan.negi/www/html/prestashop1761/admin7349hjnt3/index.php:97
[09-Jan-2020 20:28:37 Asia/Kolkata] PHP   3. AdminCartsController->run() /home/users/karan.negi/www/html/prestashop1761/classes/Dispatcher.php:515
[09-Jan-2020 20:28:37 Asia/Kolkata] PHP   4. AdminCartsController->displayAjaxSearchCarts() /home/users/karan.negi/www/html/prestashop1761/classes/controller/Controller.php:307
[09-Jan-2020 20:28:37 Asia/Kolkata] PHP   5. OrderCore::getCustomerOrders() /home/users/karan.negi/www/html/prestashop1761/controllers/admin/AdminCartsController.php:753
[09-Jan-2020 20:28:37 Asia/Kolkata] PHP Notice:  Undefined index:  in /home/users/karan.negi/www/html/prestashop1761/classes/order/Order.php on line 945
[09-Jan-2020 20:28:37 Asia/Kolkata] PHP Stack trace:
[09-Jan-2020 20:28:37 Asia/Kolkata] PHP   1. {main}() /home/users/karan.negi/www/html/prestashop1761/admin7349hjnt3/index.php:0
[09-Jan-2020 20:28:37 Asia/Kolkata] PHP   2. Dispatcher->dispatch() /home/users/karan.negi/www/html/prestashop1761/admin7349hjnt3/index.php:97
[09-Jan-2020 20:28:37 Asia/Kolkata] PHP   3. AdminCartsController->run() /home/users/karan.negi/www/html/prestashop1761/classes/Dispatcher.php:515
[09-Jan-2020 20:28:37 Asia/Kolkata] PHP   4. AdminCartsController->displayAjaxSearchCarts() /home/users/karan.negi/www/html/prestashop1761/classes/controller/Controller.php:307
[09-Jan-2020 20:28:37 Asia/Kolkata] PHP   5. OrderCore::getCustomerOrders() /home/users/karan.negi/www/html/prestashop1761/controllers/admin/AdminCartsController.php:753
[09-Jan-2020 20:28:37 Asia/Kolkata] PHP Notice:  Undefined index:  in /home/users/karan.negi/www/html/prestashop1761/classes/order/Order.php on line 946
[09-Jan-2020 20:28:37 Asia/Kolkata] PHP Stack trace:
[09-Jan-2020 20:28:37 Asia/Kolkata] PHP   1. {main}() /home/users/karan.negi/www/html/prestashop1761/admin7349hjnt3/index.php:0
[09-Jan-2020 20:28:37 Asia/Kolkata] PHP   2. Dispatcher->dispatch() /home/users/karan.negi/www/html/prestashop1761/admin7349hjnt3/index.php:97
[09-Jan-2020 20:28:37 Asia/Kolkata] PHP   3. AdminCartsController->run() /home/users/karan.negi/www/html/prestashop1761/classes/Dispatcher.php:515
[09-Jan-2020 20:28:37 Asia/Kolkata] PHP   4. AdminCartsController->displayAjaxSearchCarts() /home/users/karan.negi/www/html/prestashop1761/classes/controller/Controller.php:307
[09-Jan-2020 20:28:37 Asia/Kolkata] PHP   5. OrderCore::getCustomerOrders() /home/users/karan.negi/www/html/prestashop1761/controllers/admin/AdminCartsController.php:753
[09-Jan-2020 20:28:37 Asia/Kolkata] PHP Notice:  Undefined index:  in /home/users/karan.negi/www/html/prestashop1761/classes/order/Order.php on line 944
[09-Jan-2020 20:28:37 Asia/Kolkata] PHP Stack trace:
[09-Jan-2020 20:28:37 Asia/Kolkata] PHP   1. {main}() /home/users/karan.negi/www/html/prestashop1761/admin7349hjnt3/index.php:0
[09-Jan-2020 20:28:37 Asia/Kolkata] PHP   2. Dispatcher->dispatch() /home/users/karan.negi/www/html/prestashop1761/admin7349hjnt3/index.php:97
[09-Jan-2020 20:28:37 Asia/Kolkata] PHP   3. AdminCartsController->run() /home/users/karan.negi/www/html/prestashop1761/classes/Dispatcher.php:515
[09-Jan-2020 20:28:37 Asia/Kolkata] PHP   4. AdminCartsController->displayAjaxSearchCarts() /home/users/karan.negi/www/html/prestashop1761/classes/controller/Controller.php:307
[09-Jan-2020 20:28:37 Asia/Kolkata] PHP   5. OrderCore::getCustomerOrders() /home/users/karan.negi/www/html/prestashop1761/controllers/admin/AdminCartsController.php:753
[09-Jan-2020 20:28:37 Asia/Kolkata] PHP Notice:  Undefined index:  in /home/users/karan.negi/www/html/prestashop1761/classes/order/Order.php on line 945
[09-Jan-2020 20:28:37 Asia/Kolkata] PHP Stack trace:
[09-Jan-2020 20:28:37 Asia/Kolkata] PHP   1. {main}() /home/users/karan.negi/www/html/prestashop1761/admin7349hjnt3/index.php:0
[09-Jan-2020 20:28:37 Asia/Kolkata] PHP   2. Dispatcher->dispatch() /home/users/karan.negi/www/html/prestashop1761/admin7349hjnt3/index.php:97
[09-Jan-2020 20:28:37 Asia/Kolkata] PHP   3. AdminCartsController->run() /home/users/karan.negi/www/html/prestashop1761/classes/Dispatcher.php:515
[09-Jan-2020 20:28:37 Asia/Kolkata] PHP   4. AdminCartsController->displayAjaxSearchCarts() /home/users/karan.negi/www/html/prestashop1761/classes/controller/Controller.php:307
[09-Jan-2020 20:28:37 Asia/Kolkata] PHP   5. OrderCore::getCustomerOrders() /home/users/karan.negi/www/html/prestashop1761/controllers/admin/AdminCartsController.php:753
[09-Jan-2020 20:28:37 Asia/Kolkata] PHP Notice:  Undefined index:  in /home/users/karan.negi/www/html/prestashop1761/classes/order/Order.php on line 946
[09-Jan-2020 20:28:37 Asia/Kolkata] PHP Stack trace:
[09-Jan-2020 20:28:37 Asia/Kolkata] PHP   1. {main}() /home/users/karan.negi/www/html/prestashop1761/admin7349hjnt3/index.php:0
[09-Jan-2020 20:28:37 Asia/Kolkata] PHP   2. Dispatcher->dispatch() /home/users/karan.negi/www/html/prestashop1761/admin7349hjnt3/index.php:97
[09-Jan-2020 20:28:37 Asia/Kolkata] PHP   3. AdminCartsController->run() /home/users/karan.negi/www/html/prestashop1761/classes/Dispatcher.php:515
[09-Jan-2020 20:28:37 Asia/Kolkata] PHP   4. AdminCartsController->displayAjaxSearchCarts() /home/users/karan.negi/www/html/prestashop1761/classes/controller/Controller.php:307
[09-Jan-2020 20:28:37 Asia/Kolkata] PHP   5. OrderCore::getCustomerOrders() /home/users/karan.negi/www/html/prestashop1761/controllers/admin/AdminCartsController.php:753
[09-Jan-2020 20:28:37 Asia/Kolkata] PHP Notice:  Undefined index:  in /home/users/karan.negi/www/html/prestashop1761/classes/order/Order.php on line 944
[09-Jan-2020 20:28:37 Asia/Kolkata] PHP Stack trace:
[09-Jan-2020 20:28:37 Asia/Kolkata] PHP   1. {main}() /home/users/karan.negi/www/html/prestashop1761/admin7349hjnt3/index.php:0
[09-Jan-2020 20:28:37 Asia/Kolkata] PHP   2. Dispatcher->dispatch() /home/users/karan.negi/www/html/prestashop1761/admin7349hjnt3/index.php:97
[09-Jan-2020 20:28:37 Asia/Kolkata] PHP   3. AdminCartsController->run() /home/users/karan.negi/www/html/prestashop1761/classes/Dispatcher.php:515
[09-Jan-2020 20:28:37 Asia/Kolkata] PHP   4. AdminCartsController->displayAjaxSearchCarts() /home/users/karan.negi/www/html/prestashop1761/classes/controller/Controller.php:307
[09-Jan-2020 20:28:37 Asia/Kolkata] PHP   5. OrderCore::getCustomerOrders() /home/users/karan.negi/www/html/prestashop1761/controllers/admin/AdminCartsController.php:753
[09-Jan-2020 20:28:37 Asia/Kolkata] PHP Notice:  Undefined index:  in /home/users/karan.negi/www/html/prestashop1761/classes/order/Order.php on line 945
[09-Jan-2020 20:28:37 Asia/Kolkata] PHP Stack trace:
[09-Jan-2020 20:28:37 Asia/Kolkata] PHP   1. {main}() /home/users/karan.negi/www/html/prestashop1761/admin7349hjnt3/index.php:0
[09-Jan-2020 20:28:37 Asia/Kolkata] PHP   2. Dispatcher->dispatch() /home/users/karan.negi/www/html/prestashop1761/admin7349hjnt3/index.php:97
[09-Jan-2020 20:28:37 Asia/Kolkata] PHP   3. AdminCartsController->run() /home/users/karan.negi/www/html/prestashop1761/classes/Dispatcher.php:515
[09-Jan-2020 20:28:37 Asia/Kolkata] PHP   4. AdminCartsController->displayAjaxSearchCarts() /home/users/karan.negi/www/html/prestashop1761/classes/controller/Controller.php:307
[09-Jan-2020 20:28:37 Asia/Kolkata] PHP   5. OrderCore::getCustomerOrders() /home/users/karan.negi/www/html/prestashop1761/controllers/admin/AdminCartsController.php:753
[09-Jan-2020 20:28:37 Asia/Kolkata] PHP Notice:  Undefined index:  in /home/users/karan.negi/www/html/prestashop1761/classes/order/Order.php on line 946
[09-Jan-2020 20:28:37 Asia/Kolkata] PHP Stack trace:
[09-Jan-2020 20:28:37 Asia/Kolkata] PHP   1. {main}() /home/users/karan.negi/www/html/prestashop1761/admin7349hjnt3/index.php:0
[09-Jan-2020 20:28:37 Asia/Kolkata] PHP   2. Dispatcher->dispatch() /home/users/karan.negi/www/html/prestashop1761/admin7349hjnt3/index.php:97
[09-Jan-2020 20:28:37 Asia/Kolkata] PHP   3. AdminCartsController->run() /home/users/karan.negi/www/html/prestashop1761/classes/Dispatcher.php:515
[09-Jan-2020 20:28:37 Asia/Kolkata] PHP   4. AdminCartsController->displayAjaxSearchCarts() /home/users/karan.negi/www/html/prestashop1761/classes/controller/Controller.php:307
[09-Jan-2020 20:28:37 Asia/Kolkata] PHP   5. OrderCore::getCustomerOrders() /home/users/karan.negi/www/html/prestashop1761/controllers/admin/AdminCartsController.php:753
[09-Jan-2020 20:28:37 Asia/Kolkata] PHP Notice:  Undefined index:  in /home/users/karan.negi/www/html/prestashop1761/classes/order/Order.php on line 944
[09-Jan-2020 20:28:37 Asia/Kolkata] PHP Stack trace:
[09-Jan-2020 20:28:37 Asia/Kolkata] PHP   1. {main}() /home/users/karan.negi/www/html/prestashop1761/admin7349hjnt3/index.php:0
[09-Jan-2020 20:28:37 Asia/Kolkata] PHP   2. Dispatcher->dispatch() /home/users/karan.negi/www/html/prestashop1761/admin7349hjnt3/index.php:97
[09-Jan-2020 20:28:37 Asia/Kolkata] PHP   3. AdminCartsController->run() /home/users/karan.negi/www/html/prestashop1761/classes/Dispatcher.php:515
[09-Jan-2020 20:28:37 Asia/Kolkata] PHP   4. AdminCartsController->displayAjaxSearchCarts() /home/users/karan.negi/www/html/prestashop1761/classes/controller/Controller.php:307
[09-Jan-2020 20:28:37 Asia/Kolkata] PHP   5. OrderCore::getCustomerOrders() /home/users/karan.negi/www/html/prestashop1761/controllers/admin/AdminCartsController.php:753
[09-Jan-2020 20:28:37 Asia/Kolkata] PHP Notice:  Undefined index:  in /home/users/karan.negi/www/html/prestashop1761/classes/order/Order.php on line 945
[09-Jan-2020 20:28:37 Asia/Kolkata] PHP Stack trace:
[09-Jan-2020 20:28:37 Asia/Kolkata] PHP   1. {main}() /home/users/karan.negi/www/html/prestashop1761/admin7349hjnt3/index.php:0
[09-Jan-2020 20:28:37 Asia/Kolkata] PHP   2. Dispatcher->dispatch() /home/users/karan.negi/www/html/prestashop1761/admin7349hjnt3/index.php:97
[09-Jan-2020 20:28:37 Asia/Kolkata] PHP   3. AdminCartsController->run() /home/users/karan.negi/www/html/prestashop1761/classes/Dispatcher.php:515
[09-Jan-2020 20:28:37 Asia/Kolkata] PHP   4. AdminCartsController->displayAjaxSearchCarts() /home/users/karan.negi/www/html/prestashop1761/classes/controller/Controller.php:307
[09-Jan-2020 20:28:37 Asia/Kolkata] PHP   5. OrderCore::getCustomerOrders() /home/users/karan.negi/www/html/prestashop1761/controllers/admin/AdminCartsController.php:753
[09-Jan-2020 20:28:37 Asia/Kolkata] PHP Notice:  Undefined index:  in /home/users/karan.negi/www/html/prestashop1761/classes/order/Order.php on line 946
[09-Jan-2020 20:28:37 Asia/Kolkata] PHP Stack trace:
[09-Jan-2020 20:28:37 Asia/Kolkata] PHP   1. {main}() /home/users/karan.negi/www/html/prestashop1761/admin7349hjnt3/index.php:0
[09-Jan-2020 20:28:37 Asia/Kolkata] PHP   2. Dispatcher->dispatch() /home/users/karan.negi/www/html/prestashop1761/admin7349hjnt3/index.php:97
[09-Jan-2020 20:28:37 Asia/Kolkata] PHP   3. AdminCartsController->run() /home/users/karan.negi/www/html/prestashop1761/classes/Dispatcher.php:515
[09-Jan-2020 20:28:37 Asia/Kolkata] PHP   4. AdminCartsController->displayAjaxSearchCarts() /home/users/karan.negi/www/html/prestashop1761/classes/controller/Controller.php:307
[09-Jan-2020 20:28:37 Asia/Kolkata] PHP   5. OrderCore::getCustomerOrders() /home/users/karan.negi/www/html/prestashop1761/controllers/admin/AdminCartsController.php:753
[09-Jan-2020 20:28:37 Asia/Kolkata] PHP Notice:  Undefined index:  in /home/users/karan.negi/www/html/prestashop1761/classes/order/Order.php on line 944
[09-Jan-2020 20:28:37 Asia/Kolkata] PHP Stack trace:
[09-Jan-2020 20:28:37 Asia/Kolkata] PHP   1. {main}() /home/users/karan.negi/www/html/prestashop1761/admin7349hjnt3/index.php:0
[09-Jan-2020 20:28:37 Asia/Kolkata] PHP   2. Dispatcher->dispatch() /home/users/karan.negi/www/html/prestashop1761/admin7349hjnt3/index.php:97
[09-Jan-2020 20:28:37 Asia/Kolkata] PHP   3. AdminCartsController->run() /home/users/karan.negi/www/html/prestashop1761/classes/Dispatcher.php:515
[09-Jan-2020 20:28:37 Asia/Kolkata] PHP   4. AdminCartsController->displayAjaxSearchCarts() /home/users/karan.negi/www/html/prestashop1761/classes/controller/Controller.php:307
[09-Jan-2020 20:28:37 Asia/Kolkata] PHP   5. OrderCore::getCustomerOrders() /home/users/karan.negi/www/html/prestashop1761/controllers/admin/AdminCartsController.php:753
[09-Jan-2020 20:28:37 Asia/Kolkata] PHP Notice:  Undefined index:  in /home/users/karan.negi/www/html/prestashop1761/classes/order/Order.php on line 945
[09-Jan-2020 20:28:37 Asia/Kolkata] PHP Stack trace:
[09-Jan-2020 20:28:37 Asia/Kolkata] PHP   1. {main}() /home/users/karan.negi/www/html/prestashop1761/admin7349hjnt3/index.php:0
[09-Jan-2020 20:28:37 Asia/Kolkata] PHP   2. Dispatcher->dispatch() /home/users/karan.negi/www/html/prestashop1761/admin7349hjnt3/index.php:97
[09-Jan-2020 20:28:37 Asia/Kolkata] PHP   3. AdminCartsController->run() /home/users/karan.negi/www/html/prestashop1761/classes/Dispatcher.php:515
[09-Jan-2020 20:28:37 Asia/Kolkata] PHP   4. AdminCartsController->displayAjaxSearchCarts() /home/users/karan.negi/www/html/prestashop1761/classes/controller/Controller.php:307
[09-Jan-2020 20:28:37 Asia/Kolkata] PHP   5. OrderCore::getCustomerOrders() /home/users/karan.negi/www/html/prestashop1761/controllers/admin/AdminCartsController.php:753
[09-Jan-2020 20:28:37 Asia/Kolkata] PHP Notice:  Undefined index:  in /home/users/karan.negi/www/html/prestashop1761/classes/order/Order.php on line 946
[09-Jan-2020 20:28:37 Asia/Kolkata] PHP Stack trace:
[09-Jan-2020 20:28:37 Asia/Kolkata] PHP   1. {main}() /home/users/karan.negi/www/html/prestashop1761/admin7349hjnt3/index.php:0
[09-Jan-2020 20:28:37 Asia/Kolkata] PHP   2. Dispatcher->dispatch() /home/users/karan.negi/www/html/prestashop1761/admin7349hjnt3/index.php:97
[09-Jan-2020 20:28:37 Asia/Kolkata] PHP   3. AdminCartsController->run() /home/users/karan.negi/www/html/prestashop1761/classes/Dispatcher.php:515
[09-Jan-2020 20:28:37 Asia/Kolkata] PHP   4. AdminCartsController->displayAjaxSearchCarts() /home/users/karan.negi/www/html/prestashop1761/classes/controller/Controller.php:307
[09-Jan-2020 20:28:37 Asia/Kolkata] PHP   5. OrderCore::getCustomerOrders() /home/users/karan.negi/www/html/prestashop1761/controllers/admin/AdminCartsController.php:753
[09-Jan-2020 20:28:37 Asia/Kolkata] PHP Notice:  Undefined index:  in /home/users/karan.negi/www/html/prestashop1761/classes/order/Order.php on line 944
[09-Jan-2020 20:28:37 Asia/Kolkata] PHP Stack trace:
[09-Jan-2020 20:28:37 Asia/Kolkata] PHP   1. {main}() /home/users/karan.negi/www/html/prestashop1761/admin7349hjnt3/index.php:0
[09-Jan-2020 20:28:37 Asia/Kolkata] PHP   2. Dispatcher->dispatch() /home/users/karan.negi/www/html/prestashop1761/admin7349hjnt3/index.php:97
[09-Jan-2020 20:28:37 Asia/Kolkata] PHP   3. AdminCartsController->run() /home/users/karan.negi/www/html/prestashop1761/classes/Dispatcher.php:515
[09-Jan-2020 20:28:37 Asia/Kolkata] PHP   4. AdminCartsController->displayAjaxSearchCarts() /home/users/karan.negi/www/html/prestashop1761/classes/controller/Controller.php:307
[09-Jan-2020 20:28:37 Asia/Kolkata] PHP   5. OrderCore::getCustomerOrders() /home/users/karan.negi/www/html/prestashop1761/controllers/admin/AdminCartsController.php:753
[09-Jan-2020 20:28:37 Asia/Kolkata] PHP Notice:  Undefined index:  in /home/users/karan.negi/www/html/prestashop1761/classes/order/Order.php on line 945
[09-Jan-2020 20:28:37 Asia/Kolkata] PHP Stack trace:
[09-Jan-2020 20:28:37 Asia/Kolkata] PHP   1. {main}() /home/users/karan.negi/www/html/prestashop1761/admin7349hjnt3/index.php:0
[09-Jan-2020 20:28:37 Asia/Kolkata] PHP   2. Dispatcher->dispatch() /home/users/karan.negi/www/html/prestashop1761/admin7349hjnt3/index.php:97
[09-Jan-2020 20:28:37 Asia/Kolkata] PHP   3. AdminCartsController->run() /home/users/karan.negi/www/html/prestashop1761/classes/Dispatcher.php:515
[09-Jan-2020 20:28:37 Asia/Kolkata] PHP   4. AdminCartsController->displayAjaxSearchCarts() /home/users/karan.negi/www/html/prestashop1761/classes/controller/Controller.php:307
[09-Jan-2020 20:28:37 Asia/Kolkata] PHP   5. OrderCore::getCustomerOrders() /home/users/karan.negi/www/html/prestashop1761/controllers/admin/AdminCartsController.php:753
[09-Jan-2020 20:28:37 Asia/Kolkata] PHP Notice:  Undefined index:  in /home/users/karan.negi/www/html/prestashop1761/classes/order/Order.php on line 946
[09-Jan-2020 20:28:37 Asia/Kolkata] PHP Stack trace:
[09-Jan-2020 20:28:37 Asia/Kolkata] PHP   1. {main}() /home/users/karan.negi/www/html/prestashop1761/admin7349hjnt3/index.php:0
[09-Jan-2020 20:28:37 Asia/Kolkata] PHP   2. Dispatcher->dispatch() /home/users/karan.negi/www/html/prestashop1761/admin7349hjnt3/index.php:97
[09-Jan-2020 20:28:37 Asia/Kolkata] PHP   3. AdminCartsController->run() /home/users/karan.negi/www/html/prestashop1761/classes/Dispatcher.php:515
[09-Jan-2020 20:28:37 Asia/Kolkata] PHP   4. AdminCartsController->displayAjaxSearchCarts() /home/users/karan.negi/www/html/prestashop1761/classes/controller/Controller.php:307
[09-Jan-2020 20:28:37 Asia/Kolkata] PHP   5. OrderCore::getCustomerOrders() /home/users/karan.negi/www/html/prestashop1761/controllers/admin/AdminCartsController.php:753
[09-Jan-2020 20:28:37 Asia/Kolkata] PHP Notice:  Undefined index:  in /home/users/karan.negi/www/html/prestashop1761/classes/order/Order.php on line 944
[09-Jan-2020 20:28:37 Asia/Kolkata] PHP Stack trace:
[09-Jan-2020 20:28:37 Asia/Kolkata] PHP   1. {main}() /home/users/karan.negi/www/html/prestashop1761/admin7349hjnt3/index.php:0
[09-Jan-2020 20:28:37 Asia/Kolkata] PHP   2. Dispatcher->dispatch() /home/users/karan.negi/www/html/prestashop1761/admin7349hjnt3/index.php:97
[09-Jan-2020 20:28:37 Asia/Kolkata] PHP   3. AdminCartsController->run() /home/users/karan.negi/www/html/prestashop1761/classes/Dispatcher.php:515
[09-Jan-2020 20:28:37 Asia/Kolkata] PHP   4. AdminCartsController->displayAjaxSearchCarts() /home/users/karan.negi/www/html/prestashop1761/classes/controller/Controller.php:307
[09-Jan-2020 20:28:37 Asia/Kolkata] PHP   5. OrderCore::getCustomerOrders() /home/users/karan.negi/www/html/prestashop1761/controllers/admin/AdminCartsController.php:753
[09-Jan-2020 20:28:37 Asia/Kolkata] PHP Notice:  Undefined index:  in /home/users/karan.negi/www/html/prestashop1761/classes/order/Order.php on line 945
[09-Jan-2020 20:28:37 Asia/Kolkata] PHP Stack trace:
[09-Jan-2020 20:28:37 Asia/Kolkata] PHP   1. {main}() /home/users/karan.negi/www/html/prestashop1761/admin7349hjnt3/index.php:0
[09-Jan-2020 20:28:37 Asia/Kolkata] PHP   2. Dispatcher->dispatch() /home/users/karan.negi/www/html/prestashop1761/admin7349hjnt3/index.php:97
[09-Jan-2020 20:28:37 Asia/Kolkata] PHP   3. AdminCartsController->run() /home/users/karan.negi/www/html/prestashop1761/classes/Dispatcher.php:515
[09-Jan-2020 20:28:37 Asia/Kolkata] PHP   4. AdminCartsController->displayAjaxSearchCarts() /home/users/karan.negi/www/html/prestashop1761/classes/controller/Controller.php:307
[09-Jan-2020 20:28:37 Asia/Kolkata] PHP   5. OrderCore::getCustomerOrders() /home/users/karan.negi/www/html/prestashop1761/controllers/admin/AdminCartsController.php:753
[09-Jan-2020 20:28:37 Asia/Kolkata] PHP Notice:  Undefined index:  in /home/users/karan.negi/www/html/prestashop1761/classes/order/Order.php on line 946
[09-Jan-2020 20:28:37 Asia/Kolkata] PHP Stack trace:
[09-Jan-2020 20:28:37 Asia/Kolkata] PHP   1. {main}() /home/users/karan.negi/www/html/prestashop1761/admin7349hjnt3/index.php:0
[09-Jan-2020 20:28:37 Asia/Kolkata] PHP   2. Dispatcher->dispatch() /home/users/karan.negi/www/html/prestashop1761/admin7349hjnt3/index.php:97
[09-Jan-2020 20:28:37 Asia/Kolkata] PHP   3. AdminCartsController->run() /home/users/karan.negi/www/html/prestashop1761/classes/Dispatcher.php:515
[09-Jan-2020 20:28:37 Asia/Kolkata] PHP   4. AdminCartsController->displayAjaxSearchCarts() /home/users/karan.negi/www/html/prestashop1761/classes/controller/Controller.php:307
[09-Jan-2020 20:28:37 Asia/Kolkata] PHP   5. OrderCore::getCustomerOrders() /home/users/karan.negi/www/html/prestashop1761/controllers/admin/AdminCartsController.php:753
[09-Jan-2020 20:28:37 Asia/Kolkata] PHP Notice:  Undefined index:  in /home/users/karan.negi/www/html/prestashop1761/classes/order/Order.php on line 944
[09-Jan-2020 20:28:37 Asia/Kolkata] PHP Stack trace:
[09-Jan-2020 20:28:37 Asia/Kolkata] PHP   1. {main}() /home/users/karan.negi/www/html/prestashop1761/admin7349hjnt3/index.php:0
[09-Jan-2020 20:28:37 Asia/Kolkata] PHP   2. Dispatcher->dispatch() /home/users/karan.negi/www/html/prestashop1761/admin7349hjnt3/index.php:97
[09-Jan-2020 20:28:37 Asia/Kolkata] PHP   3. AdminCartsController->run() /home/users/karan.negi/www/html/prestashop1761/classes/Dispatcher.php:515
[09-Jan-2020 20:28:37 Asia/Kolkata] PHP   4. AdminCartsController->displayAjaxSearchCarts() /home/users/karan.negi/www/html/prestashop1761/classes/controller/Controller.php:307
[09-Jan-2020 20:28:37 Asia/Kolkata] PHP   5. OrderCore::getCustomerOrders() /home/users/karan.negi/www/html/prestashop1761/controllers/admin/AdminCartsController.php:753
[09-Jan-2020 20:28:37 Asia/Kolkata] PHP Notice:  Undefined index:  in /home/users/karan.negi/www/html/prestashop1761/classes/order/Order.php on line 945
[09-Jan-2020 20:28:37 Asia/Kolkata] PHP Stack trace:
[09-Jan-2020 20:28:37 Asia/Kolkata] PHP   1. {main}() /home/users/karan.negi/www/html/prestashop1761/admin7349hjnt3/index.php:0
[09-Jan-2020 20:28:37 Asia/Kolkata] PHP   2. Dispatcher->dispatch() /home/users/karan.negi/www/html/prestashop1761/admin7349hjnt3/index.php:97
[09-Jan-2020 20:28:37 Asia/Kolkata] PHP   3. AdminCartsController->run() /home/users/karan.negi/www/html/prestashop1761/classes/Dispatcher.php:515
[09-Jan-2020 20:28:37 Asia/Kolkata] PHP   4. AdminCartsController->displayAjaxSearchCarts() /home/users/karan.negi/www/html/prestashop1761/classes/controller/Controller.php:307
[09-Jan-2020 20:28:37 Asia/Kolkata] PHP   5. OrderCore::getCustomerOrders() /home/users/karan.negi/www/html/prestashop1761/controllers/admin/AdminCartsController.php:753
[09-Jan-2020 20:28:37 Asia/Kolkata] PHP Notice:  Undefined index:  in /home/users/karan.negi/www/html/prestashop1761/classes/order/Order.php on line 946
[09-Jan-2020 20:28:37 Asia/Kolkata] PHP Stack trace:
[09-Jan-2020 20:28:37 Asia/Kolkata] PHP   1. {main}() /home/users/karan.negi/www/html/prestashop1761/admin7349hjnt3/index.php:0
[09-Jan-2020 20:28:37 Asia/Kolkata] PHP   2. Dispatcher->dispatch() /home/users/karan.negi/www/html/prestashop1761/admin7349hjnt3/index.php:97
[09-Jan-2020 20:28:37 Asia/Kolkata] PHP   3. AdminCartsController->run() /home/users/karan.negi/www/html/prestashop1761/classes/Dispatcher.php:515
[09-Jan-2020 20:28:37 Asia/Kolkata] PHP   4. AdminCartsController->displayAjaxSearchCarts() /home/users/karan.negi/www/html/prestashop1761/classes/controller/Controller.php:307
[09-Jan-2020 20:28:37 Asia/Kolkata] PHP   5. OrderCore::getCustomerOrders() /home/users/karan.negi/www/html/prestashop1761/controllers/admin/AdminCartsController.php:753
[09-Jan-2020 20:28:37 Asia/Kolkata] PHP Notice:  Undefined index:  in /home/users/karan.negi/www/html/prestashop1761/classes/order/Order.php on line 944
[09-Jan-2020 20:28:37 Asia/Kolkata] PHP Stack trace:
[09-Jan-2020 20:28:37 Asia/Kolkata] PHP   1. {main}() /home/users/karan.negi/www/html/prestashop1761/admin7349hjnt3/index.php:0
[09-Jan-2020 20:28:37 Asia/Kolkata] PHP   2. Dispatcher->dispatch() /home/users/karan.negi/www/html/prestashop1761/admin7349hjnt3/index.php:97
[09-Jan-2020 20:28:37 Asia/Kolkata] PHP   3. AdminCartsController->run() /home/users/karan.negi/www/html/prestashop1761/classes/Dispatcher.php:515
[09-Jan-2020 20:28:37 Asia/Kolkata] PHP   4. AdminCartsController->displayAjaxSearchCarts() /home/users/karan.negi/www/html/prestashop1761/classes/controller/Controller.php:307
[09-Jan-2020 20:28:37 Asia/Kolkata] PHP   5. OrderCore::getCustomerOrders() /home/users/karan.negi/www/html/prestashop1761/controllers/admin/AdminCartsController.php:753
[09-Jan-2020 20:28:37 Asia/Kolkata] PHP Notice:  Undefined index:  in /home/users/karan.negi/www/html/prestashop1761/classes/order/Order.php on line 945
[09-Jan-2020 20:28:37 Asia/Kolkata] PHP Stack trace:
[09-Jan-2020 20:28:37 Asia/Kolkata] PHP   1. {main}() /home/users/karan.negi/www/html/prestashop1761/admin7349hjnt3/index.php:0
[09-Jan-2020 20:28:37 Asia/Kolkata] PHP   2. Dispatcher->dispatch() /home/users/karan.negi/www/html/prestashop1761/admin7349hjnt3/index.php:97
[09-Jan-2020 20:28:37 Asia/Kolkata] PHP   3. AdminCartsController->run() /home/users/karan.negi/www/html/prestashop1761/classes/Dispatcher.php:515
[09-Jan-2020 20:28:37 Asia/Kolkata] PHP   4. AdminCartsController->displayAjaxSearchCarts() /home/users/karan.negi/www/html/prestashop1761/classes/controller/Controller.php:307
[09-Jan-2020 20:28:37 Asia/Kolkata] PHP   5. OrderCore::getCustomerOrders() /home/users/karan.negi/www/html/prestashop1761/controllers/admin/AdminCartsController.php:753
[09-Jan-2020 20:28:37 Asia/Kolkata] PHP Notice:  Undefined index:  in /home/users/karan.negi/www/html/prestashop1761/classes/order/Order.php on line 946
[09-Jan-2020 20:28:37 Asia/Kolkata] PHP Stack trace:
[09-Jan-2020 20:28:37 Asia/Kolkata] PHP   1. {main}() /home/users/karan.negi/www/html/prestashop1761/admin7349hjnt3/index.php:0
[09-Jan-2020 20:28:37 Asia/Kolkata] PHP   2. Dispatcher->dispatch() /home/users/karan.negi/www/html/prestashop1761/admin7349hjnt3/index.php:97
[09-Jan-2020 20:28:37 Asia/Kolkata] PHP   3. AdminCartsController->run() /home/users/karan.negi/www/html/prestashop1761/classes/Dispatcher.php:515
[09-Jan-2020 20:28:37 Asia/Kolkata] PHP   4. AdminCartsController->displayAjaxSearchCarts() /home/users/karan.negi/www/html/prestashop1761/classes/controller/Controller.php:307
[09-Jan-2020 20:28:37 Asia/Kolkata] PHP   5. OrderCore::getCustomerOrders() /home/users/karan.negi/www/html/prestashop1761/controllers/admin/AdminCartsController.php:753
[09-Jan-2020 20:28:37 Asia/Kolkata] PHP Notice:  Undefined index: PS_CATALOG_MODE in /home/users/karan.negi/www/html/prestashop1761/var/cache/prod/smarty/compile/fe/7d/d0/fe7dd02f51054784f0cf32f599e89f6e6b17102d_0.file._select_payment.tpl.php on line 25
[09-Jan-2020 20:28:37 Asia/Kolkata] PHP Stack trace:
[09-Jan-2020 20:28:37 Asia/Kolkata] PHP   1. {main}() /home/users/karan.negi/www/html/prestashop1761/admin7349hjnt3/index.php:0
[09-Jan-2020 20:28:37 Asia/Kolkata] PHP   2. Dispatcher->dispatch() /home/users/karan.negi/www/html/prestashop1761/admin7349hjnt3/index.php:97
[09-Jan-2020 20:28:37 Asia/Kolkata] PHP   3. AdminOrdersController->run() /home/users/karan.negi/www/html/prestashop1761/classes/Dispatcher.php:515
[09-Jan-2020 20:28:37 Asia/Kolkata] PHP   4. AdminOrdersController->postProcess() /home/users/karan.negi/www/html/prestashop1761/classes/controller/Controller.php:281
[09-Jan-2020 20:28:37 Asia/Kolkata] PHP   5. AdminOrdersController->postProcess() /home/users/karan.negi/www/html/prestashop1761/controllers/admin/AdminOrdersController.php:1629
[09-Jan-2020 20:28:37 Asia/Kolkata] PHP   6. AdminOrdersController->ajaxProcessChangePaymentMethod() /home/users/karan.negi/www/html/prestashop1761/classes/controller/AdminController.php:944
[09-Jan-2020 20:28:37 Asia/Kolkata] PHP   7. Smarty_Internal_Template->fetch() /home/users/karan.negi/www/html/prestashop1761/controllers/admin/AdminOrdersController.php:3058
[09-Jan-2020 20:28:37 Asia/Kolkata] PHP   8. Smarty_Internal_Template->_execute() /home/users/karan.negi/www/html/prestashop1761/vendor/smarty/smarty/libs/sysplugins/smarty_internal_templatebase.php:116
[09-Jan-2020 20:28:37 Asia/Kolkata] PHP   9. Smarty_Internal_Template->render() /home/users/karan.negi/www/html/prestashop1761/vendor/smarty/smarty/libs/sysplugins/smarty_internal_templatebase.php:232
[09-Jan-2020 20:28:37 Asia/Kolkata] PHP  10. Smarty_Template_Compiled->render() /home/users/karan.negi/www/html/prestashop1761/vendor/smarty/smarty/libs/sysplugins/smarty_internal_template.php:216
[09-Jan-2020 20:28:37 Asia/Kolkata] PHP  11. Smarty_Template_Compiled->getRenderedTemplateCode() /home/users/karan.negi/www/html/prestashop1761/vendor/smarty/smarty/libs/sysplugins/smarty_template_compiled.php:114
[09-Jan-2020 20:28:37 Asia/Kolkata] PHP  12. content_5e16ddfac2a4d5_87153169() /home/users/karan.negi/www/html/prestashop1761/vendor/smarty/smarty/libs/sysplugins/smarty_template_resource_base.php:123
[09-Jan-2020 20:28:37 Asia/Kolkata] PHP Notice:  Trying to get property 'value' of non-object in /home/users/karan.negi/www/html/prestashop1761/var/cache/prod/smarty/compile/fe/7d/d0/fe7dd02f51054784f0cf32f599e89f6e6b17102d_0.file._select_payment.tpl.php on line 25
[09-Jan-2020 20:28:37 Asia/Kolkata] PHP Stack trace:
[09-Jan-2020 20:28:37 Asia/Kolkata] PHP   1. {main}() /home/users/karan.negi/www/html/prestashop1761/admin7349hjnt3/index.php:0
[09-Jan-2020 20:28:37 Asia/Kolkata] PHP   2. Dispatcher->dispatch() /home/users/karan.negi/www/html/prestashop1761/admin7349hjnt3/index.php:97
[09-Jan-2020 20:28:37 Asia/Kolkata] PHP   3. AdminOrdersController->run() /home/users/karan.negi/www/html/prestashop1761/classes/Dispatcher.php:515
[09-Jan-2020 20:28:37 Asia/Kolkata] PHP   4. AdminOrdersController->postProcess() /home/users/karan.negi/www/html/prestashop1761/classes/controller/Controller.php:281
[09-Jan-2020 20:28:37 Asia/Kolkata] PHP   5. AdminOrdersController->postProcess() /home/users/karan.negi/www/html/prestashop1761/controllers/admin/AdminOrdersController.php:1629
[09-Jan-2020 20:28:37 Asia/Kolkata] PHP   6. AdminOrdersController->ajaxProcessChangePaymentMethod() /home/users/karan.negi/www/html/prestashop1761/classes/controller/AdminController.php:944
[09-Jan-2020 20:28:37 Asia/Kolkata] PHP   7. Smarty_Internal_Template->fetch() /home/users/karan.negi/www/html/prestashop1761/controllers/admin/AdminOrdersController.php:3058
[09-Jan-2020 20:28:37 Asia/Kolkata] PHP   8. Smarty_Internal_Template->_execute() /home/users/karan.negi/www/html/prestashop1761/vendor/smarty/smarty/libs/sysplugins/smarty_internal_templatebase.php:116
[09-Jan-2020 20:28:37 Asia/Kolkata] PHP   9. Smarty_Internal_Template->render() /home/users/karan.negi/www/html/prestashop1761/vendor/smarty/smarty/libs/sysplugins/smarty_internal_templatebase.php:232
[09-Jan-2020 20:28:37 Asia/Kolkata] PHP  10. Smarty_Template_Compiled->render() /home/users/karan.negi/www/html/prestashop1761/vendor/smarty/smarty/libs/sysplugins/smarty_internal_template.php:216
[09-Jan-2020 20:28:37 Asia/Kolkata] PHP  11. Smarty_Template_Compiled->getRenderedTemplateCode() /home/users/karan.negi/www/html/prestashop1761/vendor/smarty/smarty/libs/sysplugins/smarty_template_compiled.php:114
[09-Jan-2020 20:28:37 Asia/Kolkata] PHP  12. content_5e16ddfac2a4d5_87153169() /home/users/karan.negi/www/html/prestashop1761/vendor/smarty/smarty/libs/sysplugins/smarty_template_resource_base.php:123
[09-Jan-2020 20:28:44 Asia/Kolkata] PHP Warning:  Cannot modify header information - headers already sent by (output started at /home/users/karan.negi/www/html/prestashop1761/controllers/admin/AdminCartsController.php:494) in /home/users/karan.negi/www/html/prestashop1761/classes/controller/AdminController.php on line 1899
[09-Jan-2020 20:28:44 Asia/Kolkata] PHP Stack trace:
[09-Jan-2020 20:28:44 Asia/Kolkata] PHP   1. {main}() /home/users/karan.negi/www/html/prestashop1761/admin7349hjnt3/index.php:0
[09-Jan-2020 20:28:44 Asia/Kolkata] PHP   2. Dispatcher->dispatch() /home/users/karan.negi/www/html/prestashop1761/admin7349hjnt3/index.php:97
[09-Jan-2020 20:28:44 Asia/Kolkata] PHP   3. AdminCartsController->run() /home/users/karan.negi/www/html/prestashop1761/classes/Dispatcher.php:515
[09-Jan-2020 20:28:44 Asia/Kolkata] PHP   4. AdminCartsController->initHeader() /home/users/karan.negi/www/html/prestashop1761/classes/controller/Controller.php:288
[09-Jan-2020 20:28:44 Asia/Kolkata] PHP   5. header() /home/users/karan.negi/www/html/prestashop1761/classes/controller/AdminController.php:1899
[09-Jan-2020 20:28:55 Asia/Kolkata] PHP Notice:  Undefined index:  in /home/users/karan.negi/www/html/prestashop1761/classes/order/Order.php on line 944
[09-Jan-2020 20:28:55 Asia/Kolkata] PHP Stack trace:
[09-Jan-2020 20:28:55 Asia/Kolkata] PHP   1. {main}() /home/users/karan.negi/www/html/prestashop1761/admin7349hjnt3/index.php:0
[09-Jan-2020 20:28:55 Asia/Kolkata] PHP   2. Dispatcher->dispatch() /home/users/karan.negi/www/html/prestashop1761/admin7349hjnt3/index.php:97
[09-Jan-2020 20:28:55 Asia/Kolkata] PHP   3. AdminCartsController->run() /home/users/karan.negi/www/html/prestashop1761/classes/Dispatcher.php:515
[09-Jan-2020 20:28:55 Asia/Kolkata] PHP   4. AdminCartsController->displayAjaxSearchCarts() /home/users/karan.negi/www/html/prestashop1761/classes/controller/Controller.php:307
[09-Jan-2020 20:28:55 Asia/Kolkata] PHP   5. OrderCore::getCustomerOrders() /home/users/karan.negi/www/html/prestashop1761/controllers/admin/AdminCartsController.php:753
[09-Jan-2020 20:28:55 Asia/Kolkata] PHP Notice:  Undefined index:  in /home/users/karan.negi/www/html/prestashop1761/classes/order/Order.php on line 945
[09-Jan-2020 20:28:55 Asia/Kolkata] PHP Stack trace:
[09-Jan-2020 20:28:55 Asia/Kolkata] PHP   1. {main}() /home/users/karan.negi/www/html/prestashop1761/admin7349hjnt3/index.php:0
[09-Jan-2020 20:28:55 Asia/Kolkata] PHP   2. Dispatcher->dispatch() /home/users/karan.negi/www/html/prestashop1761/admin7349hjnt3/index.php:97
[09-Jan-2020 20:28:55 Asia/Kolkata] PHP   3. AdminCartsController->run() /home/users/karan.negi/www/html/prestashop1761/classes/Dispatcher.php:515
[09-Jan-2020 20:28:55 Asia/Kolkata] PHP   4. AdminCartsController->displayAjaxSearchCarts() /home/users/karan.negi/www/html/prestashop1761/classes/controller/Controller.php:307
[09-Jan-2020 20:28:55 Asia/Kolkata] PHP   5. OrderCore::getCustomerOrders() /home/users/karan.negi/www/html/prestashop1761/controllers/admin/AdminCartsController.php:753
[09-Jan-2020 20:28:55 Asia/Kolkata] PHP Notice:  Undefined index:  in /home/users/karan.negi/www/html/prestashop1761/classes/order/Order.php on line 946
[09-Jan-2020 20:28:55 Asia/Kolkata] PHP Stack trace:
[09-Jan-2020 20:28:55 Asia/Kolkata] PHP   1. {main}() /home/users/karan.negi/www/html/prestashop1761/admin7349hjnt3/index.php:0
[09-Jan-2020 20:28:55 Asia/Kolkata] PHP   2. Dispatcher->dispatch() /home/users/karan.negi/www/html/prestashop1761/admin7349hjnt3/index.php:97
[09-Jan-2020 20:28:55 Asia/Kolkata] PHP   3. AdminCartsController->run() /home/users/karan.negi/www/html/prestashop1761/classes/Dispatcher.php:515
[09-Jan-2020 20:28:55 Asia/Kolkata] PHP   4. AdminCartsController->displayAjaxSearchCarts() /home/users/karan.negi/www/html/prestashop1761/classes/controller/Controller.php:307
[09-Jan-2020 20:28:55 Asia/Kolkata] PHP   5. OrderCore::getCustomerOrders() /home/users/karan.negi/www/html/prestashop1761/controllers/admin/AdminCartsController.php:753
[09-Jan-2020 20:28:55 Asia/Kolkata] PHP Notice:  Undefined index:  in /home/users/karan.negi/www/html/prestashop1761/classes/order/Order.php on line 944
[09-Jan-2020 20:28:55 Asia/Kolkata] PHP Stack trace:
[09-Jan-2020 20:28:55 Asia/Kolkata] PHP   1. {main}() /home/users/karan.negi/www/html/prestashop1761/admin7349hjnt3/index.php:0
[09-Jan-2020 20:28:55 Asia/Kolkata] PHP   2. Dispatcher->dispatch() /home/users/karan.negi/www/html/prestashop1761/admin7349hjnt3/index.php:97
[09-Jan-2020 20:28:55 Asia/Kolkata] PHP   3. AdminCartsController->run() /home/users/karan.negi/www/html/prestashop1761/classes/Dispatcher.php:515
[09-Jan-2020 20:28:55 Asia/Kolkata] PHP   4. AdminCartsController->displayAjaxSearchCarts() /home/users/karan.negi/www/html/prestashop1761/classes/controller/Controller.php:307
[09-Jan-2020 20:28:55 Asia/Kolkata] PHP   5. OrderCore::getCustomerOrders() /home/users/karan.negi/www/html/prestashop1761/controllers/admin/AdminCartsController.php:753
[09-Jan-2020 20:28:55 Asia/Kolkata] PHP Notice:  Undefined index:  in /home/users/karan.negi/www/html/prestashop1761/classes/order/Order.php on line 945
[09-Jan-2020 20:28:55 Asia/Kolkata] PHP Stack trace:
[09-Jan-2020 20:28:55 Asia/Kolkata] PHP   1. {main}() /home/users/karan.negi/www/html/prestashop1761/admin7349hjnt3/index.php:0
[09-Jan-2020 20:28:55 Asia/Kolkata] PHP   2. Dispatcher->dispatch() /home/users/karan.negi/www/html/prestashop1761/admin7349hjnt3/index.php:97
[09-Jan-2020 20:28:55 Asia/Kolkata] PHP   3. AdminCartsController->run() /home/users/karan.negi/www/html/prestashop1761/classes/Dispatcher.php:515
[09-Jan-2020 20:28:55 Asia/Kolkata] PHP   4. AdminCartsController->displayAjaxSearchCarts() /home/users/karan.negi/www/html/prestashop1761/classes/controller/Controller.php:307
[09-Jan-2020 20:28:55 Asia/Kolkata] PHP   5. OrderCore::getCustomerOrders() /home/users/karan.negi/www/html/prestashop1761/controllers/admin/AdminCartsController.php:753
[09-Jan-2020 20:28:55 Asia/Kolkata] PHP Notice:  Undefined index:  in /home/users/karan.negi/www/html/prestashop1761/classes/order/Order.php on line 946
[09-Jan-2020 20:28:55 Asia/Kolkata] PHP Stack trace:
[09-Jan-2020 20:28:55 Asia/Kolkata] PHP   1. {main}() /home/users/karan.negi/www/html/prestashop1761/admin7349hjnt3/index.php:0
[09-Jan-2020 20:28:55 Asia/Kolkata] PHP   2. Dispatcher->dispatch() /home/users/karan.negi/www/html/prestashop1761/admin7349hjnt3/index.php:97
[09-Jan-2020 20:28:55 Asia/Kolkata] PHP   3. AdminCartsController->run() /home/users/karan.negi/www/html/prestashop1761/classes/Dispatcher.php:515
[09-Jan-2020 20:28:55 Asia/Kolkata] PHP   4. AdminCartsController->displayAjaxSearchCarts() /home/users/karan.negi/www/html/prestashop1761/classes/controller/Controller.php:307
[09-Jan-2020 20:28:55 Asia/Kolkata] PHP   5. OrderCore::getCustomerOrders() /home/users/karan.negi/www/html/prestashop1761/controllers/admin/AdminCartsController.php:753
[09-Jan-2020 20:28:55 Asia/Kolkata] PHP Notice:  Undefined index:  in /home/users/karan.negi/www/html/prestashop1761/classes/order/Order.php on line 944
[09-Jan-2020 20:28:55 Asia/Kolkata] PHP Stack trace:
[09-Jan-2020 20:28:55 Asia/Kolkata] PHP   1. {main}() /home/users/karan.negi/www/html/prestashop1761/admin7349hjnt3/index.php:0
[09-Jan-2020 20:28:55 Asia/Kolkata] PHP   2. Dispatcher->dispatch() /home/users/karan.negi/www/html/prestashop1761/admin7349hjnt3/index.php:97
[09-Jan-2020 20:28:55 Asia/Kolkata] PHP   3. AdminCartsController->run() /home/users/karan.negi/www/html/prestashop1761/classes/Dispatcher.php:515
[09-Jan-2020 20:28:55 Asia/Kolkata] PHP   4. AdminCartsController->displayAjaxSearchCarts() /home/users/karan.negi/www/html/prestashop1761/classes/controller/Controller.php:307
[09-Jan-2020 20:28:55 Asia/Kolkata] PHP   5. OrderCore::getCustomerOrders() /home/users/karan.negi/www/html/prestashop1761/controllers/admin/AdminCartsController.php:753
[09-Jan-2020 20:28:55 Asia/Kolkata] PHP Notice:  Undefined index:  in /home/users/karan.negi/www/html/prestashop1761/classes/order/Order.php on line 945
[09-Jan-2020 20:28:55 Asia/Kolkata] PHP Stack trace:
[09-Jan-2020 20:28:55 Asia/Kolkata] PHP   1. {main}() /home/users/karan.negi/www/html/prestashop1761/admin7349hjnt3/index.php:0
[09-Jan-2020 20:28:55 Asia/Kolkata] PHP   2. Dispatcher->dispatch() /home/users/karan.negi/www/html/prestashop1761/admin7349hjnt3/index.php:97
[09-Jan-2020 20:28:55 Asia/Kolkata] PHP   3. AdminCartsController->run() /home/users/karan.negi/www/html/prestashop1761/classes/Dispatcher.php:515
[09-Jan-2020 20:28:55 Asia/Kolkata] PHP   4. AdminCartsController->displayAjaxSearchCarts() /home/users/karan.negi/www/html/prestashop1761/classes/controller/Controller.php:307
[09-Jan-2020 20:28:55 Asia/Kolkata] PHP   5. OrderCore::getCustomerOrders() /home/users/karan.negi/www/html/prestashop1761/controllers/admin/AdminCartsController.php:753
[09-Jan-2020 20:28:55 Asia/Kolkata] PHP Notice:  Undefined index:  in /home/users/karan.negi/www/html/prestashop1761/classes/order/Order.php on line 946
[09-Jan-2020 20:28:55 Asia/Kolkata] PHP Stack trace:
[09-Jan-2020 20:28:55 Asia/Kolkata] PHP   1. {main}() /home/users/karan.negi/www/html/prestashop1761/admin7349hjnt3/index.php:0
[09-Jan-2020 20:28:55 Asia/Kolkata] PHP   2. Dispatcher->dispatch() /home/users/karan.negi/www/html/prestashop1761/admin7349hjnt3/index.php:97
[09-Jan-2020 20:28:55 Asia/Kolkata] PHP   3. AdminCartsController->run() /home/users/karan.negi/www/html/prestashop1761/classes/Dispatcher.php:515
[09-Jan-2020 20:28:55 Asia/Kolkata] PHP   4. AdminCartsController->displayAjaxSearchCarts() /home/users/karan.negi/www/html/prestashop1761/classes/controller/Controller.php:307
[09-Jan-2020 20:28:55 Asia/Kolkata] PHP   5. OrderCore::getCustomerOrders() /home/users/karan.negi/www/html/prestashop1761/controllers/admin/AdminCartsController.php:753
[09-Jan-2020 20:28:55 Asia/Kolkata] PHP Notice:  Undefined index:  in /home/users/karan.negi/www/html/prestashop1761/classes/order/Order.php on line 944
[09-Jan-2020 20:28:55 Asia/Kolkata] PHP Stack trace:
[09-Jan-2020 20:28:55 Asia/Kolkata] PHP   1. {main}() /home/users/karan.negi/www/html/prestashop1761/admin7349hjnt3/index.php:0
[09-Jan-2020 20:28:55 Asia/Kolkata] PHP   2. Dispatcher->dispatch() /home/users/karan.negi/www/html/prestashop1761/admin7349hjnt3/index.php:97
[09-Jan-2020 20:28:55 Asia/Kolkata] PHP   3. AdminCartsController->run() /home/users/karan.negi/www/html/prestashop1761/classes/Dispatcher.php:515
[09-Jan-2020 20:28:55 Asia/Kolkata] PHP   4. AdminCartsController->displayAjaxSearchCarts() /home/users/karan.negi/www/html/prestashop1761/classes/controller/Controller.php:307
[09-Jan-2020 20:28:55 Asia/Kolkata] PHP   5. OrderCore::getCustomerOrders() /home/users/karan.negi/www/html/prestashop1761/controllers/admin/AdminCartsController.php:753
[09-Jan-2020 20:28:55 Asia/Kolkata] PHP Notice:  Undefined index:  in /home/users/karan.negi/www/html/prestashop1761/classes/order/Order.php on line 945
[09-Jan-2020 20:28:55 Asia/Kolkata] PHP Stack trace:
[09-Jan-2020 20:28:55 Asia/Kolkata] PHP   1. {main}() /home/users/karan.negi/www/html/prestashop1761/admin7349hjnt3/index.php:0
[09-Jan-2020 20:28:55 Asia/Kolkata] PHP   2. Dispatcher->dispatch() /home/users/karan.negi/www/html/prestashop1761/admin7349hjnt3/index.php:97
[09-Jan-2020 20:28:55 Asia/Kolkata] PHP   3. AdminCartsController->run() /home/users/karan.negi/www/html/prestashop1761/classes/Dispatcher.php:515
[09-Jan-2020 20:28:55 Asia/Kolkata] PHP   4. AdminCartsController->displayAjaxSearchCarts() /home/users/karan.negi/www/html/prestashop1761/classes/controller/Controller.php:307
[09-Jan-2020 20:28:55 Asia/Kolkata] PHP   5. OrderCore::getCustomerOrders() /home/users/karan.negi/www/html/prestashop1761/controllers/admin/AdminCartsController.php:753
[09-Jan-2020 20:28:55 Asia/Kolkata] PHP Notice:  Undefined index:  in /home/users/karan.negi/www/html/prestashop1761/classes/order/Order.php on line 946
[09-Jan-2020 20:28:55 Asia/Kolkata] PHP Stack trace:
[09-Jan-2020 20:28:55 Asia/Kolkata] PHP   1. {main}() /home/users/karan.negi/www/html/prestashop1761/admin7349hjnt3/index.php:0
[09-Jan-2020 20:28:55 Asia/Kolkata] PHP   2. Dispatcher->dispatch() /home/users/karan.negi/www/html/prestashop1761/admin7349hjnt3/index.php:97
[09-Jan-2020 20:28:55 Asia/Kolkata] PHP   3. AdminCartsController->run() /home/users/karan.negi/www/html/prestashop1761/classes/Dispatcher.php:515
[09-Jan-2020 20:28:55 Asia/Kolkata] PHP   4. AdminCartsController->displayAjaxSearchCarts() /home/users/karan.negi/www/html/prestashop1761/classes/controller/Controller.php:307
[09-Jan-2020 20:28:55 Asia/Kolkata] PHP   5. OrderCore::getCustomerOrders() /home/users/karan.negi/www/html/prestashop1761/controllers/admin/AdminCartsController.php:753
[09-Jan-2020 20:28:55 Asia/Kolkata] PHP Notice:  Undefined index:  in /home/users/karan.negi/www/html/prestashop1761/classes/order/Order.php on line 944
[09-Jan-2020 20:28:55 Asia/Kolkata] PHP Stack trace:
[09-Jan-2020 20:28:55 Asia/Kolkata] PHP   1. {main}() /home/users/karan.negi/www/html/prestashop1761/admin7349hjnt3/index.php:0
[09-Jan-2020 20:28:55 Asia/Kolkata] PHP   2. Dispatcher->dispatch() /home/users/karan.negi/www/html/prestashop1761/admin7349hjnt3/index.php:97
[09-Jan-2020 20:28:55 Asia/Kolkata] PHP   3. AdminCartsController->run() /home/users/karan.negi/www/html/prestashop1761/classes/Dispatcher.php:515
[09-Jan-2020 20:28:55 Asia/Kolkata] PHP   4. AdminCartsController->displayAjaxSearchCarts() /home/users/karan.negi/www/html/prestashop1761/classes/controller/Controller.php:307
[09-Jan-2020 20:28:55 Asia/Kolkata] PHP   5. OrderCore::getCustomerOrders() /home/users/karan.negi/www/html/prestashop1761/controllers/admin/AdminCartsController.php:753
[09-Jan-2020 20:28:55 Asia/Kolkata] PHP Notice:  Undefined index:  in /home/users/karan.negi/www/html/prestashop1761/classes/order/Order.php on line 945
[09-Jan-2020 20:28:55 Asia/Kolkata] PHP Stack trace:
[09-Jan-2020 20:28:55 Asia/Kolkata] PHP   1. {main}() /home/users/karan.negi/www/html/prestashop1761/admin7349hjnt3/index.php:0
[09-Jan-2020 20:28:55 Asia/Kolkata] PHP   2. Dispatcher->dispatch() /home/users/karan.negi/www/html/prestashop1761/admin7349hjnt3/index.php:97
[09-Jan-2020 20:28:55 Asia/Kolkata] PHP   3. AdminCartsController->run() /home/users/karan.negi/www/html/prestashop1761/classes/Dispatcher.php:515
[09-Jan-2020 20:28:55 Asia/Kolkata] PHP   4. AdminCartsController->displayAjaxSearchCarts() /home/users/karan.negi/www/html/prestashop1761/classes/controller/Controller.php:307
[09-Jan-2020 20:28:55 Asia/Kolkata] PHP   5. OrderCore::getCustomerOrders() /home/users/karan.negi/www/html/prestashop1761/controllers/admin/AdminCartsController.php:753
[09-Jan-2020 20:28:55 Asia/Kolkata] PHP Notice:  Undefined index:  in /home/users/karan.negi/www/html/prestashop1761/classes/order/Order.php on line 946
[09-Jan-2020 20:28:55 Asia/Kolkata] PHP Stack trace:
[09-Jan-2020 20:28:55 Asia/Kolkata] PHP   1. {main}() /home/users/karan.negi/www/html/prestashop1761/admin7349hjnt3/index.php:0
[09-Jan-2020 20:28:55 Asia/Kolkata] PHP   2. Dispatcher->dispatch() /home/users/karan.negi/www/html/prestashop1761/admin7349hjnt3/index.php:97
[09-Jan-2020 20:28:55 Asia/Kolkata] PHP   3. AdminCartsController->run() /home/users/karan.negi/www/html/prestashop1761/classes/Dispatcher.php:515
[09-Jan-2020 20:28:55 Asia/Kolkata] PHP   4. AdminCartsController->displayAjaxSearchCarts() /home/users/karan.negi/www/html/prestashop1761/classes/controller/Controller.php:307
[09-Jan-2020 20:28:55 Asia/Kolkata] PHP   5. OrderCore::getCustomerOrders() /home/users/karan.negi/www/html/prestashop1761/controllers/admin/AdminCartsController.php:753
[09-Jan-2020 20:28:55 Asia/Kolkata] PHP Notice:  Undefined index:  in /home/users/karan.negi/www/html/prestashop1761/classes/order/Order.php on line 944
[09-Jan-2020 20:28:55 Asia/Kolkata] PHP Stack trace:
[09-Jan-2020 20:28:55 Asia/Kolkata] PHP   1. {main}() /home/users/karan.negi/www/html/prestashop1761/admin7349hjnt3/index.php:0
[09-Jan-2020 20:28:55 Asia/Kolkata] PHP   2. Dispatcher->dispatch() /home/users/karan.negi/www/html/prestashop1761/admin7349hjnt3/index.php:97
[09-Jan-2020 20:28:55 Asia/Kolkata] PHP   3. AdminCartsController->run() /home/users/karan.negi/www/html/prestashop1761/classes/Dispatcher.php:515
[09-Jan-2020 20:28:55 Asia/Kolkata] PHP   4. AdminCartsController->displayAjaxSearchCarts() /home/users/karan.negi/www/html/prestashop1761/classes/controller/Controller.php:307
[09-Jan-2020 20:28:55 Asia/Kolkata] PHP   5. OrderCore::getCustomerOrders() /home/users/karan.negi/www/html/prestashop1761/controllers/admin/AdminCartsController.php:753
[09-Jan-2020 20:28:55 Asia/Kolkata] PHP Notice:  Undefined index:  in /home/users/karan.negi/www/html/prestashop1761/classes/order/Order.php on line 945
[09-Jan-2020 20:28:55 Asia/Kolkata] PHP Stack trace:
[09-Jan-2020 20:28:55 Asia/Kolkata] PHP   1. {main}() /home/users/karan.negi/www/html/prestashop1761/admin7349hjnt3/index.php:0
[09-Jan-2020 20:28:55 Asia/Kolkata] PHP   2. Dispatcher->dispatch() /home/users/karan.negi/www/html/prestashop1761/admin7349hjnt3/index.php:97
[09-Jan-2020 20:28:55 Asia/Kolkata] PHP   3. AdminCartsController->run() /home/users/karan.negi/www/html/prestashop1761/classes/Dispatcher.php:515
[09-Jan-2020 20:28:55 Asia/Kolkata] PHP   4. AdminCartsController->displayAjaxSearchCarts() /home/users/karan.negi/www/html/prestashop1761/classes/controller/Controller.php:307
[09-Jan-2020 20:28:55 Asia/Kolkata] PHP   5. OrderCore::getCustomerOrders() /home/users/karan.negi/www/html/prestashop1761/controllers/admin/AdminCartsController.php:753
[09-Jan-2020 20:28:55 Asia/Kolkata] PHP Notice:  Undefined index:  in /home/users/karan.negi/www/html/prestashop1761/classes/order/Order.php on line 946
[09-Jan-2020 20:28:55 Asia/Kolkata] PHP Stack trace:
[09-Jan-2020 20:28:55 Asia/Kolkata] PHP   1. {main}() /home/users/karan.negi/www/html/prestashop1761/admin7349hjnt3/index.php:0
[09-Jan-2020 20:28:55 Asia/Kolkata] PHP   2. Dispatcher->dispatch() /home/users/karan.negi/www/html/prestashop1761/admin7349hjnt3/index.php:97
[09-Jan-2020 20:28:55 Asia/Kolkata] PHP   3. AdminCartsController->run() /home/users/karan.negi/www/html/prestashop1761/classes/Dispatcher.php:515
[09-Jan-2020 20:28:55 Asia/Kolkata] PHP   4. AdminCartsController->displayAjaxSearchCarts() /home/users/karan.negi/www/html/prestashop1761/classes/controller/Controller.php:307
[09-Jan-2020 20:28:55 Asia/Kolkata] PHP   5. OrderCore::getCustomerOrders() /home/users/karan.negi/www/html/prestashop1761/controllers/admin/AdminCartsController.php:753
[09-Jan-2020 20:28:55 Asia/Kolkata] PHP Notice:  Undefined index:  in /home/users/karan.negi/www/html/prestashop1761/classes/order/Order.php on line 944
[09-Jan-2020 20:28:55 Asia/Kolkata] PHP Stack trace:
[09-Jan-2020 20:28:55 Asia/Kolkata] PHP   1. {main}() /home/users/karan.negi/www/html/prestashop1761/admin7349hjnt3/index.php:0
[09-Jan-2020 20:28:55 Asia/Kolkata] PHP   2. Dispatcher->dispatch() /home/users/karan.negi/www/html/prestashop1761/admin7349hjnt3/index.php:97
[09-Jan-2020 20:28:55 Asia/Kolkata] PHP   3. AdminCartsController->run() /home/users/karan.negi/www/html/prestashop1761/classes/Dispatcher.php:515
[09-Jan-2020 20:28:55 Asia/Kolkata] PHP   4. AdminCartsController->displayAjaxSearchCarts() /home/users/karan.negi/www/html/prestashop1761/classes/controller/Controller.php:307
[09-Jan-2020 20:28:55 Asia/Kolkata] PHP   5. OrderCore::getCustomerOrders() /home/users/karan.negi/www/html/prestashop1761/controllers/admin/AdminCartsController.php:753
[09-Jan-2020 20:28:55 Asia/Kolkata] PHP Notice:  Undefined index:  in /home/users/karan.negi/www/html/prestashop1761/classes/order/Order.php on line 945
[09-Jan-2020 20:28:55 Asia/Kolkata] PHP Stack trace:
[09-Jan-2020 20:28:55 Asia/Kolkata] PHP   1. {main}() /home/users/karan.negi/www/html/prestashop1761/admin7349hjnt3/index.php:0
[09-Jan-2020 20:28:55 Asia/Kolkata] PHP   2. Dispatcher->dispatch() /home/users/karan.negi/www/html/prestashop1761/admin7349hjnt3/index.php:97
[09-Jan-2020 20:28:55 Asia/Kolkata] PHP   3. AdminCartsController->run() /home/users/karan.negi/www/html/prestashop1761/classes/Dispatcher.php:515
[09-Jan-2020 20:28:55 Asia/Kolkata] PHP   4. AdminCartsController->displayAjaxSearchCarts() /home/users/karan.negi/www/html/prestashop1761/classes/controller/Controller.php:307
[09-Jan-2020 20:28:55 Asia/Kolkata] PHP   5. OrderCore::getCustomerOrders() /home/users/karan.negi/www/html/prestashop1761/controllers/admin/AdminCartsController.php:753
[09-Jan-2020 20:28:55 Asia/Kolkata] PHP Notice:  Undefined index:  in /home/users/karan.negi/www/html/prestashop1761/classes/order/Order.php on line 946
[09-Jan-2020 20:28:55 Asia/Kolkata] PHP Stack trace:
[09-Jan-2020 20:28:55 Asia/Kolkata] PHP   1. {main}() /home/users/karan.negi/www/html/prestashop1761/admin7349hjnt3/index.php:0
[09-Jan-2020 20:28:55 Asia/Kolkata] PHP   2. Dispatcher->dispatch() /home/users/karan.negi/www/html/prestashop1761/admin7349hjnt3/index.php:97
[09-Jan-2020 20:28:55 Asia/Kolkata] PHP   3. AdminCartsController->run() /home/users/karan.negi/www/html/prestashop1761/classes/Dispatcher.php:515
[09-Jan-2020 20:28:55 Asia/Kolkata] PHP   4. AdminCartsController->displayAjaxSearchCarts() /home/users/karan.negi/www/html/prestashop1761/classes/controller/Controller.php:307
[09-Jan-2020 20:28:55 Asia/Kolkata] PHP   5. OrderCore::getCustomerOrders() /home/users/karan.negi/www/html/prestashop1761/controllers/admin/AdminCartsController.php:753
[09-Jan-2020 20:28:55 Asia/Kolkata] PHP Notice:  Undefined index:  in /home/users/karan.negi/www/html/prestashop1761/classes/order/Order.php on line 944
[09-Jan-2020 20:28:55 Asia/Kolkata] PHP Stack trace:
[09-Jan-2020 20:28:55 Asia/Kolkata] PHP   1. {main}() /home/users/karan.negi/www/html/prestashop1761/admin7349hjnt3/index.php:0
[09-Jan-2020 20:28:55 Asia/Kolkata] PHP   2. Dispatcher->dispatch() /home/users/karan.negi/www/html/prestashop1761/admin7349hjnt3/index.php:97
[09-Jan-2020 20:28:55 Asia/Kolkata] PHP   3. AdminCartsController->run() /home/users/karan.negi/www/html/prestashop1761/classes/Dispatcher.php:515
[09-Jan-2020 20:28:55 Asia/Kolkata] PHP   4. AdminCartsController->displayAjaxSearchCarts() /home/users/karan.negi/www/html/prestashop1761/classes/controller/Controller.php:307
[09-Jan-2020 20:28:55 Asia/Kolkata] PHP   5. OrderCore::getCustomerOrders() /home/users/karan.negi/www/html/prestashop1761/controllers/admin/AdminCartsController.php:753
[09-Jan-2020 20:28:55 Asia/Kolkata] PHP Notice:  Undefined index:  in /home/users/karan.negi/www/html/prestashop1761/classes/order/Order.php on line 945
[09-Jan-2020 20:28:55 Asia/Kolkata] PHP Stack trace:
[09-Jan-2020 20:28:55 Asia/Kolkata] PHP   1. {main}() /home/users/karan.negi/www/html/prestashop1761/admin7349hjnt3/index.php:0
[09-Jan-2020 20:28:55 Asia/Kolkata] PHP   2. Dispatcher->dispatch() /home/users/karan.negi/www/html/prestashop1761/admin7349hjnt3/index.php:97
[09-Jan-2020 20:28:55 Asia/Kolkata] PHP   3. AdminCartsController->run() /home/users/karan.negi/www/html/prestashop1761/classes/Dispatcher.php:515
[09-Jan-2020 20:28:55 Asia/Kolkata] PHP   4. AdminCartsController->displayAjaxSearchCarts() /home/users/karan.negi/www/html/prestashop1761/classes/controller/Controller.php:307
[09-Jan-2020 20:28:55 Asia/Kolkata] PHP   5. OrderCore::getCustomerOrders() /home/users/karan.negi/www/html/prestashop1761/controllers/admin/AdminCartsController.php:753
[09-Jan-2020 20:28:55 Asia/Kolkata] PHP Notice:  Undefined index:  in /home/users/karan.negi/www/html/prestashop1761/classes/order/Order.php on line 946
[09-Jan-2020 20:28:55 Asia/Kolkata] PHP Stack trace:
[09-Jan-2020 20:28:55 Asia/Kolkata] PHP   1. {main}() /home/users/karan.negi/www/html/prestashop1761/admin7349hjnt3/index.php:0
[09-Jan-2020 20:28:55 Asia/Kolkata] PHP   2. Dispatcher->dispatch() /home/users/karan.negi/www/html/prestashop1761/admin7349hjnt3/index.php:97
[09-Jan-2020 20:28:55 Asia/Kolkata] PHP   3. AdminCartsController->run() /home/users/karan.negi/www/html/prestashop1761/classes/Dispatcher.php:515
[09-Jan-2020 20:28:55 Asia/Kolkata] PHP   4. AdminCartsController->displayAjaxSearchCarts() /home/users/karan.negi/www/html/prestashop1761/classes/controller/Controller.php:307
[09-Jan-2020 20:28:55 Asia/Kolkata] PHP   5. OrderCore::getCustomerOrders() /home/users/karan.negi/www/html/prestashop1761/controllers/admin/AdminCartsController.php:753
[09-Jan-2020 20:28:55 Asia/Kolkata] PHP Notice:  Undefined index:  in /home/users/karan.negi/www/html/prestashop1761/classes/order/Order.php on line 944
[09-Jan-2020 20:28:55 Asia/Kolkata] PHP Stack trace:
[09-Jan-2020 20:28:55 Asia/Kolkata] PHP   1. {main}() /home/users/karan.negi/www/html/prestashop1761/admin7349hjnt3/index.php:0
[09-Jan-2020 20:28:55 Asia/Kolkata] PHP   2. Dispatcher->dispatch() /home/users/karan.negi/www/html/prestashop1761/admin7349hjnt3/index.php:97
[09-Jan-2020 20:28:55 Asia/Kolkata] PHP   3. AdminCartsController->run() /home/users/karan.negi/www/html/prestashop1761/classes/Dispatcher.php:515
[09-Jan-2020 20:28:55 Asia/Kolkata] PHP   4. AdminCartsController->displayAjaxSearchCarts() /home/users/karan.negi/www/html/prestashop1761/classes/controller/Controller.php:307
[09-Jan-2020 20:28:55 Asia/Kolkata] PHP   5. OrderCore::getCustomerOrders() /home/users/karan.negi/www/html/prestashop1761/controllers/admin/AdminCartsController.php:753
[09-Jan-2020 20:28:55 Asia/Kolkata] PHP Notice:  Undefined index:  in /home/users/karan.negi/www/html/prestashop1761/classes/order/Order.php on line 945
[09-Jan-2020 20:28:55 Asia/Kolkata] PHP Stack trace:
[09-Jan-2020 20:28:55 Asia/Kolkata] PHP   1. {main}() /home/users/karan.negi/www/html/prestashop1761/admin7349hjnt3/index.php:0
[09-Jan-2020 20:28:55 Asia/Kolkata] PHP   2. Dispatcher->dispatch() /home/users/karan.negi/www/html/prestashop1761/admin7349hjnt3/index.php:97
[09-Jan-2020 20:28:55 Asia/Kolkata] PHP   3. AdminCartsController->run() /home/users/karan.negi/www/html/prestashop1761/classes/Dispatcher.php:515
[09-Jan-2020 20:28:55 Asia/Kolkata] PHP   4. AdminCartsController->displayAjaxSearchCarts() /home/users/karan.negi/www/html/prestashop1761/classes/controller/Controller.php:307
[09-Jan-2020 20:28:55 Asia/Kolkata] PHP   5. OrderCore::getCustomerOrders() /home/users/karan.negi/www/html/prestashop1761/controllers/admin/AdminCartsController.php:753
[09-Jan-2020 20:28:55 Asia/Kolkata] PHP Notice:  Undefined index:  in /home/users/karan.negi/www/html/prestashop1761/classes/order/Order.php on line 946
[09-Jan-2020 20:28:55 Asia/Kolkata] PHP Stack trace:
[09-Jan-2020 20:28:55 Asia/Kolkata] PHP   1. {main}() /home/users/karan.negi/www/html/prestashop1761/admin7349hjnt3/index.php:0
[09-Jan-2020 20:28:55 Asia/Kolkata] PHP   2. Dispatcher->dispatch() /home/users/karan.negi/www/html/prestashop1761/admin7349hjnt3/index.php:97
[09-Jan-2020 20:28:55 Asia/Kolkata] PHP   3. AdminCartsController->run() /home/users/karan.negi/www/html/prestashop1761/classes/Dispatcher.php:515
[09-Jan-2020 20:28:55 Asia/Kolkata] PHP   4. AdminCartsController->displayAjaxSearchCarts() /home/users/karan.negi/www/html/prestashop1761/classes/controller/Controller.php:307
[09-Jan-2020 20:28:55 Asia/Kolkata] PHP   5. OrderCore::getCustomerOrders() /home/users/karan.negi/www/html/prestashop1761/controllers/admin/AdminCartsController.php:753
[09-Jan-2020 20:28:55 Asia/Kolkata] PHP Notice:  Undefined index:  in /home/users/karan.negi/www/html/prestashop1761/classes/order/Order.php on line 944
[09-Jan-2020 20:28:55 Asia/Kolkata] PHP Stack trace:
[09-Jan-2020 20:28:55 Asia/Kolkata] PHP   1. {main}() /home/users/karan.negi/www/html/prestashop1761/admin7349hjnt3/index.php:0
[09-Jan-2020 20:28:55 Asia/Kolkata] PHP   2. Dispatcher->dispatch() /home/users/karan.negi/www/html/prestashop1761/admin7349hjnt3/index.php:97
[09-Jan-2020 20:28:55 Asia/Kolkata] PHP   3. AdminCartsController->run() /home/users/karan.negi/www/html/prestashop1761/classes/Dispatcher.php:515
[09-Jan-2020 20:28:55 Asia/Kolkata] PHP   4. AdminCartsController->displayAjaxSearchCarts() /home/users/karan.negi/www/html/prestashop1761/classes/controller/Controller.php:307
[09-Jan-2020 20:28:55 Asia/Kolkata] PHP   5. OrderCore::getCustomerOrders() /home/users/karan.negi/www/html/prestashop1761/controllers/admin/AdminCartsController.php:753
[09-Jan-2020 20:28:55 Asia/Kolkata] PHP Notice:  Undefined index:  in /home/users/karan.negi/www/html/prestashop1761/classes/order/Order.php on line 945
[09-Jan-2020 20:28:55 Asia/Kolkata] PHP Stack trace:
[09-Jan-2020 20:28:55 Asia/Kolkata] PHP   1. {main}() /home/users/karan.negi/www/html/prestashop1761/admin7349hjnt3/index.php:0
[09-Jan-2020 20:28:55 Asia/Kolkata] PHP   2. Dispatcher->dispatch() /home/users/karan.negi/www/html/prestashop1761/admin7349hjnt3/index.php:97
[09-Jan-2020 20:28:55 Asia/Kolkata] PHP   3. AdminCartsController->run() /home/users/karan.negi/www/html/prestashop1761/classes/Dispatcher.php:515
[09-Jan-2020 20:28:55 Asia/Kolkata] PHP   4. AdminCartsController->displayAjaxSearchCarts() /home/users/karan.negi/www/html/prestashop1761/classes/controller/Controller.php:307
[09-Jan-2020 20:28:55 Asia/Kolkata] PHP   5. OrderCore::getCustomerOrders() /home/users/karan.negi/www/html/prestashop1761/controllers/admin/AdminCartsController.php:753
[09-Jan-2020 20:28:55 Asia/Kolkata] PHP Notice:  Undefined index:  in /home/users/karan.negi/www/html/prestashop1761/classes/order/Order.php on line 946
[09-Jan-2020 20:28:55 Asia/Kolkata] PHP Stack trace:
[09-Jan-2020 20:28:55 Asia/Kolkata] PHP   1. {main}() /home/users/karan.negi/www/html/prestashop1761/admin7349hjnt3/index.php:0
[09-Jan-2020 20:28:55 Asia/Kolkata] PHP   2. Dispatcher->dispatch() /home/users/karan.negi/www/html/prestashop1761/admin7349hjnt3/index.php:97
[09-Jan-2020 20:28:55 Asia/Kolkata] PHP   3. AdminCartsController->run() /home/users/karan.negi/www/html/prestashop1761/classes/Dispatcher.php:515
[09-Jan-2020 20:28:55 Asia/Kolkata] PHP   4. AdminCartsController->displayAjaxSearchCarts() /home/users/karan.negi/www/html/prestashop1761/classes/controller/Controller.php:307
[09-Jan-2020 20:28:55 Asia/Kolkata] PHP   5. OrderCore::getCustomerOrders() /home/users/karan.negi/www/html/prestashop1761/controllers/admin/AdminCartsController.php:753
[09-Jan-2020 20:28:55 Asia/Kolkata] PHP Notice:  Undefined index:  in /home/users/karan.negi/www/html/prestashop1761/classes/order/Order.php on line 944
[09-Jan-2020 20:28:55 Asia/Kolkata] PHP Stack trace:
[09-Jan-2020 20:28:55 Asia/Kolkata] PHP   1. {main}() /home/users/karan.negi/www/html/prestashop1761/admin7349hjnt3/index.php:0
[09-Jan-2020 20:28:55 Asia/Kolkata] PHP   2. Dispatcher->dispatch() /home/users/karan.negi/www/html/prestashop1761/admin7349hjnt3/index.php:97
[09-Jan-2020 20:28:55 Asia/Kolkata] PHP   3. AdminCartsController->run() /home/users/karan.negi/www/html/prestashop1761/classes/Dispatcher.php:515
[09-Jan-2020 20:28:55 Asia/Kolkata] PHP   4. AdminCartsController->displayAjaxSearchCarts() /home/users/karan.negi/www/html/prestashop1761/classes/controller/Controller.php:307
[09-Jan-2020 20:28:55 Asia/Kolkata] PHP   5. OrderCore::getCustomerOrders() /home/users/karan.negi/www/html/prestashop1761/controllers/admin/AdminCartsController.php:753
[09-Jan-2020 20:28:55 Asia/Kolkata] PHP Notice:  Undefined index:  in /home/users/karan.negi/www/html/prestashop1761/classes/order/Order.php on line 945
[09-Jan-2020 20:28:55 Asia/Kolkata] PHP Stack trace:
[09-Jan-2020 20:28:55 Asia/Kolkata] PHP   1. {main}() /home/users/karan.negi/www/html/prestashop1761/admin7349hjnt3/index.php:0
[09-Jan-2020 20:28:55 Asia/Kolkata] PHP   2. Dispatcher->dispatch() /home/users/karan.negi/www/html/prestashop1761/admin7349hjnt3/index.php:97
[09-Jan-2020 20:28:55 Asia/Kolkata] PHP   3. AdminCartsController->run() /home/users/karan.negi/www/html/prestashop1761/classes/Dispatcher.php:515
[09-Jan-2020 20:28:55 Asia/Kolkata] PHP   4. AdminCartsController->displayAjaxSearchCarts() /home/users/karan.negi/www/html/prestashop1761/classes/controller/Controller.php:307
[09-Jan-2020 20:28:55 Asia/Kolkata] PHP   5. OrderCore::getCustomerOrders() /home/users/karan.negi/www/html/prestashop1761/controllers/admin/AdminCartsController.php:753
[09-Jan-2020 20:28:55 Asia/Kolkata] PHP Notice:  Undefined index:  in /home/users/karan.negi/www/html/prestashop1761/classes/order/Order.php on line 946
[09-Jan-2020 20:28:55 Asia/Kolkata] PHP Stack trace:
[09-Jan-2020 20:28:55 Asia/Kolkata] PHP   1. {main}() /home/users/karan.negi/www/html/prestashop1761/admin7349hjnt3/index.php:0
[09-Jan-2020 20:28:55 Asia/Kolkata] PHP   2. Dispatcher->dispatch() /home/users/karan.negi/www/html/prestashop1761/admin7349hjnt3/index.php:97
[09-Jan-2020 20:28:55 Asia/Kolkata] PHP   3. AdminCartsController->run() /home/users/karan.negi/www/html/prestashop1761/classes/Dispatcher.php:515
[09-Jan-2020 20:28:55 Asia/Kolkata] PHP   4. AdminCartsController->displayAjaxSearchCarts() /home/users/karan.negi/www/html/prestashop1761/classes/controller/Controller.php:307
[09-Jan-2020 20:28:55 Asia/Kolkata] PHP   5. OrderCore::getCustomerOrders() /home/users/karan.negi/www/html/prestashop1761/controllers/admin/AdminCartsController.php:753
[09-Jan-2020 20:28:55 Asia/Kolkata] PHP Notice:  Undefined index:  in /home/users/karan.negi/www/html/prestashop1761/classes/order/Order.php on line 944
[09-Jan-2020 20:28:55 Asia/Kolkata] PHP Stack trace:
[09-Jan-2020 20:28:55 Asia/Kolkata] PHP   1. {main}() /home/users/karan.negi/www/html/prestashop1761/admin7349hjnt3/index.php:0
[09-Jan-2020 20:28:55 Asia/Kolkata] PHP   2. Dispatcher->dispatch() /home/users/karan.negi/www/html/prestashop1761/admin7349hjnt3/index.php:97
[09-Jan-2020 20:28:55 Asia/Kolkata] PHP   3. AdminCartsController->run() /home/users/karan.negi/www/html/prestashop1761/classes/Dispatcher.php:515
[09-Jan-2020 20:28:55 Asia/Kolkata] PHP   4. AdminCartsController->displayAjaxSearchCarts() /home/users/karan.negi/www/html/prestashop1761/classes/controller/Controller.php:307
[09-Jan-2020 20:28:55 Asia/Kolkata] PHP   5. OrderCore::getCustomerOrders() /home/users/karan.negi/www/html/prestashop1761/controllers/admin/AdminCartsController.php:753
[09-Jan-2020 20:28:55 Asia/Kolkata] PHP Notice:  Undefined index:  in /home/users/karan.negi/www/html/prestashop1761/classes/order/Order.php on line 945
[09-Jan-2020 20:28:55 Asia/Kolkata] PHP Stack trace:
[09-Jan-2020 20:28:55 Asia/Kolkata] PHP   1. {main}() /home/users/karan.negi/www/html/prestashop1761/admin7349hjnt3/index.php:0
[09-Jan-2020 20:28:55 Asia/Kolkata] PHP   2. Dispatcher->dispatch() /home/users/karan.negi/www/html/prestashop1761/admin7349hjnt3/index.php:97
[09-Jan-2020 20:28:55 Asia/Kolkata] PHP   3. AdminCartsController->run() /home/users/karan.negi/www/html/prestashop1761/classes/Dispatcher.php:515
[09-Jan-2020 20:28:55 Asia/Kolkata] PHP   4. AdminCartsController->displayAjaxSearchCarts() /home/users/karan.negi/www/html/prestashop1761/classes/controller/Controller.php:307
[09-Jan-2020 20:28:55 Asia/Kolkata] PHP   5. OrderCore::getCustomerOrders() /home/users/karan.negi/www/html/prestashop1761/controllers/admin/AdminCartsController.php:753
[09-Jan-2020 20:28:55 Asia/Kolkata] PHP Notice:  Undefined index:  in /home/users/karan.negi/www/html/prestashop1761/classes/order/Order.php on line 946
[09-Jan-2020 20:28:55 Asia/Kolkata] PHP Stack trace:
[09-Jan-2020 20:28:55 Asia/Kolkata] PHP   1. {main}() /home/users/karan.negi/www/html/prestashop1761/admin7349hjnt3/index.php:0
[09-Jan-2020 20:28:55 Asia/Kolkata] PHP   2. Dispatcher->dispatch() /home/users/karan.negi/www/html/prestashop1761/admin7349hjnt3/index.php:97
[09-Jan-2020 20:28:55 Asia/Kolkata] PHP   3. AdminCartsController->run() /home/users/karan.negi/www/html/prestashop1761/classes/Dispatcher.php:515
[09-Jan-2020 20:28:55 Asia/Kolkata] PHP   4. AdminCartsController->displayAjaxSearchCarts() /home/users/karan.negi/www/html/prestashop1761/classes/controller/Controller.php:307
[09-Jan-2020 20:28:55 Asia/Kolkata] PHP   5. OrderCore::getCustomerOrders() /home/users/karan.negi/www/html/prestashop1761/controllers/admin/AdminCartsController.php:753
[09-Jan-2020 20:28:55 Asia/Kolkata] PHP Notice:  Undefined index:  in /home/users/karan.negi/www/html/prestashop1761/classes/order/Order.php on line 944
[09-Jan-2020 20:28:55 Asia/Kolkata] PHP Stack trace:
[09-Jan-2020 20:28:55 Asia/Kolkata] PHP   1. {main}() /home/users/karan.negi/www/html/prestashop1761/admin7349hjnt3/index.php:0
[09-Jan-2020 20:28:55 Asia/Kolkata] PHP   2. Dispatcher->dispatch() /home/users/karan.negi/www/html/prestashop1761/admin7349hjnt3/index.php:97
[09-Jan-2020 20:28:55 Asia/Kolkata] PHP   3. AdminCartsController->run() /home/users/karan.negi/www/html/prestashop1761/classes/Dispatcher.php:515
[09-Jan-2020 20:28:55 Asia/Kolkata] PHP   4. AdminCartsController->displayAjaxSearchCarts() /home/users/karan.negi/www/html/prestashop1761/classes/controller/Controller.php:307
[09-Jan-2020 20:28:55 Asia/Kolkata] PHP   5. OrderCore::getCustomerOrders() /home/users/karan.negi/www/html/prestashop1761/controllers/admin/AdminCartsController.php:753
[09-Jan-2020 20:28:55 Asia/Kolkata] PHP Notice:  Undefined index:  in /home/users/karan.negi/www/html/prestashop1761/classes/order/Order.php on line 945
[09-Jan-2020 20:28:55 Asia/Kolkata] PHP Stack trace:
[09-Jan-2020 20:28:55 Asia/Kolkata] PHP   1. {main}() /home/users/karan.negi/www/html/prestashop1761/admin7349hjnt3/index.php:0
[09-Jan-2020 20:28:55 Asia/Kolkata] PHP   2. Dispatcher->dispatch() /home/users/karan.negi/www/html/prestashop1761/admin7349hjnt3/index.php:97
[09-Jan-2020 20:28:55 Asia/Kolkata] PHP   3. AdminCartsController->run() /home/users/karan.negi/www/html/prestashop1761/classes/Dispatcher.php:515
[09-Jan-2020 20:28:55 Asia/Kolkata] PHP   4. AdminCartsController->displayAjaxSearchCarts() /home/users/karan.negi/www/html/prestashop1761/classes/controller/Controller.php:307
[09-Jan-2020 20:28:55 Asia/Kolkata] PHP   5. OrderCore::getCustomerOrders() /home/users/karan.negi/www/html/prestashop1761/controllers/admin/AdminCartsController.php:753
[09-Jan-2020 20:28:55 Asia/Kolkata] PHP Notice:  Undefined index:  in /home/users/karan.negi/www/html/prestashop1761/classes/order/Order.php on line 946
[09-Jan-2020 20:28:55 Asia/Kolkata] PHP Stack trace:
[09-Jan-2020 20:28:55 Asia/Kolkata] PHP   1. {main}() /home/users/karan.negi/www/html/prestashop1761/admin7349hjnt3/index.php:0
[09-Jan-2020 20:28:55 Asia/Kolkata] PHP   2. Dispatcher->dispatch() /home/users/karan.negi/www/html/prestashop1761/admin7349hjnt3/index.php:97
[09-Jan-2020 20:28:55 Asia/Kolkata] PHP   3. AdminCartsController->run() /home/users/karan.negi/www/html/prestashop1761/classes/Dispatcher.php:515
[09-Jan-2020 20:28:55 Asia/Kolkata] PHP   4. AdminCartsController->displayAjaxSearchCarts() /home/users/karan.negi/www/html/prestashop1761/classes/controller/Controller.php:307
[09-Jan-2020 20:28:55 Asia/Kolkata] PHP   5. OrderCore::getCustomerOrders() /home/users/karan.negi/www/html/prestashop1761/controllers/admin/AdminCartsController.php:753
[09-Jan-2020 20:28:55 Asia/Kolkata] PHP Notice:  Undefined index:  in /home/users/karan.negi/www/html/prestashop1761/classes/order/Order.php on line 944
[09-Jan-2020 20:28:55 Asia/Kolkata] PHP Stack trace:
[09-Jan-2020 20:28:55 Asia/Kolkata] PHP   1. {main}() /home/users/karan.negi/www/html/prestashop1761/admin7349hjnt3/index.php:0
[09-Jan-2020 20:28:55 Asia/Kolkata] PHP   2. Dispatcher->dispatch() /home/users/karan.negi/www/html/prestashop1761/admin7349hjnt3/index.php:97
[09-Jan-2020 20:28:55 Asia/Kolkata] PHP   3. AdminCartsController->run() /home/users/karan.negi/www/html/prestashop1761/classes/Dispatcher.php:515
[09-Jan-2020 20:28:55 Asia/Kolkata] PHP   4. AdminCartsController->displayAjaxSearchCarts() /home/users/karan.negi/www/html/prestashop1761/classes/controller/Controller.php:307
[09-Jan-2020 20:28:55 Asia/Kolkata] PHP   5. OrderCore::getCustomerOrders() /home/users/karan.negi/www/html/prestashop1761/controllers/admin/AdminCartsController.php:753
[09-Jan-2020 20:28:55 Asia/Kolkata] PHP Notice:  Undefined index:  in /home/users/karan.negi/www/html/prestashop1761/classes/order/Order.php on line 945
[09-Jan-2020 20:28:55 Asia/Kolkata] PHP Stack trace:
[09-Jan-2020 20:28:55 Asia/Kolkata] PHP   1. {main}() /home/users/karan.negi/www/html/prestashop1761/admin7349hjnt3/index.php:0
[09-Jan-2020 20:28:55 Asia/Kolkata] PHP   2. Dispatcher->dispatch() /home/users/karan.negi/www/html/prestashop1761/admin7349hjnt3/index.php:97
[09-Jan-2020 20:28:55 Asia/Kolkata] PHP   3. AdminCartsController->run() /home/users/karan.negi/www/html/prestashop1761/classes/Dispatcher.php:515
[09-Jan-2020 20:28:55 Asia/Kolkata] PHP   4. AdminCartsController->displayAjaxSearchCarts() /home/users/karan.negi/www/html/prestashop1761/classes/controller/Controller.php:307
[09-Jan-2020 20:28:55 Asia/Kolkata] PHP   5. OrderCore::getCustomerOrders() /home/users/karan.negi/www/html/prestashop1761/controllers/admin/AdminCartsController.php:753
[09-Jan-2020 20:28:55 Asia/Kolkata] PHP Notice:  Undefined index:  in /home/users/karan.negi/www/html/prestashop1761/classes/order/Order.php on line 946
[09-Jan-2020 20:28:55 Asia/Kolkata] PHP Stack trace:
[09-Jan-2020 20:28:55 Asia/Kolkata] PHP   1. {main}() /home/users/karan.negi/www/html/prestashop1761/admin7349hjnt3/index.php:0
[09-Jan-2020 20:28:55 Asia/Kolkata] PHP   2. Dispatcher->dispatch() /home/users/karan.negi/www/html/prestashop1761/admin7349hjnt3/index.php:97
[09-Jan-2020 20:28:55 Asia/Kolkata] PHP   3. AdminCartsController->run() /home/users/karan.negi/www/html/prestashop1761/classes/Dispatcher.php:515
[09-Jan-2020 20:28:55 Asia/Kolkata] PHP   4. AdminCartsController->displayAjaxSearchCarts() /home/users/karan.negi/www/html/prestashop1761/classes/controller/Controller.php:307
[09-Jan-2020 20:28:55 Asia/Kolkata] PHP   5. OrderCore::getCustomerOrders() /home/users/karan.negi/www/html/prestashop1761/controllers/admin/AdminCartsController.php:753
[09-Jan-2020 20:28:55 Asia/Kolkata] PHP Notice:  Undefined index:  in /home/users/karan.negi/www/html/prestashop1761/classes/order/Order.php on line 944
[09-Jan-2020 20:28:55 Asia/Kolkata] PHP Stack trace:
[09-Jan-2020 20:28:55 Asia/Kolkata] PHP   1. {main}() /home/users/karan.negi/www/html/prestashop1761/admin7349hjnt3/index.php:0
[09-Jan-2020 20:28:55 Asia/Kolkata] PHP   2. Dispatcher->dispatch() /home/users/karan.negi/www/html/prestashop1761/admin7349hjnt3/index.php:97
[09-Jan-2020 20:28:55 Asia/Kolkata] PHP   3. AdminCartsController->run() /home/users/karan.negi/www/html/prestashop1761/classes/Dispatcher.php:515
[09-Jan-2020 20:28:55 Asia/Kolkata] PHP   4. AdminCartsController->displayAjaxSearchCarts() /home/users/karan.negi/www/html/prestashop1761/classes/controller/Controller.php:307
[09-Jan-2020 20:28:55 Asia/Kolkata] PHP   5. OrderCore::getCustomerOrders() /home/users/karan.negi/www/html/prestashop1761/controllers/admin/AdminCartsController.php:753
[09-Jan-2020 20:28:55 Asia/Kolkata] PHP Notice:  Undefined index:  in /home/users/karan.negi/www/html/prestashop1761/classes/order/Order.php on line 945
[09-Jan-2020 20:28:55 Asia/Kolkata] PHP Stack trace:
[09-Jan-2020 20:28:55 Asia/Kolkata] PHP   1. {main}() /home/users/karan.negi/www/html/prestashop1761/admin7349hjnt3/index.php:0
[09-Jan-2020 20:28:55 Asia/Kolkata] PHP   2. Dispatcher->dispatch() /home/users/karan.negi/www/html/prestashop1761/admin7349hjnt3/index.php:97
[09-Jan-2020 20:28:55 Asia/Kolkata] PHP   3. AdminCartsController->run() /home/users/karan.negi/www/html/prestashop1761/classes/Dispatcher.php:515
[09-Jan-2020 20:28:55 Asia/Kolkata] PHP   4. AdminCartsController->displayAjaxSearchCarts() /home/users/karan.negi/www/html/prestashop1761/classes/controller/Controller.php:307
[09-Jan-2020 20:28:55 Asia/Kolkata] PHP   5. OrderCore::getCustomerOrders() /home/users/karan.negi/www/html/prestashop1761/controllers/admin/AdminCartsController.php:753
[09-Jan-2020 20:28:55 Asia/Kolkata] PHP Notice:  Undefined index:  in /home/users/karan.negi/www/html/prestashop1761/classes/order/Order.php on line 946
[09-Jan-2020 20:28:55 Asia/Kolkata] PHP Stack trace:
[09-Jan-2020 20:28:55 Asia/Kolkata] PHP   1. {main}() /home/users/karan.negi/www/html/prestashop1761/admin7349hjnt3/index.php:0
[09-Jan-2020 20:28:55 Asia/Kolkata] PHP   2. Dispatcher->dispatch() /home/users/karan.negi/www/html/prestashop1761/admin7349hjnt3/index.php:97
[09-Jan-2020 20:28:55 Asia/Kolkata] PHP   3. AdminCartsController->run() /home/users/karan.negi/www/html/prestashop1761/classes/Dispatcher.php:515
[09-Jan-2020 20:28:55 Asia/Kolkata] PHP   4. AdminCartsController->displayAjaxSearchCarts() /home/users/karan.negi/www/html/prestashop1761/classes/controller/Controller.php:307
[09-Jan-2020 20:28:55 Asia/Kolkata] PHP   5. OrderCore::getCustomerOrders() /home/users/karan.negi/www/html/prestashop1761/controllers/admin/AdminCartsController.php:753
[09-Jan-2020 20:28:55 Asia/Kolkata] PHP Notice:  Undefined index:  in /home/users/karan.negi/www/html/prestashop1761/classes/order/Order.php on line 944
[09-Jan-2020 20:28:55 Asia/Kolkata] PHP Stack trace:
[09-Jan-2020 20:28:55 Asia/Kolkata] PHP   1. {main}() /home/users/karan.negi/www/html/prestashop1761/admin7349hjnt3/index.php:0
[09-Jan-2020 20:28:55 Asia/Kolkata] PHP   2. Dispatcher->dispatch() /home/users/karan.negi/www/html/prestashop1761/admin7349hjnt3/index.php:97
[09-Jan-2020 20:28:55 Asia/Kolkata] PHP   3. AdminCartsController->run() /home/users/karan.negi/www/html/prestashop1761/classes/Dispatcher.php:515
[09-Jan-2020 20:28:55 Asia/Kolkata] PHP   4. AdminCartsController->displayAjaxSearchCarts() /home/users/karan.negi/www/html/prestashop1761/classes/controller/Controller.php:307
[09-Jan-2020 20:28:55 Asia/Kolkata] PHP   5. OrderCore::getCustomerOrders() /home/users/karan.negi/www/html/prestashop1761/controllers/admin/AdminCartsController.php:753
[09-Jan-2020 20:28:55 Asia/Kolkata] PHP Notice:  Undefined index:  in /home/users/karan.negi/www/html/prestashop1761/classes/order/Order.php on line 945
[09-Jan-2020 20:28:55 Asia/Kolkata] PHP Stack trace:
[09-Jan-2020 20:28:55 Asia/Kolkata] PHP   1. {main}() /home/users/karan.negi/www/html/prestashop1761/admin7349hjnt3/index.php:0
[09-Jan-2020 20:28:55 Asia/Kolkata] PHP   2. Dispatcher->dispatch() /home/users/karan.negi/www/html/prestashop1761/admin7349hjnt3/index.php:97
[09-Jan-2020 20:28:55 Asia/Kolkata] PHP   3. AdminCartsController->run() /home/users/karan.negi/www/html/prestashop1761/classes/Dispatcher.php:515
[09-Jan-2020 20:28:55 Asia/Kolkata] PHP   4. AdminCartsController->displayAjaxSearchCarts() /home/users/karan.negi/www/html/prestashop1761/classes/controller/Controller.php:307
[09-Jan-2020 20:28:55 Asia/Kolkata] PHP   5. OrderCore::getCustomerOrders() /home/users/karan.negi/www/html/prestashop1761/controllers/admin/AdminCartsController.php:753
[09-Jan-2020 20:28:55 Asia/Kolkata] PHP Notice:  Undefined index:  in /home/users/karan.negi/www/html/prestashop1761/classes/order/Order.php on line 946
[09-Jan-2020 20:28:55 Asia/Kolkata] PHP Stack trace:
[09-Jan-2020 20:28:55 Asia/Kolkata] PHP   1. {main}() /home/users/karan.negi/www/html/prestashop1761/admin7349hjnt3/index.php:0
[09-Jan-2020 20:28:55 Asia/Kolkata] PHP   2. Dispatcher->dispatch() /home/users/karan.negi/www/html/prestashop1761/admin7349hjnt3/index.php:97
[09-Jan-2020 20:28:55 Asia/Kolkata] PHP   3. AdminCartsController->run() /home/users/karan.negi/www/html/prestashop1761/classes/Dispatcher.php:515
[09-Jan-2020 20:28:55 Asia/Kolkata] PHP   4. AdminCartsController->displayAjaxSearchCarts() /home/users/karan.negi/www/html/prestashop1761/classes/controller/Controller.php:307
[09-Jan-2020 20:28:55 Asia/Kolkata] PHP   5. OrderCore::getCustomerOrders() /home/users/karan.negi/www/html/prestashop1761/controllers/admin/AdminCartsController.php:753
[09-Jan-2020 20:28:55 Asia/Kolkata] PHP Notice:  Undefined index:  in /home/users/karan.negi/www/html/prestashop1761/classes/order/Order.php on line 944
[09-Jan-2020 20:28:55 Asia/Kolkata] PHP Stack trace:
[09-Jan-2020 20:28:55 Asia/Kolkata] PHP   1. {main}() /home/users/karan.negi/www/html/prestashop1761/admin7349hjnt3/index.php:0
[09-Jan-2020 20:28:55 Asia/Kolkata] PHP   2. Dispatcher->dispatch() /home/users/karan.negi/www/html/prestashop1761/admin7349hjnt3/index.php:97
[09-Jan-2020 20:28:55 Asia/Kolkata] PHP   3. AdminCartsController->run() /home/users/karan.negi/www/html/prestashop1761/classes/Dispatcher.php:515
[09-Jan-2020 20:28:55 Asia/Kolkata] PHP   4. AdminCartsController->displayAjaxSearchCarts() /home/users/karan.negi/www/html/prestashop1761/classes/controller/Controller.php:307
[09-Jan-2020 20:28:55 Asia/Kolkata] PHP   5. OrderCore::getCustomerOrders() /home/users/karan.negi/www/html/prestashop1761/controllers/admin/AdminCartsController.php:753
[09-Jan-2020 20:28:55 Asia/Kolkata] PHP Notice:  Undefined index:  in /home/users/karan.negi/www/html/prestashop1761/classes/order/Order.php on line 945
[09-Jan-2020 20:28:55 Asia/Kolkata] PHP Stack trace:
[09-Jan-2020 20:28:55 Asia/Kolkata] PHP   1. {main}() /home/users/karan.negi/www/html/prestashop1761/admin7349hjnt3/index.php:0
[09-Jan-2020 20:28:55 Asia/Kolkata] PHP   2. Dispatcher->dispatch() /home/users/karan.negi/www/html/prestashop1761/admin7349hjnt3/index.php:97
[09-Jan-2020 20:28:55 Asia/Kolkata] PHP   3. AdminCartsController->run() /home/users/karan.negi/www/html/prestashop1761/classes/Dispatcher.php:515
[09-Jan-2020 20:28:55 Asia/Kolkata] PHP   4. AdminCartsController->displayAjaxSearchCarts() /home/users/karan.negi/www/html/prestashop1761/classes/controller/Controller.php:307
[09-Jan-2020 20:28:55 Asia/Kolkata] PHP   5. OrderCore::getCustomerOrders() /home/users/karan.negi/www/html/prestashop1761/controllers/admin/AdminCartsController.php:753
[09-Jan-2020 20:28:55 Asia/Kolkata] PHP Notice:  Undefined index:  in /home/users/karan.negi/www/html/prestashop1761/classes/order/Order.php on line 946
[09-Jan-2020 20:28:55 Asia/Kolkata] PHP Stack trace:
[09-Jan-2020 20:28:55 Asia/Kolkata] PHP   1. {main}() /home/users/karan.negi/www/html/prestashop1761/admin7349hjnt3/index.php:0
[09-Jan-2020 20:28:55 Asia/Kolkata] PHP   2. Dispatcher->dispatch() /home/users/karan.negi/www/html/prestashop1761/admin7349hjnt3/index.php:97
[09-Jan-2020 20:28:55 Asia/Kolkata] PHP   3. AdminCartsController->run() /home/users/karan.negi/www/html/prestashop1761/classes/Dispatcher.php:515
[09-Jan-2020 20:28:55 Asia/Kolkata] PHP   4. AdminCartsController->displayAjaxSearchCarts() /home/users/karan.negi/www/html/prestashop1761/classes/controller/Controller.php:307
[09-Jan-2020 20:28:55 Asia/Kolkata] PHP   5. OrderCore::getCustomerOrders() /home/users/karan.negi/www/html/prestashop1761/controllers/admin/AdminCartsController.php:753
[09-Jan-2020 20:28:55 Asia/Kolkata] PHP Notice:  Undefined index:  in /home/users/karan.negi/www/html/prestashop1761/classes/order/Order.php on line 944
[09-Jan-2020 20:28:55 Asia/Kolkata] PHP Stack trace:
[09-Jan-2020 20:28:55 Asia/Kolkata] PHP   1. {main}() /home/users/karan.negi/www/html/prestashop1761/admin7349hjnt3/index.php:0
[09-Jan-2020 20:28:55 Asia/Kolkata] PHP   2. Dispatcher->dispatch() /home/users/karan.negi/www/html/prestashop1761/admin7349hjnt3/index.php:97
[09-Jan-2020 20:28:55 Asia/Kolkata] PHP   3. AdminCartsController->run() /home/users/karan.negi/www/html/prestashop1761/classes/Dispatcher.php:515
[09-Jan-2020 20:28:55 Asia/Kolkata] PHP   4. AdminCartsController->displayAjaxSearchCarts() /home/users/karan.negi/www/html/prestashop1761/classes/controller/Controller.php:307
[09-Jan-2020 20:28:55 Asia/Kolkata] PHP   5. OrderCore::getCustomerOrders() /home/users/karan.negi/www/html/prestashop1761/controllers/admin/AdminCartsController.php:753
[09-Jan-2020 20:28:55 Asia/Kolkata] PHP Notice:  Undefined index:  in /home/users/karan.negi/www/html/prestashop1761/classes/order/Order.php on line 945
[09-Jan-2020 20:28:55 Asia/Kolkata] PHP Stack trace:
[09-Jan-2020 20:28:55 Asia/Kolkata] PHP   1. {main}() /home/users/karan.negi/www/html/prestashop1761/admin7349hjnt3/index.php:0
[09-Jan-2020 20:28:55 Asia/Kolkata] PHP   2. Dispatcher->dispatch() /home/users/karan.negi/www/html/prestashop1761/admin7349hjnt3/index.php:97
[09-Jan-2020 20:28:55 Asia/Kolkata] PHP   3. AdminCartsController->run() /home/users/karan.negi/www/html/prestashop1761/classes/Dispatcher.php:515
[09-Jan-2020 20:28:55 Asia/Kolkata] PHP   4. AdminCartsController->displayAjaxSearchCarts() /home/users/karan.negi/www/html/prestashop1761/classes/controller/Controller.php:307
[09-Jan-2020 20:28:55 Asia/Kolkata] PHP   5. OrderCore::getCustomerOrders() /home/users/karan.negi/www/html/prestashop1761/controllers/admin/AdminCartsController.php:753
[09-Jan-2020 20:28:55 Asia/Kolkata] PHP Notice:  Undefined index:  in /home/users/karan.negi/www/html/prestashop1761/classes/order/Order.php on line 946
[09-Jan-2020 20:28:55 Asia/Kolkata] PHP Stack trace:
[09-Jan-2020 20:28:55 Asia/Kolkata] PHP   1. {main}() /home/users/karan.negi/www/html/prestashop1761/admin7349hjnt3/index.php:0
[09-Jan-2020 20:28:55 Asia/Kolkata] PHP   2. Dispatcher->dispatch() /home/users/karan.negi/www/html/prestashop1761/admin7349hjnt3/index.php:97
[09-Jan-2020 20:28:55 Asia/Kolkata] PHP   3. AdminCartsController->run() /home/users/karan.negi/www/html/prestashop1761/classes/Dispatcher.php:515
[09-Jan-2020 20:28:55 Asia/Kolkata] PHP   4. AdminCartsController->displayAjaxSearchCarts() /home/users/karan.negi/www/html/prestashop1761/classes/controller/Controller.php:307
[09-Jan-2020 20:28:55 Asia/Kolkata] PHP   5. OrderCore::getCustomerOrders() /home/users/karan.negi/www/html/prestashop1761/controllers/admin/AdminCartsController.php:753
[09-Jan-2020 20:28:55 Asia/Kolkata] PHP Notice:  Undefined index:  in /home/users/karan.negi/www/html/prestashop1761/classes/order/Order.php on line 944
[09-Jan-2020 20:28:55 Asia/Kolkata] PHP Stack trace:
[09-Jan-2020 20:28:55 Asia/Kolkata] PHP   1. {main}() /home/users/karan.negi/www/html/prestashop1761/admin7349hjnt3/index.php:0
[09-Jan-2020 20:28:55 Asia/Kolkata] PHP   2. Dispatcher->dispatch() /home/users/karan.negi/www/html/prestashop1761/admin7349hjnt3/index.php:97
[09-Jan-2020 20:28:55 Asia/Kolkata] PHP   3. AdminCartsController->run() /home/users/karan.negi/www/html/prestashop1761/classes/Dispatcher.php:515
[09-Jan-2020 20:28:55 Asia/Kolkata] PHP   4. AdminCartsController->displayAjaxSearchCarts() /home/users/karan.negi/www/html/prestashop1761/classes/controller/Controller.php:307
[09-Jan-2020 20:28:55 Asia/Kolkata] PHP   5. OrderCore::getCustomerOrders() /home/users/karan.negi/www/html/prestashop1761/controllers/admin/AdminCartsController.php:753
[09-Jan-2020 20:28:55 Asia/Kolkata] PHP Notice:  Undefined index:  in /home/users/karan.negi/www/html/prestashop1761/classes/order/Order.php on line 945
[09-Jan-2020 20:28:55 Asia/Kolkata] PHP Stack trace:
[09-Jan-2020 20:28:55 Asia/Kolkata] PHP   1. {main}() /home/users/karan.negi/www/html/prestashop1761/admin7349hjnt3/index.php:0
[09-Jan-2020 20:28:55 Asia/Kolkata] PHP   2. Dispatcher->dispatch() /home/users/karan.negi/www/html/prestashop1761/admin7349hjnt3/index.php:97
[09-Jan-2020 20:28:55 Asia/Kolkata] PHP   3. AdminCartsController->run() /home/users/karan.negi/www/html/prestashop1761/classes/Dispatcher.php:515
[09-Jan-2020 20:28:55 Asia/Kolkata] PHP   4. AdminCartsController->displayAjaxSearchCarts() /home/users/karan.negi/www/html/prestashop1761/classes/controller/Controller.php:307
[09-Jan-2020 20:28:55 Asia/Kolkata] PHP   5. OrderCore::getCustomerOrders() /home/users/karan.negi/www/html/prestashop1761/controllers/admin/AdminCartsController.php:753
[09-Jan-2020 20:28:55 Asia/Kolkata] PHP Notice:  Undefined index:  in /home/users/karan.negi/www/html/prestashop1761/classes/order/Order.php on line 946
[09-Jan-2020 20:28:55 Asia/Kolkata] PHP Stack trace:
[09-Jan-2020 20:28:55 Asia/Kolkata] PHP   1. {main}() /home/users/karan.negi/www/html/prestashop1761/admin7349hjnt3/index.php:0
[09-Jan-2020 20:28:55 Asia/Kolkata] PHP   2. Dispatcher->dispatch() /home/users/karan.negi/www/html/prestashop1761/admin7349hjnt3/index.php:97
[09-Jan-2020 20:28:55 Asia/Kolkata] PHP   3. AdminCartsController->run() /home/users/karan.negi/www/html/prestashop1761/classes/Dispatcher.php:515
[09-Jan-2020 20:28:55 Asia/Kolkata] PHP   4. AdminCartsController->displayAjaxSearchCarts() /home/users/karan.negi/www/html/prestashop1761/classes/controller/Controller.php:307
[09-Jan-2020 20:28:55 Asia/Kolkata] PHP   5. OrderCore::getCustomerOrders() /home/users/karan.negi/www/html/prestashop1761/controllers/admin/AdminCartsController.php:753
[09-Jan-2020 20:28:55 Asia/Kolkata] PHP Notice:  Undefined index:  in /home/users/karan.negi/www/html/prestashop1761/classes/order/Order.php on line 944
[09-Jan-2020 20:28:55 Asia/Kolkata] PHP Stack trace:
[09-Jan-2020 20:28:55 Asia/Kolkata] PHP   1. {main}() /home/users/karan.negi/www/html/prestashop1761/admin7349hjnt3/index.php:0
[09-Jan-2020 20:28:55 Asia/Kolkata] PHP   2. Dispatcher->dispatch() /home/users/karan.negi/www/html/prestashop1761/admin7349hjnt3/index.php:97
[09-Jan-2020 20:28:55 Asia/Kolkata] PHP   3. AdminCartsController->run() /home/users/karan.negi/www/html/prestashop1761/classes/Dispatcher.php:515
[09-Jan-2020 20:28:55 Asia/Kolkata] PHP   4. AdminCartsController->displayAjaxSearchCarts() /home/users/karan.negi/www/html/prestashop1761/classes/controller/Controller.php:307
[09-Jan-2020 20:28:55 Asia/Kolkata] PHP   5. OrderCore::getCustomerOrders() /home/users/karan.negi/www/html/prestashop1761/controllers/admin/AdminCartsController.php:753
[09-Jan-2020 20:28:55 Asia/Kolkata] PHP Notice:  Undefined index:  in /home/users/karan.negi/www/html/prestashop1761/classes/order/Order.php on line 945
[09-Jan-2020 20:28:55 Asia/Kolkata] PHP Stack trace:
[09-Jan-2020 20:28:55 Asia/Kolkata] PHP   1. {main}() /home/users/karan.negi/www/html/prestashop1761/admin7349hjnt3/index.php:0
[09-Jan-2020 20:28:55 Asia/Kolkata] PHP   2. Dispatcher->dispatch() /home/users/karan.negi/www/html/prestashop1761/admin7349hjnt3/index.php:97
[09-Jan-2020 20:28:55 Asia/Kolkata] PHP   3. AdminCartsController->run() /home/users/karan.negi/www/html/prestashop1761/classes/Dispatcher.php:515
[09-Jan-2020 20:28:55 Asia/Kolkata] PHP   4. AdminCartsController->displayAjaxSearchCarts() /home/users/karan.negi/www/html/prestashop1761/classes/controller/Controller.php:307
[09-Jan-2020 20:28:55 Asia/Kolkata] PHP   5. OrderCore::getCustomerOrders() /home/users/karan.negi/www/html/prestashop1761/controllers/admin/AdminCartsController.php:753
[09-Jan-2020 20:28:55 Asia/Kolkata] PHP Notice:  Undefined index:  in /home/users/karan.negi/www/html/prestashop1761/classes/order/Order.php on line 946
[09-Jan-2020 20:28:55 Asia/Kolkata] PHP Stack trace:
[09-Jan-2020 20:28:55 Asia/Kolkata] PHP   1. {main}() /home/users/karan.negi/www/html/prestashop1761/admin7349hjnt3/index.php:0
[09-Jan-2020 20:28:55 Asia/Kolkata] PHP   2. Dispatcher->dispatch() /home/users/karan.negi/www/html/prestashop1761/admin7349hjnt3/index.php:97
[09-Jan-2020 20:28:55 Asia/Kolkata] PHP   3. AdminCartsController->run() /home/users/karan.negi/www/html/prestashop1761/classes/Dispatcher.php:515
[09-Jan-2020 20:28:55 Asia/Kolkata] PHP   4. AdminCartsController->displayAjaxSearchCarts() /home/users/karan.negi/www/html/prestashop1761/classes/controller/Controller.php:307
[09-Jan-2020 20:28:55 Asia/Kolkata] PHP   5. OrderCore::getCustomerOrders() /home/users/karan.negi/www/html/prestashop1761/controllers/admin/AdminCartsController.php:753
[09-Jan-2020 20:28:55 Asia/Kolkata] PHP Notice:  Undefined index:  in /home/users/karan.negi/www/html/prestashop1761/classes/order/Order.php on line 944
[09-Jan-2020 20:28:55 Asia/Kolkata] PHP Stack trace:
[09-Jan-2020 20:28:55 Asia/Kolkata] PHP   1. {main}() /home/users/karan.negi/www/html/prestashop1761/admin7349hjnt3/index.php:0
[09-Jan-2020 20:28:55 Asia/Kolkata] PHP   2. Dispatcher->dispatch() /home/users/karan.negi/www/html/prestashop1761/admin7349hjnt3/index.php:97
[09-Jan-2020 20:28:55 Asia/Kolkata] PHP   3. AdminCartsController->run() /home/users/karan.negi/www/html/prestashop1761/classes/Dispatcher.php:515
[09-Jan-2020 20:28:55 Asia/Kolkata] PHP   4. AdminCartsController->displayAjaxSearchCarts() /home/users/karan.negi/www/html/prestashop1761/classes/controller/Controller.php:307
[09-Jan-2020 20:28:55 Asia/Kolkata] PHP   5. OrderCore::getCustomerOrders() /home/users/karan.negi/www/html/prestashop1761/controllers/admin/AdminCartsController.php:753
[09-Jan-2020 20:28:55 Asia/Kolkata] PHP Notice:  Undefined index:  in /home/users/karan.negi/www/html/prestashop1761/classes/order/Order.php on line 945
[09-Jan-2020 20:28:55 Asia/Kolkata] PHP Stack trace:
[09-Jan-2020 20:28:55 Asia/Kolkata] PHP   1. {main}() /home/users/karan.negi/www/html/prestashop1761/admin7349hjnt3/index.php:0
[09-Jan-2020 20:28:55 Asia/Kolkata] PHP   2. Dispatcher->dispatch() /home/users/karan.negi/www/html/prestashop1761/admin7349hjnt3/index.php:97
[09-Jan-2020 20:28:55 Asia/Kolkata] PHP   3. AdminCartsController->run() /home/users/karan.negi/www/html/prestashop1761/classes/Dispatcher.php:515
[09-Jan-2020 20:28:55 Asia/Kolkata] PHP   4. AdminCartsController->displayAjaxSearchCarts() /home/users/karan.negi/www/html/prestashop1761/classes/controller/Controller.php:307
[09-Jan-2020 20:28:55 Asia/Kolkata] PHP   5. OrderCore::getCustomerOrders() /home/users/karan.negi/www/html/prestashop1761/controllers/admin/AdminCartsController.php:753
[09-Jan-2020 20:28:55 Asia/Kolkata] PHP Notice:  Undefined index:  in /home/users/karan.negi/www/html/prestashop1761/classes/order/Order.php on line 946
[09-Jan-2020 20:28:55 Asia/Kolkata] PHP Stack trace:
[09-Jan-2020 20:28:55 Asia/Kolkata] PHP   1. {main}() /home/users/karan.negi/www/html/prestashop1761/admin7349hjnt3/index.php:0
[09-Jan-2020 20:28:55 Asia/Kolkata] PHP   2. Dispatcher->dispatch() /home/users/karan.negi/www/html/prestashop1761/admin7349hjnt3/index.php:97
[09-Jan-2020 20:28:55 Asia/Kolkata] PHP   3. AdminCartsController->run() /home/users/karan.negi/www/html/prestashop1761/classes/Dispatcher.php:515
[09-Jan-2020 20:28:55 Asia/Kolkata] PHP   4. AdminCartsController->displayAjaxSearchCarts() /home/users/karan.negi/www/html/prestashop1761/classes/controller/Controller.php:307
[09-Jan-2020 20:28:55 Asia/Kolkata] PHP   5. OrderCore::getCustomerOrders() /home/users/karan.negi/www/html/prestashop1761/controllers/admin/AdminCartsController.php:753
[09-Jan-2020 20:28:55 Asia/Kolkata] PHP Notice:  Undefined index:  in /home/users/karan.negi/www/html/prestashop1761/classes/order/Order.php on line 944
[09-Jan-2020 20:28:55 Asia/Kolkata] PHP Stack trace:
[09-Jan-2020 20:28:55 Asia/Kolkata] PHP   1. {main}() /home/users/karan.negi/www/html/prestashop1761/admin7349hjnt3/index.php:0
[09-Jan-2020 20:28:55 Asia/Kolkata] PHP   2. Dispatcher->dispatch() /home/users/karan.negi/www/html/prestashop1761/admin7349hjnt3/index.php:97
[09-Jan-2020 20:28:55 Asia/Kolkata] PHP   3. AdminCartsController->run() /home/users/karan.negi/www/html/prestashop1761/classes/Dispatcher.php:515
[09-Jan-2020 20:28:55 Asia/Kolkata] PHP   4. AdminCartsController->displayAjaxSearchCarts() /home/users/karan.negi/www/html/prestashop1761/classes/controller/Controller.php:307
[09-Jan-2020 20:28:55 Asia/Kolkata] PHP   5. OrderCore::getCustomerOrders() /home/users/karan.negi/www/html/prestashop1761/controllers/admin/AdminCartsController.php:753
[09-Jan-2020 20:28:55 Asia/Kolkata] PHP Notice:  Undefined index:  in /home/users/karan.negi/www/html/prestashop1761/classes/order/Order.php on line 945
[09-Jan-2020 20:28:55 Asia/Kolkata] PHP Stack trace:
[09-Jan-2020 20:28:55 Asia/Kolkata] PHP   1. {main}() /home/users/karan.negi/www/html/prestashop1761/admin7349hjnt3/index.php:0
[09-Jan-2020 20:28:55 Asia/Kolkata] PHP   2. Dispatcher->dispatch() /home/users/karan.negi/www/html/prestashop1761/admin7349hjnt3/index.php:97
[09-Jan-2020 20:28:55 Asia/Kolkata] PHP   3. AdminCartsController->run() /home/users/karan.negi/www/html/prestashop1761/classes/Dispatcher.php:515
[09-Jan-2020 20:28:55 Asia/Kolkata] PHP   4. AdminCartsController->displayAjaxSearchCarts() /home/users/karan.negi/www/html/prestashop1761/classes/controller/Controller.php:307
[09-Jan-2020 20:28:55 Asia/Kolkata] PHP   5. OrderCore::getCustomerOrders() /home/users/karan.negi/www/html/prestashop1761/controllers/admin/AdminCartsController.php:753
[09-Jan-2020 20:28:55 Asia/Kolkata] PHP Notice:  Undefined index:  in /home/users/karan.negi/www/html/prestashop1761/classes/order/Order.php on line 946
[09-Jan-2020 20:28:55 Asia/Kolkata] PHP Stack trace:
[09-Jan-2020 20:28:55 Asia/Kolkata] PHP   1. {main}() /home/users/karan.negi/www/html/prestashop1761/admin7349hjnt3/index.php:0
[09-Jan-2020 20:28:55 Asia/Kolkata] PHP   2. Dispatcher->dispatch() /home/users/karan.negi/www/html/prestashop1761/admin7349hjnt3/index.php:97
[09-Jan-2020 20:28:55 Asia/Kolkata] PHP   3. AdminCartsController->run() /home/users/karan.negi/www/html/prestashop1761/classes/Dispatcher.php:515
[09-Jan-2020 20:28:55 Asia/Kolkata] PHP   4. AdminCartsController->displayAjaxSearchCarts() /home/users/karan.negi/www/html/prestashop1761/classes/controller/Controller.php:307
[09-Jan-2020 20:28:55 Asia/Kolkata] PHP   5. OrderCore::getCustomerOrders() /home/users/karan.negi/www/html/prestashop1761/controllers/admin/AdminCartsController.php:753
[09-Jan-2020 20:28:55 Asia/Kolkata] PHP Notice:  Undefined index:  in /home/users/karan.negi/www/html/prestashop1761/classes/order/Order.php on line 944
[09-Jan-2020 20:28:55 Asia/Kolkata] PHP Stack trace:
[09-Jan-2020 20:28:55 Asia/Kolkata] PHP   1. {main}() /home/users/karan.negi/www/html/prestashop1761/admin7349hjnt3/index.php:0
[09-Jan-2020 20:28:55 Asia/Kolkata] PHP   2. Dispatcher->dispatch() /home/users/karan.negi/www/html/prestashop1761/admin7349hjnt3/index.php:97
[09-Jan-2020 20:28:55 Asia/Kolkata] PHP   3. AdminCartsController->run() /home/users/karan.negi/www/html/prestashop1761/classes/Dispatcher.php:515
[09-Jan-2020 20:28:55 Asia/Kolkata] PHP   4. AdminCartsController->displayAjaxSearchCarts() /home/users/karan.negi/www/html/prestashop1761/classes/controller/Controller.php:307
[09-Jan-2020 20:28:55 Asia/Kolkata] PHP   5. OrderCore::getCustomerOrders() /home/users/karan.negi/www/html/prestashop1761/controllers/admin/AdminCartsController.php:753
[09-Jan-2020 20:28:55 Asia/Kolkata] PHP Notice:  Undefined index:  in /home/users/karan.negi/www/html/prestashop1761/classes/order/Order.php on line 945
[09-Jan-2020 20:28:55 Asia/Kolkata] PHP Stack trace:
[09-Jan-2020 20:28:55 Asia/Kolkata] PHP   1. {main}() /home/users/karan.negi/www/html/prestashop1761/admin7349hjnt3/index.php:0
[09-Jan-2020 20:28:55 Asia/Kolkata] PHP   2. Dispatcher->dispatch() /home/users/karan.negi/www/html/prestashop1761/admin7349hjnt3/index.php:97
[09-Jan-2020 20:28:55 Asia/Kolkata] PHP   3. AdminCartsController->run() /home/users/karan.negi/www/html/prestashop1761/classes/Dispatcher.php:515
[09-Jan-2020 20:28:55 Asia/Kolkata] PHP   4. AdminCartsController->displayAjaxSearchCarts() /home/users/karan.negi/www/html/prestashop1761/classes/controller/Controller.php:307
[09-Jan-2020 20:28:55 Asia/Kolkata] PHP   5. OrderCore::getCustomerOrders() /home/users/karan.negi/www/html/prestashop1761/controllers/admin/AdminCartsController.php:753
[09-Jan-2020 20:28:55 Asia/Kolkata] PHP Notice:  Undefined index:  in /home/users/karan.negi/www/html/prestashop1761/classes/order/Order.php on line 946
[09-Jan-2020 20:28:55 Asia/Kolkata] PHP Stack trace:
[09-Jan-2020 20:28:55 Asia/Kolkata] PHP   1. {main}() /home/users/karan.negi/www/html/prestashop1761/admin7349hjnt3/index.php:0
[09-Jan-2020 20:28:55 Asia/Kolkata] PHP   2. Dispatcher->dispatch() /home/users/karan.negi/www/html/prestashop1761/admin7349hjnt3/index.php:97
[09-Jan-2020 20:28:55 Asia/Kolkata] PHP   3. AdminCartsController->run() /home/users/karan.negi/www/html/prestashop1761/classes/Dispatcher.php:515
[09-Jan-2020 20:28:55 Asia/Kolkata] PHP   4. AdminCartsController->displayAjaxSearchCarts() /home/users/karan.negi/www/html/prestashop1761/classes/controller/Controller.php:307
[09-Jan-2020 20:28:55 Asia/Kolkata] PHP   5. OrderCore::getCustomerOrders() /home/users/karan.negi/www/html/prestashop1761/controllers/admin/AdminCartsController.php:753
[09-Jan-2020 20:28:55 Asia/Kolkata] PHP Notice:  Undefined index:  in /home/users/karan.negi/www/html/prestashop1761/classes/order/Order.php on line 944
[09-Jan-2020 20:28:55 Asia/Kolkata] PHP Stack trace:
[09-Jan-2020 20:28:55 Asia/Kolkata] PHP   1. {main}() /home/users/karan.negi/www/html/prestashop1761/admin7349hjnt3/index.php:0
[09-Jan-2020 20:28:55 Asia/Kolkata] PHP   2. Dispatcher->dispatch() /home/users/karan.negi/www/html/prestashop1761/admin7349hjnt3/index.php:97
[09-Jan-2020 20:28:55 Asia/Kolkata] PHP   3. AdminCartsController->run() /home/users/karan.negi/www/html/prestashop1761/classes/Dispatcher.php:515
[09-Jan-2020 20:28:55 Asia/Kolkata] PHP   4. AdminCartsController->displayAjaxSearchCarts() /home/users/karan.negi/www/html/prestashop1761/classes/controller/Controller.php:307
[09-Jan-2020 20:28:55 Asia/Kolkata] PHP   5. OrderCore::getCustomerOrders() /home/users/karan.negi/www/html/prestashop1761/controllers/admin/AdminCartsController.php:753
[09-Jan-2020 20:28:55 Asia/Kolkata] PHP Notice:  Undefined index:  in /home/users/karan.negi/www/html/prestashop1761/classes/order/Order.php on line 945
[09-Jan-2020 20:28:55 Asia/Kolkata] PHP Stack trace:
[09-Jan-2020 20:28:55 Asia/Kolkata] PHP   1. {main}() /home/users/karan.negi/www/html/prestashop1761/admin7349hjnt3/index.php:0
[09-Jan-2020 20:28:55 Asia/Kolkata] PHP   2. Dispatcher->dispatch() /home/users/karan.negi/www/html/prestashop1761/admin7349hjnt3/index.php:97
[09-Jan-2020 20:28:55 Asia/Kolkata] PHP   3. AdminCartsController->run() /home/users/karan.negi/www/html/prestashop1761/classes/Dispatcher.php:515
[09-Jan-2020 20:28:55 Asia/Kolkata] PHP   4. AdminCartsController->displayAjaxSearchCarts() /home/users/karan.negi/www/html/prestashop1761/classes/controller/Controller.php:307
[09-Jan-2020 20:28:55 Asia/Kolkata] PHP   5. OrderCore::getCustomerOrders() /home/users/karan.negi/www/html/prestashop1761/controllers/admin/AdminCartsController.php:753
[09-Jan-2020 20:28:55 Asia/Kolkata] PHP Notice:  Undefined index:  in /home/users/karan.negi/www/html/prestashop1761/classes/order/Order.php on line 946
[09-Jan-2020 20:28:55 Asia/Kolkata] PHP Stack trace:
[09-Jan-2020 20:28:55 Asia/Kolkata] PHP   1. {main}() /home/users/karan.negi/www/html/prestashop1761/admin7349hjnt3/index.php:0
[09-Jan-2020 20:28:55 Asia/Kolkata] PHP   2. Dispatcher->dispatch() /home/users/karan.negi/www/html/prestashop1761/admin7349hjnt3/index.php:97
[09-Jan-2020 20:28:55 Asia/Kolkata] PHP   3. AdminCartsController->run() /home/users/karan.negi/www/html/prestashop1761/classes/Dispatcher.php:515
[09-Jan-2020 20:28:55 Asia/Kolkata] PHP   4. AdminCartsController->displayAjaxSearchCarts() /home/users/karan.negi/www/html/prestashop1761/classes/controller/Controller.php:307
[09-Jan-2020 20:28:55 Asia/Kolkata] PHP   5. OrderCore::getCustomerOrders() /home/users/karan.negi/www/html/prestashop1761/controllers/admin/AdminCartsController.php:753
[09-Jan-2020 20:28:55 Asia/Kolkata] PHP Notice:  Undefined index:  in /home/users/karan.negi/www/html/prestashop1761/classes/order/Order.php on line 944
[09-Jan-2020 20:28:55 Asia/Kolkata] PHP Stack trace:
[09-Jan-2020 20:28:55 Asia/Kolkata] PHP   1. {main}() /home/users/karan.negi/www/html/prestashop1761/admin7349hjnt3/index.php:0
[09-Jan-2020 20:28:55 Asia/Kolkata] PHP   2. Dispatcher->dispatch() /home/users/karan.negi/www/html/prestashop1761/admin7349hjnt3/index.php:97
[09-Jan-2020 20:28:55 Asia/Kolkata] PHP   3. AdminCartsController->run() /home/users/karan.negi/www/html/prestashop1761/classes/Dispatcher.php:515
[09-Jan-2020 20:28:55 Asia/Kolkata] PHP   4. AdminCartsController->displayAjaxSearchCarts() /home/users/karan.negi/www/html/prestashop1761/classes/controller/Controller.php:307
[09-Jan-2020 20:28:55 Asia/Kolkata] PHP   5. OrderCore::getCustomerOrders() /home/users/karan.negi/www/html/prestashop1761/controllers/admin/AdminCartsController.php:753
[09-Jan-2020 20:28:55 Asia/Kolkata] PHP Notice:  Undefined index:  in /home/users/karan.negi/www/html/prestashop1761/classes/order/Order.php on line 945
[09-Jan-2020 20:28:55 Asia/Kolkata] PHP Stack trace:
[09-Jan-2020 20:28:55 Asia/Kolkata] PHP   1. {main}() /home/users/karan.negi/www/html/prestashop1761/admin7349hjnt3/index.php:0
[09-Jan-2020 20:28:55 Asia/Kolkata] PHP   2. Dispatcher->dispatch() /home/users/karan.negi/www/html/prestashop1761/admin7349hjnt3/index.php:97
[09-Jan-2020 20:28:55 Asia/Kolkata] PHP   3. AdminCartsController->run() /home/users/karan.negi/www/html/prestashop1761/classes/Dispatcher.php:515
[09-Jan-2020 20:28:55 Asia/Kolkata] PHP   4. AdminCartsController->displayAjaxSearchCarts() /home/users/karan.negi/www/html/prestashop1761/classes/controller/Controller.php:307
[09-Jan-2020 20:28:55 Asia/Kolkata] PHP   5. OrderCore::getCustomerOrders() /home/users/karan.negi/www/html/prestashop1761/controllers/admin/AdminCartsController.php:753
[09-Jan-2020 20:28:55 Asia/Kolkata] PHP Notice:  Undefined index:  in /home/users/karan.negi/www/html/prestashop1761/classes/order/Order.php on line 946
[09-Jan-2020 20:28:55 Asia/Kolkata] PHP Stack trace:
[09-Jan-2020 20:28:55 Asia/Kolkata] PHP   1. {main}() /home/users/karan.negi/www/html/prestashop1761/admin7349hjnt3/index.php:0
[09-Jan-2020 20:28:55 Asia/Kolkata] PHP   2. Dispatcher->dispatch() /home/users/karan.negi/www/html/prestashop1761/admin7349hjnt3/index.php:97
[09-Jan-2020 20:28:55 Asia/Kolkata] PHP   3. AdminCartsController->run() /home/users/karan.negi/www/html/prestashop1761/classes/Dispatcher.php:515
[09-Jan-2020 20:28:55 Asia/Kolkata] PHP   4. AdminCartsController->displayAjaxSearchCarts() /home/users/karan.negi/www/html/prestashop1761/classes/controller/Controller.php:307
[09-Jan-2020 20:28:55 Asia/Kolkata] PHP   5. OrderCore::getCustomerOrders() /home/users/karan.negi/www/html/prestashop1761/controllers/admin/AdminCartsController.php:753
[09-Jan-2020 20:28:55 Asia/Kolkata] PHP Notice:  Undefined index:  in /home/users/karan.negi/www/html/prestashop1761/classes/order/Order.php on line 944
[09-Jan-2020 20:28:55 Asia/Kolkata] PHP Stack trace:
[09-Jan-2020 20:28:55 Asia/Kolkata] PHP   1. {main}() /home/users/karan.negi/www/html/prestashop1761/admin7349hjnt3/index.php:0
[09-Jan-2020 20:28:55 Asia/Kolkata] PHP   2. Dispatcher->dispatch() /home/users/karan.negi/www/html/prestashop1761/admin7349hjnt3/index.php:97
[09-Jan-2020 20:28:55 Asia/Kolkata] PHP   3. AdminCartsController->run() /home/users/karan.negi/www/html/prestashop1761/classes/Dispatcher.php:515
[09-Jan-2020 20:28:55 Asia/Kolkata] PHP   4. AdminCartsController->displayAjaxSearchCarts() /home/users/karan.negi/www/html/prestashop1761/classes/controller/Controller.php:307
[09-Jan-2020 20:28:55 Asia/Kolkata] PHP   5. OrderCore::getCustomerOrders() /home/users/karan.negi/www/html/prestashop1761/controllers/admin/AdminCartsController.php:753
[09-Jan-2020 20:28:55 Asia/Kolkata] PHP Notice:  Undefined index:  in /home/users/karan.negi/www/html/prestashop1761/classes/order/Order.php on line 945
[09-Jan-2020 20:28:55 Asia/Kolkata] PHP Stack trace:
[09-Jan-2020 20:28:55 Asia/Kolkata] PHP   1. {main}() /home/users/karan.negi/www/html/prestashop1761/admin7349hjnt3/index.php:0
[09-Jan-2020 20:28:55 Asia/Kolkata] PHP   2. Dispatcher->dispatch() /home/users/karan.negi/www/html/prestashop1761/admin7349hjnt3/index.php:97
[09-Jan-2020 20:28:55 Asia/Kolkata] PHP   3. AdminCartsController->run() /home/users/karan.negi/www/html/prestashop1761/classes/Dispatcher.php:515
[09-Jan-2020 20:28:55 Asia/Kolkata] PHP   4. AdminCartsController->displayAjaxSearchCarts() /home/users/karan.negi/www/html/prestashop1761/classes/controller/Controller.php:307
[09-Jan-2020 20:28:55 Asia/Kolkata] PHP   5. OrderCore::getCustomerOrders() /home/users/karan.negi/www/html/prestashop1761/controllers/admin/AdminCartsController.php:753
[09-Jan-2020 20:28:55 Asia/Kolkata] PHP Notice:  Undefined index:  in /home/users/karan.negi/www/html/prestashop1761/classes/order/Order.php on line 946
[09-Jan-2020 20:28:55 Asia/Kolkata] PHP Stack trace:
[09-Jan-2020 20:28:55 Asia/Kolkata] PHP   1. {main}() /home/users/karan.negi/www/html/prestashop1761/admin7349hjnt3/index.php:0
[09-Jan-2020 20:28:55 Asia/Kolkata] PHP   2. Dispatcher->dispatch() /home/users/karan.negi/www/html/prestashop1761/admin7349hjnt3/index.php:97
[09-Jan-2020 20:28:55 Asia/Kolkata] PHP   3. AdminCartsController->run() /home/users/karan.negi/www/html/prestashop1761/classes/Dispatcher.php:515
[09-Jan-2020 20:28:55 Asia/Kolkata] PHP   4. AdminCartsController->displayAjaxSearchCarts() /home/users/karan.negi/www/html/prestashop1761/classes/controller/Controller.php:307
[09-Jan-2020 20:28:55 Asia/Kolkata] PHP   5. OrderCore::getCustomerOrders() /home/users/karan.negi/www/html/prestashop1761/controllers/admin/AdminCartsController.php:753
[09-Jan-2020 20:28:55 Asia/Kolkata] PHP Notice:  Undefined index:  in /home/users/karan.negi/www/html/prestashop1761/classes/order/Order.php on line 944
[09-Jan-2020 20:28:55 Asia/Kolkata] PHP Stack trace:
[09-Jan-2020 20:28:55 Asia/Kolkata] PHP   1. {main}() /home/users/karan.negi/www/html/prestashop1761/admin7349hjnt3/index.php:0
[09-Jan-2020 20:28:55 Asia/Kolkata] PHP   2. Dispatcher->dispatch() /home/users/karan.negi/www/html/prestashop1761/admin7349hjnt3/index.php:97
[09-Jan-2020 20:28:55 Asia/Kolkata] PHP   3. AdminCartsController->run() /home/users/karan.negi/www/html/prestashop1761/classes/Dispatcher.php:515
[09-Jan-2020 20:28:55 Asia/Kolkata] PHP   4. AdminCartsController->displayAjaxSearchCarts() /home/users/karan.negi/www/html/prestashop1761/classes/controller/Controller.php:307
[09-Jan-2020 20:28:55 Asia/Kolkata] PHP   5. OrderCore::getCustomerOrders() /home/users/karan.negi/www/html/prestashop1761/controllers/admin/AdminCartsController.php:753
[09-Jan-2020 20:28:55 Asia/Kolkata] PHP Notice:  Undefined index:  in /home/users/karan.negi/www/html/prestashop1761/classes/order/Order.php on line 945
[09-Jan-2020 20:28:55 Asia/Kolkata] PHP Stack trace:
[09-Jan-2020 20:28:55 Asia/Kolkata] PHP   1. {main}() /home/users/karan.negi/www/html/prestashop1761/admin7349hjnt3/index.php:0
[09-Jan-2020 20:28:55 Asia/Kolkata] PHP   2. Dispatcher->dispatch() /home/users/karan.negi/www/html/prestashop1761/admin7349hjnt3/index.php:97
[09-Jan-2020 20:28:55 Asia/Kolkata] PHP   3. AdminCartsController->run() /home/users/karan.negi/www/html/prestashop1761/classes/Dispatcher.php:515
[09-Jan-2020 20:28:55 Asia/Kolkata] PHP   4. AdminCartsController->displayAjaxSearchCarts() /home/users/karan.negi/www/html/prestashop1761/classes/controller/Controller.php:307
[09-Jan-2020 20:28:55 Asia/Kolkata] PHP   5. OrderCore::getCustomerOrders() /home/users/karan.negi/www/html/prestashop1761/controllers/admin/AdminCartsController.php:753
[09-Jan-2020 20:28:55 Asia/Kolkata] PHP Notice:  Undefined index:  in /home/users/karan.negi/www/html/prestashop1761/classes/order/Order.php on line 946
[09-Jan-2020 20:28:55 Asia/Kolkata] PHP Stack trace:
[09-Jan-2020 20:28:55 Asia/Kolkata] PHP   1. {main}() /home/users/karan.negi/www/html/prestashop1761/admin7349hjnt3/index.php:0
[09-Jan-2020 20:28:55 Asia/Kolkata] PHP   2. Dispatcher->dispatch() /home/users/karan.negi/www/html/prestashop1761/admin7349hjnt3/index.php:97
[09-Jan-2020 20:28:55 Asia/Kolkata] PHP   3. AdminCartsController->run() /home/users/karan.negi/www/html/prestashop1761/classes/Dispatcher.php:515
[09-Jan-2020 20:28:55 Asia/Kolkata] PHP   4. AdminCartsController->displayAjaxSearchCarts() /home/users/karan.negi/www/html/prestashop1761/classes/controller/Controller.php:307
[09-Jan-2020 20:28:55 Asia/Kolkata] PHP   5. OrderCore::getCustomerOrders() /home/users/karan.negi/www/html/prestashop1761/controllers/admin/AdminCartsController.php:753
[09-Jan-2020 20:28:55 Asia/Kolkata] PHP Notice:  Undefined index:  in /home/users/karan.negi/www/html/prestashop1761/classes/order/Order.php on line 944
[09-Jan-2020 20:28:55 Asia/Kolkata] PHP Stack trace:
[09-Jan-2020 20:28:55 Asia/Kolkata] PHP   1. {main}() /home/users/karan.negi/www/html/prestashop1761/admin7349hjnt3/index.php:0
[09-Jan-2020 20:28:55 Asia/Kolkata] PHP   2. Dispatcher->dispatch() /home/users/karan.negi/www/html/prestashop1761/admin7349hjnt3/index.php:97
[09-Jan-2020 20:28:55 Asia/Kolkata] PHP   3. AdminCartsController->run() /home/users/karan.negi/www/html/prestashop1761/classes/Dispatcher.php:515
[09-Jan-2020 20:28:55 Asia/Kolkata] PHP   4. AdminCartsController->displayAjaxSearchCarts() /home/users/karan.negi/www/html/prestashop1761/classes/controller/Controller.php:307
[09-Jan-2020 20:28:55 Asia/Kolkata] PHP   5. OrderCore::getCustomerOrders() /home/users/karan.negi/www/html/prestashop1761/controllers/admin/AdminCartsController.php:753
[09-Jan-2020 20:28:55 Asia/Kolkata] PHP Notice:  Undefined index:  in /home/users/karan.negi/www/html/prestashop1761/classes/order/Order.php on line 945
[09-Jan-2020 20:28:55 Asia/Kolkata] PHP Stack trace:
[09-Jan-2020 20:28:55 Asia/Kolkata] PHP   1. {main}() /home/users/karan.negi/www/html/prestashop1761/admin7349hjnt3/index.php:0
[09-Jan-2020 20:28:55 Asia/Kolkata] PHP   2. Dispatcher->dispatch() /home/users/karan.negi/www/html/prestashop1761/admin7349hjnt3/index.php:97
[09-Jan-2020 20:28:55 Asia/Kolkata] PHP   3. AdminCartsController->run() /home/users/karan.negi/www/html/prestashop1761/classes/Dispatcher.php:515
[09-Jan-2020 20:28:55 Asia/Kolkata] PHP   4. AdminCartsController->displayAjaxSearchCarts() /home/users/karan.negi/www/html/prestashop1761/classes/controller/Controller.php:307
[09-Jan-2020 20:28:55 Asia/Kolkata] PHP   5. OrderCore::getCustomerOrders() /home/users/karan.negi/www/html/prestashop1761/controllers/admin/AdminCartsController.php:753
[09-Jan-2020 20:28:55 Asia/Kolkata] PHP Notice:  Undefined index:  in /home/users/karan.negi/www/html/prestashop1761/classes/order/Order.php on line 946
[09-Jan-2020 20:28:55 Asia/Kolkata] PHP Stack trace:
[09-Jan-2020 20:28:55 Asia/Kolkata] PHP   1. {main}() /home/users/karan.negi/www/html/prestashop1761/admin7349hjnt3/index.php:0
[09-Jan-2020 20:28:55 Asia/Kolkata] PHP   2. Dispatcher->dispatch() /home/users/karan.negi/www/html/prestashop1761/admin7349hjnt3/index.php:97
[09-Jan-2020 20:28:55 Asia/Kolkata] PHP   3. AdminCartsController->run() /home/users/karan.negi/www/html/prestashop1761/classes/Dispatcher.php:515
[09-Jan-2020 20:28:55 Asia/Kolkata] PHP   4. AdminCartsController->displayAjaxSearchCarts() /home/users/karan.negi/www/html/prestashop1761/classes/controller/Controller.php:307
[09-Jan-2020 20:28:55 Asia/Kolkata] PHP   5. OrderCore::getCustomerOrders() /home/users/karan.negi/www/html/prestashop1761/controllers/admin/AdminCartsController.php:753
[09-Jan-2020 20:28:55 Asia/Kolkata] PHP Notice:  Undefined index:  in /home/users/karan.negi/www/html/prestashop1761/classes/order/Order.php on line 944
[09-Jan-2020 20:28:55 Asia/Kolkata] PHP Stack trace:
[09-Jan-2020 20:28:55 Asia/Kolkata] PHP   1. {main}() /home/users/karan.negi/www/html/prestashop1761/admin7349hjnt3/index.php:0
[09-Jan-2020 20:28:55 Asia/Kolkata] PHP   2. Dispatcher->dispatch() /home/users/karan.negi/www/html/prestashop1761/admin7349hjnt3/index.php:97
[09-Jan-2020 20:28:55 Asia/Kolkata] PHP   3. AdminCartsController->run() /home/users/karan.negi/www/html/prestashop1761/classes/Dispatcher.php:515
[09-Jan-2020 20:28:55 Asia/Kolkata] PHP   4. AdminCartsController->displayAjaxSearchCarts() /home/users/karan.negi/www/html/prestashop1761/classes/controller/Controller.php:307
[09-Jan-2020 20:28:55 Asia/Kolkata] PHP   5. OrderCore::getCustomerOrders() /home/users/karan.negi/www/html/prestashop1761/controllers/admin/AdminCartsController.php:753
[09-Jan-2020 20:28:55 Asia/Kolkata] PHP Notice:  Undefined index:  in /home/users/karan.negi/www/html/prestashop1761/classes/order/Order.php on line 945
[09-Jan-2020 20:28:55 Asia/Kolkata] PHP Stack trace:
[09-Jan-2020 20:28:55 Asia/Kolkata] PHP   1. {main}() /home/users/karan.negi/www/html/prestashop1761/admin7349hjnt3/index.php:0
[09-Jan-2020 20:28:55 Asia/Kolkata] PHP   2. Dispatcher->dispatch() /home/users/karan.negi/www/html/prestashop1761/admin7349hjnt3/index.php:97
[09-Jan-2020 20:28:55 Asia/Kolkata] PHP   3. AdminCartsController->run() /home/users/karan.negi/www/html/prestashop1761/classes/Dispatcher.php:515
[09-Jan-2020 20:28:55 Asia/Kolkata] PHP   4. AdminCartsController->displayAjaxSearchCarts() /home/users/karan.negi/www/html/prestashop1761/classes/controller/Controller.php:307
[09-Jan-2020 20:28:55 Asia/Kolkata] PHP   5. OrderCore::getCustomerOrders() /home/users/karan.negi/www/html/prestashop1761/controllers/admin/AdminCartsController.php:753
[09-Jan-2020 20:28:55 Asia/Kolkata] PHP Notice:  Undefined index:  in /home/users/karan.negi/www/html/prestashop1761/classes/order/Order.php on line 946
[09-Jan-2020 20:28:55 Asia/Kolkata] PHP Stack trace:
[09-Jan-2020 20:28:55 Asia/Kolkata] PHP   1. {main}() /home/users/karan.negi/www/html/prestashop1761/admin7349hjnt3/index.php:0
[09-Jan-2020 20:28:55 Asia/Kolkata] PHP   2. Dispatcher->dispatch() /home/users/karan.negi/www/html/prestashop1761/admin7349hjnt3/index.php:97
[09-Jan-2020 20:28:55 Asia/Kolkata] PHP   3. AdminCartsController->run() /home/users/karan.negi/www/html/prestashop1761/classes/Dispatcher.php:515
[09-Jan-2020 20:28:55 Asia/Kolkata] PHP   4. AdminCartsController->displayAjaxSearchCarts() /home/users/karan.negi/www/html/prestashop1761/classes/controller/Controller.php:307
[09-Jan-2020 20:28:55 Asia/Kolkata] PHP   5. OrderCore::getCustomerOrders() /home/users/karan.negi/www/html/prestashop1761/controllers/admin/AdminCartsController.php:753
[09-Jan-2020 20:28:55 Asia/Kolkata] PHP Notice:  Undefined index:  in /home/users/karan.negi/www/html/prestashop1761/classes/order/Order.php on line 944
[09-Jan-2020 20:28:55 Asia/Kolkata] PHP Stack trace:
[09-Jan-2020 20:28:55 Asia/Kolkata] PHP   1. {main}() /home/users/karan.negi/www/html/prestashop1761/admin7349hjnt3/index.php:0
[09-Jan-2020 20:28:55 Asia/Kolkata] PHP   2. Dispatcher->dispatch() /home/users/karan.negi/www/html/prestashop1761/admin7349hjnt3/index.php:97
[09-Jan-2020 20:28:55 Asia/Kolkata] PHP   3. AdminCartsController->run() /home/users/karan.negi/www/html/prestashop1761/classes/Dispatcher.php:515
[09-Jan-2020 20:28:55 Asia/Kolkata] PHP   4. AdminCartsController->displayAjaxSearchCarts() /home/users/karan.negi/www/html/prestashop1761/classes/controller/Controller.php:307
[09-Jan-2020 20:28:55 Asia/Kolkata] PHP   5. OrderCore::getCustomerOrders() /home/users/karan.negi/www/html/prestashop1761/controllers/admin/AdminCartsController.php:753
[09-Jan-2020 20:28:55 Asia/Kolkata] PHP Notice:  Undefined index:  in /home/users/karan.negi/www/html/prestashop1761/classes/order/Order.php on line 945
[09-Jan-2020 20:28:55 Asia/Kolkata] PHP Stack trace:
[09-Jan-2020 20:28:55 Asia/Kolkata] PHP   1. {main}() /home/users/karan.negi/www/html/prestashop1761/admin7349hjnt3/index.php:0
[09-Jan-2020 20:28:55 Asia/Kolkata] PHP   2. Dispatcher->dispatch() /home/users/karan.negi/www/html/prestashop1761/admin7349hjnt3/index.php:97
[09-Jan-2020 20:28:55 Asia/Kolkata] PHP   3. AdminCartsController->run() /home/users/karan.negi/www/html/prestashop1761/classes/Dispatcher.php:515
[09-Jan-2020 20:28:55 Asia/Kolkata] PHP   4. AdminCartsController->displayAjaxSearchCarts() /home/users/karan.negi/www/html/prestashop1761/classes/controller/Controller.php:307
[09-Jan-2020 20:28:55 Asia/Kolkata] PHP   5. OrderCore::getCustomerOrders() /home/users/karan.negi/www/html/prestashop1761/controllers/admin/AdminCartsController.php:753
[09-Jan-2020 20:28:55 Asia/Kolkata] PHP Notice:  Undefined index:  in /home/users/karan.negi/www/html/prestashop1761/classes/order/Order.php on line 946
[09-Jan-2020 20:28:55 Asia/Kolkata] PHP Stack trace:
[09-Jan-2020 20:28:55 Asia/Kolkata] PHP   1. {main}() /home/users/karan.negi/www/html/prestashop1761/admin7349hjnt3/index.php:0
[09-Jan-2020 20:28:55 Asia/Kolkata] PHP   2. Dispatcher->dispatch() /home/users/karan.negi/www/html/prestashop1761/admin7349hjnt3/index.php:97
[09-Jan-2020 20:28:55 Asia/Kolkata] PHP   3. AdminCartsController->run() /home/users/karan.negi/www/html/prestashop1761/classes/Dispatcher.php:515
[09-Jan-2020 20:28:55 Asia/Kolkata] PHP   4. AdminCartsController->displayAjaxSearchCarts() /home/users/karan.negi/www/html/prestashop1761/classes/controller/Controller.php:307
[09-Jan-2020 20:28:55 Asia/Kolkata] PHP   5. OrderCore::getCustomerOrders() /home/users/karan.negi/www/html/prestashop1761/controllers/admin/AdminCartsController.php:753
[09-Jan-2020 20:28:55 Asia/Kolkata] PHP Notice:  Undefined index:  in /home/users/karan.negi/www/html/prestashop1761/classes/order/Order.php on line 944
[09-Jan-2020 20:28:55 Asia/Kolkata] PHP Stack trace:
[09-Jan-2020 20:28:55 Asia/Kolkata] PHP   1. {main}() /home/users/karan.negi/www/html/prestashop1761/admin7349hjnt3/index.php:0
[09-Jan-2020 20:28:55 Asia/Kolkata] PHP   2. Dispatcher->dispatch() /home/users/karan.negi/www/html/prestashop1761/admin7349hjnt3/index.php:97
[09-Jan-2020 20:28:55 Asia/Kolkata] PHP   3. AdminCartsController->run() /home/users/karan.negi/www/html/prestashop1761/classes/Dispatcher.php:515
[09-Jan-2020 20:28:55 Asia/Kolkata] PHP   4. AdminCartsController->displayAjaxSearchCarts() /home/users/karan.negi/www/html/prestashop1761/classes/controller/Controller.php:307
[09-Jan-2020 20:28:55 Asia/Kolkata] PHP   5. OrderCore::getCustomerOrders() /home/users/karan.negi/www/html/prestashop1761/controllers/admin/AdminCartsController.php:753
[09-Jan-2020 20:28:55 Asia/Kolkata] PHP Notice:  Undefined index:  in /home/users/karan.negi/www/html/prestashop1761/classes/order/Order.php on line 945
[09-Jan-2020 20:28:55 Asia/Kolkata] PHP Stack trace:
[09-Jan-2020 20:28:55 Asia/Kolkata] PHP   1. {main}() /home/users/karan.negi/www/html/prestashop1761/admin7349hjnt3/index.php:0
[09-Jan-2020 20:28:55 Asia/Kolkata] PHP   2. Dispatcher->dispatch() /home/users/karan.negi/www/html/prestashop1761/admin7349hjnt3/index.php:97
[09-Jan-2020 20:28:55 Asia/Kolkata] PHP   3. AdminCartsController->run() /home/users/karan.negi/www/html/prestashop1761/classes/Dispatcher.php:515
[09-Jan-2020 20:28:55 Asia/Kolkata] PHP   4. AdminCartsController->displayAjaxSearchCarts() /home/users/karan.negi/www/html/prestashop1761/classes/controller/Controller.php:307
[09-Jan-2020 20:28:55 Asia/Kolkata] PHP   5. OrderCore::getCustomerOrders() /home/users/karan.negi/www/html/prestashop1761/controllers/admin/AdminCartsController.php:753
[09-Jan-2020 20:28:55 Asia/Kolkata] PHP Notice:  Undefined index:  in /home/users/karan.negi/www/html/prestashop1761/classes/order/Order.php on line 946
[09-Jan-2020 20:28:55 Asia/Kolkata] PHP Stack trace:
[09-Jan-2020 20:28:55 Asia/Kolkata] PHP   1. {main}() /home/users/karan.negi/www/html/prestashop1761/admin7349hjnt3/index.php:0
[09-Jan-2020 20:28:55 Asia/Kolkata] PHP   2. Dispatcher->dispatch() /home/users/karan.negi/www/html/prestashop1761/admin7349hjnt3/index.php:97
[09-Jan-2020 20:28:55 Asia/Kolkata] PHP   3. AdminCartsController->run() /home/users/karan.negi/www/html/prestashop1761/classes/Dispatcher.php:515
[09-Jan-2020 20:28:55 Asia/Kolkata] PHP   4. AdminCartsController->displayAjaxSearchCarts() /home/users/karan.negi/www/html/prestashop1761/classes/controller/Controller.php:307
[09-Jan-2020 20:28:55 Asia/Kolkata] PHP   5. OrderCore::getCustomerOrders() /home/users/karan.negi/www/html/prestashop1761/controllers/admin/AdminCartsController.php:753
[09-Jan-2020 20:28:55 Asia/Kolkata] PHP Notice:  Undefined index:  in /home/users/karan.negi/www/html/prestashop1761/classes/order/Order.php on line 944
[09-Jan-2020 20:28:55 Asia/Kolkata] PHP Stack trace:
[09-Jan-2020 20:28:55 Asia/Kolkata] PHP   1. {main}() /home/users/karan.negi/www/html/prestashop1761/admin7349hjnt3/index.php:0
[09-Jan-2020 20:28:55 Asia/Kolkata] PHP   2. Dispatcher->dispatch() /home/users/karan.negi/www/html/prestashop1761/admin7349hjnt3/index.php:97
[09-Jan-2020 20:28:55 Asia/Kolkata] PHP   3. AdminCartsController->run() /home/users/karan.negi/www/html/prestashop1761/classes/Dispatcher.php:515
[09-Jan-2020 20:28:55 Asia/Kolkata] PHP   4. AdminCartsController->displayAjaxSearchCarts() /home/users/karan.negi/www/html/prestashop1761/classes/controller/Controller.php:307
[09-Jan-2020 20:28:55 Asia/Kolkata] PHP   5. OrderCore::getCustomerOrders() /home/users/karan.negi/www/html/prestashop1761/controllers/admin/AdminCartsController.php:753
[09-Jan-2020 20:28:55 Asia/Kolkata] PHP Notice:  Undefined index:  in /home/users/karan.negi/www/html/prestashop1761/classes/order/Order.php on line 945
[09-Jan-2020 20:28:55 Asia/Kolkata] PHP Stack trace:
[09-Jan-2020 20:28:55 Asia/Kolkata] PHP   1. {main}() /home/users/karan.negi/www/html/prestashop1761/admin7349hjnt3/index.php:0
[09-Jan-2020 20:28:55 Asia/Kolkata] PHP   2. Dispatcher->dispatch() /home/users/karan.negi/www/html/prestashop1761/admin7349hjnt3/index.php:97
[09-Jan-2020 20:28:55 Asia/Kolkata] PHP   3. AdminCartsController->run() /home/users/karan.negi/www/html/prestashop1761/classes/Dispatcher.php:515
[09-Jan-2020 20:28:55 Asia/Kolkata] PHP   4. AdminCartsController->displayAjaxSearchCarts() /home/users/karan.negi/www/html/prestashop1761/classes/controller/Controller.php:307
[09-Jan-2020 20:28:55 Asia/Kolkata] PHP   5. OrderCore::getCustomerOrders() /home/users/karan.negi/www/html/prestashop1761/controllers/admin/AdminCartsController.php:753
[09-Jan-2020 20:28:55 Asia/Kolkata] PHP Notice:  Undefined index:  in /home/users/karan.negi/www/html/prestashop1761/classes/order/Order.php on line 946
[09-Jan-2020 20:28:55 Asia/Kolkata] PHP Stack trace:
[09-Jan-2020 20:28:55 Asia/Kolkata] PHP   1. {main}() /home/users/karan.negi/www/html/prestashop1761/admin7349hjnt3/index.php:0
[09-Jan-2020 20:28:55 Asia/Kolkata] PHP   2. Dispatcher->dispatch() /home/users/karan.negi/www/html/prestashop1761/admin7349hjnt3/index.php:97
[09-Jan-2020 20:28:55 Asia/Kolkata] PHP   3. AdminCartsController->run() /home/users/karan.negi/www/html/prestashop1761/classes/Dispatcher.php:515
[09-Jan-2020 20:28:55 Asia/Kolkata] PHP   4. AdminCartsController->displayAjaxSearchCarts() /home/users/karan.negi/www/html/prestashop1761/classes/controller/Controller.php:307
[09-Jan-2020 20:28:55 Asia/Kolkata] PHP   5. OrderCore::getCustomerOrders() /home/users/karan.negi/www/html/prestashop1761/controllers/admin/AdminCartsController.php:753
[09-Jan-2020 20:28:55 Asia/Kolkata] PHP Notice:  Undefined index:  in /home/users/karan.negi/www/html/prestashop1761/classes/order/Order.php on line 944
[09-Jan-2020 20:28:55 Asia/Kolkata] PHP Stack trace:
[09-Jan-2020 20:28:55 Asia/Kolkata] PHP   1. {main}() /home/users/karan.negi/www/html/prestashop1761/admin7349hjnt3/index.php:0
[09-Jan-2020 20:28:55 Asia/Kolkata] PHP   2. Dispatcher->dispatch() /home/users/karan.negi/www/html/prestashop1761/admin7349hjnt3/index.php:97
[09-Jan-2020 20:28:55 Asia/Kolkata] PHP   3. AdminCartsController->run() /home/users/karan.negi/www/html/prestashop1761/classes/Dispatcher.php:515
[09-Jan-2020 20:28:55 Asia/Kolkata] PHP   4. AdminCartsController->displayAjaxSearchCarts() /home/users/karan.negi/www/html/prestashop1761/classes/controller/Controller.php:307
[09-Jan-2020 20:28:55 Asia/Kolkata] PHP   5. OrderCore::getCustomerOrders() /home/users/karan.negi/www/html/prestashop1761/controllers/admin/AdminCartsController.php:753
[09-Jan-2020 20:28:55 Asia/Kolkata] PHP Notice:  Undefined index:  in /home/users/karan.negi/www/html/prestashop1761/classes/order/Order.php on line 945
[09-Jan-2020 20:28:55 Asia/Kolkata] PHP Stack trace:
[09-Jan-2020 20:28:55 Asia/Kolkata] PHP   1. {main}() /home/users/karan.negi/www/html/prestashop1761/admin7349hjnt3/index.php:0
[09-Jan-2020 20:28:55 Asia/Kolkata] PHP   2. Dispatcher->dispatch() /home/users/karan.negi/www/html/prestashop1761/admin7349hjnt3/index.php:97
[09-Jan-2020 20:28:55 Asia/Kolkata] PHP   3. AdminCartsController->run() /home/users/karan.negi/www/html/prestashop1761/classes/Dispatcher.php:515
[09-Jan-2020 20:28:55 Asia/Kolkata] PHP   4. AdminCartsController->displayAjaxSearchCarts() /home/users/karan.negi/www/html/prestashop1761/classes/controller/Controller.php:307
[09-Jan-2020 20:28:55 Asia/Kolkata] PHP   5. OrderCore::getCustomerOrders() /home/users/karan.negi/www/html/prestashop1761/controllers/admin/AdminCartsController.php:753
[09-Jan-2020 20:28:55 Asia/Kolkata] PHP Notice:  Undefined index:  in /home/users/karan.negi/www/html/prestashop1761/classes/order/Order.php on line 946
[09-Jan-2020 20:28:55 Asia/Kolkata] PHP Stack trace:
[09-Jan-2020 20:28:55 Asia/Kolkata] PHP   1. {main}() /home/users/karan.negi/www/html/prestashop1761/admin7349hjnt3/index.php:0
[09-Jan-2020 20:28:55 Asia/Kolkata] PHP   2. Dispatcher->dispatch() /home/users/karan.negi/www/html/prestashop1761/admin7349hjnt3/index.php:97
[09-Jan-2020 20:28:55 Asia/Kolkata] PHP   3. AdminCartsController->run() /home/users/karan.negi/www/html/prestashop1761/classes/Dispatcher.php:515
[09-Jan-2020 20:28:55 Asia/Kolkata] PHP   4. AdminCartsController->displayAjaxSearchCarts() /home/users/karan.negi/www/html/prestashop1761/classes/controller/Controller.php:307
[09-Jan-2020 20:28:55 Asia/Kolkata] PHP   5. OrderCore::getCustomerOrders() /home/users/karan.negi/www/html/prestashop1761/controllers/admin/AdminCartsController.php:753
[09-Jan-2020 20:28:55 Asia/Kolkata] PHP Notice:  Undefined index:  in /home/users/karan.negi/www/html/prestashop1761/classes/order/Order.php on line 944
[09-Jan-2020 20:28:55 Asia/Kolkata] PHP Stack trace:
[09-Jan-2020 20:28:55 Asia/Kolkata] PHP   1. {main}() /home/users/karan.negi/www/html/prestashop1761/admin7349hjnt3/index.php:0
[09-Jan-2020 20:28:55 Asia/Kolkata] PHP   2. Dispatcher->dispatch() /home/users/karan.negi/www/html/prestashop1761/admin7349hjnt3/index.php:97
[09-Jan-2020 20:28:55 Asia/Kolkata] PHP   3. AdminCartsController->run() /home/users/karan.negi/www/html/prestashop1761/classes/Dispatcher.php:515
[09-Jan-2020 20:28:55 Asia/Kolkata] PHP   4. AdminCartsController->displayAjaxSearchCarts() /home/users/karan.negi/www/html/prestashop1761/classes/controller/Controller.php:307
[09-Jan-2020 20:28:55 Asia/Kolkata] PHP   5. OrderCore::getCustomerOrders() /home/users/karan.negi/www/html/prestashop1761/controllers/admin/AdminCartsController.php:753
[09-Jan-2020 20:28:55 Asia/Kolkata] PHP Notice:  Undefined index:  in /home/users/karan.negi/www/html/prestashop1761/classes/order/Order.php on line 945
[09-Jan-2020 20:28:55 Asia/Kolkata] PHP Stack trace:
[09-Jan-2020 20:28:55 Asia/Kolkata] PHP   1. {main}() /home/users/karan.negi/www/html/prestashop1761/admin7349hjnt3/index.php:0
[09-Jan-2020 20:28:55 Asia/Kolkata] PHP   2. Dispatcher->dispatch() /home/users/karan.negi/www/html/prestashop1761/admin7349hjnt3/index.php:97
[09-Jan-2020 20:28:55 Asia/Kolkata] PHP   3. AdminCartsController->run() /home/users/karan.negi/www/html/prestashop1761/classes/Dispatcher.php:515
[09-Jan-2020 20:28:55 Asia/Kolkata] PHP   4. AdminCartsController->displayAjaxSearchCarts() /home/users/karan.negi/www/html/prestashop1761/classes/controller/Controller.php:307
[09-Jan-2020 20:28:55 Asia/Kolkata] PHP   5. OrderCore::getCustomerOrders() /home/users/karan.negi/www/html/prestashop1761/controllers/admin/AdminCartsController.php:753
[09-Jan-2020 20:28:55 Asia/Kolkata] PHP Notice:  Undefined index:  in /home/users/karan.negi/www/html/prestashop1761/classes/order/Order.php on line 946
[09-Jan-2020 20:28:55 Asia/Kolkata] PHP Stack trace:
[09-Jan-2020 20:28:55 Asia/Kolkata] PHP   1. {main}() /home/users/karan.negi/www/html/prestashop1761/admin7349hjnt3/index.php:0
[09-Jan-2020 20:28:55 Asia/Kolkata] PHP   2. Dispatcher->dispatch() /home/users/karan.negi/www/html/prestashop1761/admin7349hjnt3/index.php:97
[09-Jan-2020 20:28:55 Asia/Kolkata] PHP   3. AdminCartsController->run() /home/users/karan.negi/www/html/prestashop1761/classes/Dispatcher.php:515
[09-Jan-2020 20:28:55 Asia/Kolkata] PHP   4. AdminCartsController->displayAjaxSearchCarts() /home/users/karan.negi/www/html/prestashop1761/classes/controller/Controller.php:307
[09-Jan-2020 20:28:55 Asia/Kolkata] PHP   5. OrderCore::getCustomerOrders() /home/users/karan.negi/www/html/prestashop1761/controllers/admin/AdminCartsController.php:753
[09-Jan-2020 20:28:55 Asia/Kolkata] PHP Notice:  Undefined index:  in /home/users/karan.negi/www/html/prestashop1761/classes/order/Order.php on line 944
[09-Jan-2020 20:28:55 Asia/Kolkata] PHP Stack trace:
[09-Jan-2020 20:28:55 Asia/Kolkata] PHP   1. {main}() /home/users/karan.negi/www/html/prestashop1761/admin7349hjnt3/index.php:0
[09-Jan-2020 20:28:55 Asia/Kolkata] PHP   2. Dispatcher->dispatch() /home/users/karan.negi/www/html/prestashop1761/admin7349hjnt3/index.php:97
[09-Jan-2020 20:28:55 Asia/Kolkata] PHP   3. AdminCartsController->run() /home/users/karan.negi/www/html/prestashop1761/classes/Dispatcher.php:515
[09-Jan-2020 20:28:55 Asia/Kolkata] PHP   4. AdminCartsController->displayAjaxSearchCarts() /home/users/karan.negi/www/html/prestashop1761/classes/controller/Controller.php:307
[09-Jan-2020 20:28:55 Asia/Kolkata] PHP   5. OrderCore::getCustomerOrders() /home/users/karan.negi/www/html/prestashop1761/controllers/admin/AdminCartsController.php:753
[09-Jan-2020 20:28:55 Asia/Kolkata] PHP Notice:  Undefined index:  in /home/users/karan.negi/www/html/prestashop1761/classes/order/Order.php on line 945
[09-Jan-2020 20:28:55 Asia/Kolkata] PHP Stack trace:
[09-Jan-2020 20:28:55 Asia/Kolkata] PHP   1. {main}() /home/users/karan.negi/www/html/prestashop1761/admin7349hjnt3/index.php:0
[09-Jan-2020 20:28:55 Asia/Kolkata] PHP   2. Dispatcher->dispatch() /home/users/karan.negi/www/html/prestashop1761/admin7349hjnt3/index.php:97
[09-Jan-2020 20:28:55 Asia/Kolkata] PHP   3. AdminCartsController->run() /home/users/karan.negi/www/html/prestashop1761/classes/Dispatcher.php:515
[09-Jan-2020 20:28:55 Asia/Kolkata] PHP   4. AdminCartsController->displayAjaxSearchCarts() /home/users/karan.negi/www/html/prestashop1761/classes/controller/Controller.php:307
[09-Jan-2020 20:28:55 Asia/Kolkata] PHP   5. OrderCore::getCustomerOrders() /home/users/karan.negi/www/html/prestashop1761/controllers/admin/AdminCartsController.php:753
[09-Jan-2020 20:28:55 Asia/Kolkata] PHP Notice:  Undefined index:  in /home/users/karan.negi/www/html/prestashop1761/classes/order/Order.php on line 946
[09-Jan-2020 20:28:55 Asia/Kolkata] PHP Stack trace:
[09-Jan-2020 20:28:55 Asia/Kolkata] PHP   1. {main}() /home/users/karan.negi/www/html/prestashop1761/admin7349hjnt3/index.php:0
[09-Jan-2020 20:28:55 Asia/Kolkata] PHP   2. Dispatcher->dispatch() /home/users/karan.negi/www/html/prestashop1761/admin7349hjnt3/index.php:97
[09-Jan-2020 20:28:55 Asia/Kolkata] PHP   3. AdminCartsController->run() /home/users/karan.negi/www/html/prestashop1761/classes/Dispatcher.php:515
[09-Jan-2020 20:28:55 Asia/Kolkata] PHP   4. AdminCartsController->displayAjaxSearchCarts() /home/users/karan.negi/www/html/prestashop1761/classes/controller/Controller.php:307
[09-Jan-2020 20:28:55 Asia/Kolkata] PHP   5. OrderCore::getCustomerOrders() /home/users/karan.negi/www/html/prestashop1761/controllers/admin/AdminCartsController.php:753
[09-Jan-2020 20:28:55 Asia/Kolkata] PHP Notice:  Undefined index:  in /home/users/karan.negi/www/html/prestashop1761/classes/order/Order.php on line 944
[09-Jan-2020 20:28:55 Asia/Kolkata] PHP Stack trace:
[09-Jan-2020 20:28:55 Asia/Kolkata] PHP   1. {main}() /home/users/karan.negi/www/html/prestashop1761/admin7349hjnt3/index.php:0
[09-Jan-2020 20:28:55 Asia/Kolkata] PHP   2. Dispatcher->dispatch() /home/users/karan.negi/www/html/prestashop1761/admin7349hjnt3/index.php:97
[09-Jan-2020 20:28:55 Asia/Kolkata] PHP   3. AdminCartsController->run() /home/users/karan.negi/www/html/prestashop1761/classes/Dispatcher.php:515
[09-Jan-2020 20:28:55 Asia/Kolkata] PHP   4. AdminCartsController->displayAjaxSearchCarts() /home/users/karan.negi/www/html/prestashop1761/classes/controller/Controller.php:307
[09-Jan-2020 20:28:55 Asia/Kolkata] PHP   5. OrderCore::getCustomerOrders() /home/users/karan.negi/www/html/prestashop1761/controllers/admin/AdminCartsController.php:753
[09-Jan-2020 20:28:55 Asia/Kolkata] PHP Notice:  Undefined index:  in /home/users/karan.negi/www/html/prestashop1761/classes/order/Order.php on line 945
[09-Jan-2020 20:28:55 Asia/Kolkata] PHP Stack trace:
[09-Jan-2020 20:28:55 Asia/Kolkata] PHP   1. {main}() /home/users/karan.negi/www/html/prestashop1761/admin7349hjnt3/index.php:0
[09-Jan-2020 20:28:55 Asia/Kolkata] PHP   2. Dispatcher->dispatch() /home/users/karan.negi/www/html/prestashop1761/admin7349hjnt3/index.php:97
[09-Jan-2020 20:28:55 Asia/Kolkata] PHP   3. AdminCartsController->run() /home/users/karan.negi/www/html/prestashop1761/classes/Dispatcher.php:515
[09-Jan-2020 20:28:55 Asia/Kolkata] PHP   4. AdminCartsController->displayAjaxSearchCarts() /home/users/karan.negi/www/html/prestashop1761/classes/controller/Controller.php:307
[09-Jan-2020 20:28:55 Asia/Kolkata] PHP   5. OrderCore::getCustomerOrders() /home/users/karan.negi/www/html/prestashop1761/controllers/admin/AdminCartsController.php:753
[09-Jan-2020 20:28:55 Asia/Kolkata] PHP Notice:  Undefined index:  in /home/users/karan.negi/www/html/prestashop1761/classes/order/Order.php on line 946
[09-Jan-2020 20:28:55 Asia/Kolkata] PHP Stack trace:
[09-Jan-2020 20:28:55 Asia/Kolkata] PHP   1. {main}() /home/users/karan.negi/www/html/prestashop1761/admin7349hjnt3/index.php:0
[09-Jan-2020 20:28:55 Asia/Kolkata] PHP   2. Dispatcher->dispatch() /home/users/karan.negi/www/html/prestashop1761/admin7349hjnt3/index.php:97
[09-Jan-2020 20:28:55 Asia/Kolkata] PHP   3. AdminCartsController->run() /home/users/karan.negi/www/html/prestashop1761/classes/Dispatcher.php:515
[09-Jan-2020 20:28:55 Asia/Kolkata] PHP   4. AdminCartsController->displayAjaxSearchCarts() /home/users/karan.negi/www/html/prestashop1761/classes/controller/Controller.php:307
[09-Jan-2020 20:28:55 Asia/Kolkata] PHP   5. OrderCore::getCustomerOrders() /home/users/karan.negi/www/html/prestashop1761/controllers/admin/AdminCartsController.php:753
[09-Jan-2020 20:28:56 Asia/Kolkata] PHP Notice:  Undefined index: PS_CATALOG_MODE in /home/users/karan.negi/www/html/prestashop1761/var/cache/prod/smarty/compile/fe/7d/d0/fe7dd02f51054784f0cf32f599e89f6e6b17102d_0.file._select_payment.tpl.php on line 25
[09-Jan-2020 20:28:56 Asia/Kolkata] PHP Stack trace:
[09-Jan-2020 20:28:56 Asia/Kolkata] PHP   1. {main}() /home/users/karan.negi/www/html/prestashop1761/admin7349hjnt3/index.php:0
[09-Jan-2020 20:28:56 Asia/Kolkata] PHP   2. Dispatcher->dispatch() /home/users/karan.negi/www/html/prestashop1761/admin7349hjnt3/index.php:97
[09-Jan-2020 20:28:56 Asia/Kolkata] PHP   3. AdminOrdersController->run() /home/users/karan.negi/www/html/prestashop1761/classes/Dispatcher.php:515
[09-Jan-2020 20:28:56 Asia/Kolkata] PHP   4. AdminOrdersController->postProcess() /home/users/karan.negi/www/html/prestashop1761/classes/controller/Controller.php:281
[09-Jan-2020 20:28:56 Asia/Kolkata] PHP   5. AdminOrdersController->postProcess() /home/users/karan.negi/www/html/prestashop1761/controllers/admin/AdminOrdersController.php:1629
[09-Jan-2020 20:28:56 Asia/Kolkata] PHP   6. AdminOrdersController->ajaxProcessChangePaymentMethod() /home/users/karan.negi/www/html/prestashop1761/classes/controller/AdminController.php:944
[09-Jan-2020 20:28:56 Asia/Kolkata] PHP   7. Smarty_Internal_Template->fetch() /home/users/karan.negi/www/html/prestashop1761/controllers/admin/AdminOrdersController.php:3058
[09-Jan-2020 20:28:56 Asia/Kolkata] PHP   8. Smarty_Internal_Template->_execute() /home/users/karan.negi/www/html/prestashop1761/vendor/smarty/smarty/libs/sysplugins/smarty_internal_templatebase.php:116
[09-Jan-2020 20:28:56 Asia/Kolkata] PHP   9. Smarty_Internal_Template->render() /home/users/karan.negi/www/html/prestashop1761/vendor/smarty/smarty/libs/sysplugins/smarty_internal_templatebase.php:232
[09-Jan-2020 20:28:56 Asia/Kolkata] PHP  10. Smarty_Template_Compiled->render() /home/users/karan.negi/www/html/prestashop1761/vendor/smarty/smarty/libs/sysplugins/smarty_internal_template.php:216
[09-Jan-2020 20:28:56 Asia/Kolkata] PHP  11. Smarty_Template_Compiled->getRenderedTemplateCode() /home/users/karan.negi/www/html/prestashop1761/vendor/smarty/smarty/libs/sysplugins/smarty_template_compiled.php:114
[09-Jan-2020 20:28:56 Asia/Kolkata] PHP  12. content_5e16ddfac2a4d5_87153169() /home/users/karan.negi/www/html/prestashop1761/vendor/smarty/smarty/libs/sysplugins/smarty_template_resource_base.php:123
[09-Jan-2020 20:28:56 Asia/Kolkata] PHP Notice:  Trying to get property 'value' of non-object in /home/users/karan.negi/www/html/prestashop1761/var/cache/prod/smarty/compile/fe/7d/d0/fe7dd02f51054784f0cf32f599e89f6e6b17102d_0.file._select_payment.tpl.php on line 25
[09-Jan-2020 20:28:56 Asia/Kolkata] PHP Stack trace:
[09-Jan-2020 20:28:56 Asia/Kolkata] PHP   1. {main}() /home/users/karan.negi/www/html/prestashop1761/admin7349hjnt3/index.php:0
[09-Jan-2020 20:28:56 Asia/Kolkata] PHP   2. Dispatcher->dispatch() /home/users/karan.negi/www/html/prestashop1761/admin7349hjnt3/index.php:97
[09-Jan-2020 20:28:56 Asia/Kolkata] PHP   3. AdminOrdersController->run() /home/users/karan.negi/www/html/prestashop1761/classes/Dispatcher.php:515
[09-Jan-2020 20:28:56 Asia/Kolkata] PHP   4. AdminOrdersController->postProcess() /home/users/karan.negi/www/html/prestashop1761/classes/controller/Controller.php:281
[09-Jan-2020 20:28:56 Asia/Kolkata] PHP   5. AdminOrdersController->postProcess() /home/users/karan.negi/www/html/prestashop1761/controllers/admin/AdminOrdersController.php:1629
[09-Jan-2020 20:28:56 Asia/Kolkata] PHP   6. AdminOrdersController->ajaxProcessChangePaymentMethod() /home/users/karan.negi/www/html/prestashop1761/classes/controller/AdminController.php:944
[09-Jan-2020 20:28:56 Asia/Kolkata] PHP   7. Smarty_Internal_Template->fetch() /home/users/karan.negi/www/html/prestashop1761/controllers/admin/AdminOrdersController.php:3058
[09-Jan-2020 20:28:56 Asia/Kolkata] PHP   8. Smarty_Internal_Template->_execute() /home/users/karan.negi/www/html/prestashop1761/vendor/smarty/smarty/libs/sysplugins/smarty_internal_templatebase.php:116
[09-Jan-2020 20:28:56 Asia/Kolkata] PHP   9. Smarty_Internal_Template->render() /home/users/karan.negi/www/html/prestashop1761/vendor/smarty/smarty/libs/sysplugins/smarty_internal_templatebase.php:232
[09-Jan-2020 20:28:56 Asia/Kolkata] PHP  10. Smarty_Template_Compiled->render() /home/users/karan.negi/www/html/prestashop1761/vendor/smarty/smarty/libs/sysplugins/smarty_internal_template.php:216
[09-Jan-2020 20:28:56 Asia/Kolkata] PHP  11. Smarty_Template_Compiled->getRenderedTemplateCode() /home/users/karan.negi/www/html/prestashop1761/vendor/smarty/smarty/libs/sysplugins/smarty_template_compiled.php:114
[09-Jan-2020 20:28:56 Asia/Kolkata] PHP  12. content_5e16ddfac2a4d5_87153169() /home/users/karan.negi/www/html/prestashop1761/vendor/smarty/smarty/libs/sysplugins/smarty_template_resource_base.php:123
[09-Jan-2020 20:29:28 Asia/Kolkata] PHP Notice:  Undefined index:  in /home/users/karan.negi/www/html/prestashop1761/classes/order/Order.php on line 944
[09-Jan-2020 20:29:28 Asia/Kolkata] PHP Stack trace:
[09-Jan-2020 20:29:28 Asia/Kolkata] PHP   1. {main}() /home/users/karan.negi/www/html/prestashop1761/admin7349hjnt3/index.php:0
[09-Jan-2020 20:29:28 Asia/Kolkata] PHP   2. Dispatcher->dispatch() /home/users/karan.negi/www/html/prestashop1761/admin7349hjnt3/index.php:97
[09-Jan-2020 20:29:28 Asia/Kolkata] PHP   3. AdminCartsController->run() /home/users/karan.negi/www/html/prestashop1761/classes/Dispatcher.php:515
[09-Jan-2020 20:29:28 Asia/Kolkata] PHP   4. AdminCartsController->displayAjaxSearchCarts() /home/users/karan.negi/www/html/prestashop1761/classes/controller/Controller.php:307
[09-Jan-2020 20:29:28 Asia/Kolkata] PHP   5. OrderCore::getCustomerOrders() /home/users/karan.negi/www/html/prestashop1761/controllers/admin/AdminCartsController.php:753
[09-Jan-2020 20:29:28 Asia/Kolkata] PHP Notice:  Undefined index:  in /home/users/karan.negi/www/html/prestashop1761/classes/order/Order.php on line 945
[09-Jan-2020 20:29:28 Asia/Kolkata] PHP Stack trace:
[09-Jan-2020 20:29:28 Asia/Kolkata] PHP   1. {main}() /home/users/karan.negi/www/html/prestashop1761/admin7349hjnt3/index.php:0
[09-Jan-2020 20:29:28 Asia/Kolkata] PHP   2. Dispatcher->dispatch() /home/users/karan.negi/www/html/prestashop1761/admin7349hjnt3/index.php:97
[09-Jan-2020 20:29:28 Asia/Kolkata] PHP   3. AdminCartsController->run() /home/users/karan.negi/www/html/prestashop1761/classes/Dispatcher.php:515
[09-Jan-2020 20:29:28 Asia/Kolkata] PHP   4. AdminCartsController->displayAjaxSearchCarts() /home/users/karan.negi/www/html/prestashop1761/classes/controller/Controller.php:307
[09-Jan-2020 20:29:28 Asia/Kolkata] PHP   5. OrderCore::getCustomerOrders() /home/users/karan.negi/www/html/prestashop1761/controllers/admin/AdminCartsController.php:753
[09-Jan-2020 20:29:28 Asia/Kolkata] PHP Notice:  Undefined index:  in /home/users/karan.negi/www/html/prestashop1761/classes/order/Order.php on line 946
[09-Jan-2020 20:29:28 Asia/Kolkata] PHP Stack trace:
[09-Jan-2020 20:29:28 Asia/Kolkata] PHP   1. {main}() /home/users/karan.negi/www/html/prestashop1761/admin7349hjnt3/index.php:0
[09-Jan-2020 20:29:28 Asia/Kolkata] PHP   2. Dispatcher->dispatch() /home/users/karan.negi/www/html/prestashop1761/admin7349hjnt3/index.php:97
[09-Jan-2020 20:29:28 Asia/Kolkata] PHP   3. AdminCartsController->run() /home/users/karan.negi/www/html/prestashop1761/classes/Dispatcher.php:515
[09-Jan-2020 20:29:28 Asia/Kolkata] PHP   4. AdminCartsController->displayAjaxSearchCarts() /home/users/karan.negi/www/html/prestashop1761/classes/controller/Controller.php:307
[09-Jan-2020 20:29:28 Asia/Kolkata] PHP   5. OrderCore::getCustomerOrders() /home/users/karan.negi/www/html/prestashop1761/controllers/admin/AdminCartsController.php:753
[09-Jan-2020 20:29:28 Asia/Kolkata] PHP Notice:  Undefined index:  in /home/users/karan.negi/www/html/prestashop1761/classes/order/Order.php on line 944
[09-Jan-2020 20:29:28 Asia/Kolkata] PHP Stack trace:
[09-Jan-2020 20:29:28 Asia/Kolkata] PHP   1. {main}() /home/users/karan.negi/www/html/prestashop1761/admin7349hjnt3/index.php:0
[09-Jan-2020 20:29:28 Asia/Kolkata] PHP   2. Dispatcher->dispatch() /home/users/karan.negi/www/html/prestashop1761/admin7349hjnt3/index.php:97
[09-Jan-2020 20:29:28 Asia/Kolkata] PHP   3. AdminCartsController->run() /home/users/karan.negi/www/html/prestashop1761/classes/Dispatcher.php:515
[09-Jan-2020 20:29:28 Asia/Kolkata] PHP   4. AdminCartsController->displayAjaxSearchCarts() /home/users/karan.negi/www/html/prestashop1761/classes/controller/Controller.php:307
[09-Jan-2020 20:29:28 Asia/Kolkata] PHP   5. OrderCore::getCustomerOrders() /home/users/karan.negi/www/html/prestashop1761/controllers/admin/AdminCartsController.php:753
[09-Jan-2020 20:29:28 Asia/Kolkata] PHP Notice:  Undefined index:  in /home/users/karan.negi/www/html/prestashop1761/classes/order/Order.php on line 945
[09-Jan-2020 20:29:28 Asia/Kolkata] PHP Stack trace:
[09-Jan-2020 20:29:28 Asia/Kolkata] PHP   1. {main}() /home/users/karan.negi/www/html/prestashop1761/admin7349hjnt3/index.php:0
[09-Jan-2020 20:29:28 Asia/Kolkata] PHP   2. Dispatcher->dispatch() /home/users/karan.negi/www/html/prestashop1761/admin7349hjnt3/index.php:97
[09-Jan-2020 20:29:28 Asia/Kolkata] PHP   3. AdminCartsController->run() /home/users/karan.negi/www/html/prestashop1761/classes/Dispatcher.php:515
[09-Jan-2020 20:29:28 Asia/Kolkata] PHP   4. AdminCartsController->displayAjaxSearchCarts() /home/users/karan.negi/www/html/prestashop1761/classes/controller/Controller.php:307
[09-Jan-2020 20:29:28 Asia/Kolkata] PHP   5. OrderCore::getCustomerOrders() /home/users/karan.negi/www/html/prestashop1761/controllers/admin/AdminCartsController.php:753
[09-Jan-2020 20:29:28 Asia/Kolkata] PHP Notice:  Undefined index:  in /home/users/karan.negi/www/html/prestashop1761/classes/order/Order.php on line 946
[09-Jan-2020 20:29:28 Asia/Kolkata] PHP Stack trace:
[09-Jan-2020 20:29:28 Asia/Kolkata] PHP   1. {main}() /home/users/karan.negi/www/html/prestashop1761/admin7349hjnt3/index.php:0
[09-Jan-2020 20:29:28 Asia/Kolkata] PHP   2. Dispatcher->dispatch() /home/users/karan.negi/www/html/prestashop1761/admin7349hjnt3/index.php:97
[09-Jan-2020 20:29:28 Asia/Kolkata] PHP   3. AdminCartsController->run() /home/users/karan.negi/www/html/prestashop1761/classes/Dispatcher.php:515
[09-Jan-2020 20:29:28 Asia/Kolkata] PHP   4. AdminCartsController->displayAjaxSearchCarts() /home/users/karan.negi/www/html/prestashop1761/classes/controller/Controller.php:307
[09-Jan-2020 20:29:28 Asia/Kolkata] PHP   5. OrderCore::getCustomerOrders() /home/users/karan.negi/www/html/prestashop1761/controllers/admin/AdminCartsController.php:753
[09-Jan-2020 20:29:28 Asia/Kolkata] PHP Notice:  Undefined index:  in /home/users/karan.negi/www/html/prestashop1761/classes/order/Order.php on line 944
[09-Jan-2020 20:29:28 Asia/Kolkata] PHP Stack trace:
[09-Jan-2020 20:29:28 Asia/Kolkata] PHP   1. {main}() /home/users/karan.negi/www/html/prestashop1761/admin7349hjnt3/index.php:0
[09-Jan-2020 20:29:28 Asia/Kolkata] PHP   2. Dispatcher->dispatch() /home/users/karan.negi/www/html/prestashop1761/admin7349hjnt3/index.php:97
[09-Jan-2020 20:29:28 Asia/Kolkata] PHP   3. AdminCartsController->run() /home/users/karan.negi/www/html/prestashop1761/classes/Dispatcher.php:515
[09-Jan-2020 20:29:28 Asia/Kolkata] PHP   4. AdminCartsController->displayAjaxSearchCarts() /home/users/karan.negi/www/html/prestashop1761/classes/controller/Controller.php:307
[09-Jan-2020 20:29:28 Asia/Kolkata] PHP   5. OrderCore::getCustomerOrders() /home/users/karan.negi/www/html/prestashop1761/controllers/admin/AdminCartsController.php:753
[09-Jan-2020 20:29:28 Asia/Kolkata] PHP Notice:  Undefined index:  in /home/users/karan.negi/www/html/prestashop1761/classes/order/Order.php on line 945
[09-Jan-2020 20:29:28 Asia/Kolkata] PHP Stack trace:
[09-Jan-2020 20:29:28 Asia/Kolkata] PHP   1. {main}() /home/users/karan.negi/www/html/prestashop1761/admin7349hjnt3/index.php:0
[09-Jan-2020 20:29:28 Asia/Kolkata] PHP   2. Dispatcher->dispatch() /home/users/karan.negi/www/html/prestashop1761/admin7349hjnt3/index.php:97
[09-Jan-2020 20:29:28 Asia/Kolkata] PHP   3. AdminCartsController->run() /home/users/karan.negi/www/html/prestashop1761/classes/Dispatcher.php:515
[09-Jan-2020 20:29:28 Asia/Kolkata] PHP   4. AdminCartsController->displayAjaxSearchCarts() /home/users/karan.negi/www/html/prestashop1761/classes/controller/Controller.php:307
[09-Jan-2020 20:29:28 Asia/Kolkata] PHP   5. OrderCore::getCustomerOrders() /home/users/karan.negi/www/html/prestashop1761/controllers/admin/AdminCartsController.php:753
[09-Jan-2020 20:29:28 Asia/Kolkata] PHP Notice:  Undefined index:  in /home/users/karan.negi/www/html/prestashop1761/classes/order/Order.php on line 946
[09-Jan-2020 20:29:28 Asia/Kolkata] PHP Stack trace:
[09-Jan-2020 20:29:28 Asia/Kolkata] PHP   1. {main}() /home/users/karan.negi/www/html/prestashop1761/admin7349hjnt3/index.php:0
[09-Jan-2020 20:29:28 Asia/Kolkata] PHP   2. Dispatcher->dispatch() /home/users/karan.negi/www/html/prestashop1761/admin7349hjnt3/index.php:97
[09-Jan-2020 20:29:28 Asia/Kolkata] PHP   3. AdminCartsController->run() /home/users/karan.negi/www/html/prestashop1761/classes/Dispatcher.php:515
[09-Jan-2020 20:29:28 Asia/Kolkata] PHP   4. AdminCartsController->displayAjaxSearchCarts() /home/users/karan.negi/www/html/prestashop1761/classes/controller/Controller.php:307
[09-Jan-2020 20:29:28 Asia/Kolkata] PHP   5. OrderCore::getCustomerOrders() /home/users/karan.negi/www/html/prestashop1761/controllers/admin/AdminCartsController.php:753
[09-Jan-2020 20:29:28 Asia/Kolkata] PHP Notice:  Undefined index:  in /home/users/karan.negi/www/html/prestashop1761/classes/order/Order.php on line 944
[09-Jan-2020 20:29:28 Asia/Kolkata] PHP Stack trace:
[09-Jan-2020 20:29:28 Asia/Kolkata] PHP   1. {main}() /home/users/karan.negi/www/html/prestashop1761/admin7349hjnt3/index.php:0
[09-Jan-2020 20:29:28 Asia/Kolkata] PHP   2. Dispatcher->dispatch() /home/users/karan.negi/www/html/prestashop1761/admin7349hjnt3/index.php:97
[09-Jan-2020 20:29:28 Asia/Kolkata] PHP   3. AdminCartsController->run() /home/users/karan.negi/www/html/prestashop1761/classes/Dispatcher.php:515
[09-Jan-2020 20:29:28 Asia/Kolkata] PHP   4. AdminCartsController->displayAjaxSearchCarts() /home/users/karan.negi/www/html/prestashop1761/classes/controller/Controller.php:307
[09-Jan-2020 20:29:28 Asia/Kolkata] PHP   5. OrderCore::getCustomerOrders() /home/users/karan.negi/www/html/prestashop1761/controllers/admin/AdminCartsController.php:753
[09-Jan-2020 20:29:28 Asia/Kolkata] PHP Notice:  Undefined index:  in /home/users/karan.negi/www/html/prestashop1761/classes/order/Order.php on line 945
[09-Jan-2020 20:29:28 Asia/Kolkata] PHP Stack trace:
[09-Jan-2020 20:29:28 Asia/Kolkata] PHP   1. {main}() /home/users/karan.negi/www/html/prestashop1761/admin7349hjnt3/index.php:0
[09-Jan-2020 20:29:28 Asia/Kolkata] PHP   2. Dispatcher->dispatch() /home/users/karan.negi/www/html/prestashop1761/admin7349hjnt3/index.php:97
[09-Jan-2020 20:29:28 Asia/Kolkata] PHP   3. AdminCartsController->run() /home/users/karan.negi/www/html/prestashop1761/classes/Dispatcher.php:515
[09-Jan-2020 20:29:28 Asia/Kolkata] PHP   4. AdminCartsController->displayAjaxSearchCarts() /home/users/karan.negi/www/html/prestashop1761/classes/controller/Controller.php:307
[09-Jan-2020 20:29:28 Asia/Kolkata] PHP   5. OrderCore::getCustomerOrders() /home/users/karan.negi/www/html/prestashop1761/controllers/admin/AdminCartsController.php:753
[09-Jan-2020 20:29:28 Asia/Kolkata] PHP Notice:  Undefined index:  in /home/users/karan.negi/www/html/prestashop1761/classes/order/Order.php on line 946
[09-Jan-2020 20:29:28 Asia/Kolkata] PHP Stack trace:
[09-Jan-2020 20:29:28 Asia/Kolkata] PHP   1. {main}() /home/users/karan.negi/www/html/prestashop1761/admin7349hjnt3/index.php:0
[09-Jan-2020 20:29:28 Asia/Kolkata] PHP   2. Dispatcher->dispatch() /home/users/karan.negi/www/html/prestashop1761/admin7349hjnt3/index.php:97
[09-Jan-2020 20:29:28 Asia/Kolkata] PHP   3. AdminCartsController->run() /home/users/karan.negi/www/html/prestashop1761/classes/Dispatcher.php:515
[09-Jan-2020 20:29:28 Asia/Kolkata] PHP   4. AdminCartsController->displayAjaxSearchCarts() /home/users/karan.negi/www/html/prestashop1761/classes/controller/Controller.php:307
[09-Jan-2020 20:29:28 Asia/Kolkata] PHP   5. OrderCore::getCustomerOrders() /home/users/karan.negi/www/html/prestashop1761/controllers/admin/AdminCartsController.php:753
[09-Jan-2020 20:29:28 Asia/Kolkata] PHP Notice:  Undefined index:  in /home/users/karan.negi/www/html/prestashop1761/classes/order/Order.php on line 944
[09-Jan-2020 20:29:28 Asia/Kolkata] PHP Stack trace:
[09-Jan-2020 20:29:28 Asia/Kolkata] PHP   1. {main}() /home/users/karan.negi/www/html/prestashop1761/admin7349hjnt3/index.php:0
[09-Jan-2020 20:29:28 Asia/Kolkata] PHP   2. Dispatcher->dispatch() /home/users/karan.negi/www/html/prestashop1761/admin7349hjnt3/index.php:97
[09-Jan-2020 20:29:28 Asia/Kolkata] PHP   3. AdminCartsController->run() /home/users/karan.negi/www/html/prestashop1761/classes/Dispatcher.php:515
[09-Jan-2020 20:29:28 Asia/Kolkata] PHP   4. AdminCartsController->displayAjaxSearchCarts() /home/users/karan.negi/www/html/prestashop1761/classes/controller/Controller.php:307
[09-Jan-2020 20:29:28 Asia/Kolkata] PHP   5. OrderCore::getCustomerOrders() /home/users/karan.negi/www/html/prestashop1761/controllers/admin/AdminCartsController.php:753
[09-Jan-2020 20:29:28 Asia/Kolkata] PHP Notice:  Undefined index:  in /home/users/karan.negi/www/html/prestashop1761/classes/order/Order.php on line 945
[09-Jan-2020 20:29:28 Asia/Kolkata] PHP Stack trace:
[09-Jan-2020 20:29:28 Asia/Kolkata] PHP   1. {main}() /home/users/karan.negi/www/html/prestashop1761/admin7349hjnt3/index.php:0
[09-Jan-2020 20:29:28 Asia/Kolkata] PHP   2. Dispatcher->dispatch() /home/users/karan.negi/www/html/prestashop1761/admin7349hjnt3/index.php:97
[09-Jan-2020 20:29:28 Asia/Kolkata] PHP   3. AdminCartsController->run() /home/users/karan.negi/www/html/prestashop1761/classes/Dispatcher.php:515
[09-Jan-2020 20:29:28 Asia/Kolkata] PHP   4. AdminCartsController->displayAjaxSearchCarts() /home/users/karan.negi/www/html/prestashop1761/classes/controller/Controller.php:307
[09-Jan-2020 20:29:28 Asia/Kolkata] PHP   5. OrderCore::getCustomerOrders() /home/users/karan.negi/www/html/prestashop1761/controllers/admin/AdminCartsController.php:753
[09-Jan-2020 20:29:28 Asia/Kolkata] PHP Notice:  Undefined index:  in /home/users/karan.negi/www/html/prestashop1761/classes/order/Order.php on line 946
[09-Jan-2020 20:29:28 Asia/Kolkata] PHP Stack trace:
[09-Jan-2020 20:29:28 Asia/Kolkata] PHP   1. {main}() /home/users/karan.negi/www/html/prestashop1761/admin7349hjnt3/index.php:0
[09-Jan-2020 20:29:28 Asia/Kolkata] PHP   2. Dispatcher->dispatch() /home/users/karan.negi/www/html/prestashop1761/admin7349hjnt3/index.php:97
[09-Jan-2020 20:29:28 Asia/Kolkata] PHP   3. AdminCartsController->run() /home/users/karan.negi/www/html/prestashop1761/classes/Dispatcher.php:515
[09-Jan-2020 20:29:28 Asia/Kolkata] PHP   4. AdminCartsController->displayAjaxSearchCarts() /home/users/karan.negi/www/html/prestashop1761/classes/controller/Controller.php:307
[09-Jan-2020 20:29:28 Asia/Kolkata] PHP   5. OrderCore::getCustomerOrders() /home/users/karan.negi/www/html/prestashop1761/controllers/admin/AdminCartsController.php:753
[09-Jan-2020 20:29:28 Asia/Kolkata] PHP Notice:  Undefined index:  in /home/users/karan.negi/www/html/prestashop1761/classes/order/Order.php on line 944
[09-Jan-2020 20:29:28 Asia/Kolkata] PHP Stack trace:
[09-Jan-2020 20:29:28 Asia/Kolkata] PHP   1. {main}() /home/users/karan.negi/www/html/prestashop1761/admin7349hjnt3/index.php:0
[09-Jan-2020 20:29:28 Asia/Kolkata] PHP   2. Dispatcher->dispatch() /home/users/karan.negi/www/html/prestashop1761/admin7349hjnt3/index.php:97
[09-Jan-2020 20:29:28 Asia/Kolkata] PHP   3. AdminCartsController->run() /home/users/karan.negi/www/html/prestashop1761/classes/Dispatcher.php:515
[09-Jan-2020 20:29:28 Asia/Kolkata] PHP   4. AdminCartsController->displayAjaxSearchCarts() /home/users/karan.negi/www/html/prestashop1761/classes/controller/Controller.php:307
[09-Jan-2020 20:29:28 Asia/Kolkata] PHP   5. OrderCore::getCustomerOrders() /home/users/karan.negi/www/html/prestashop1761/controllers/admin/AdminCartsController.php:753
[09-Jan-2020 20:29:28 Asia/Kolkata] PHP Notice:  Undefined index:  in /home/users/karan.negi/www/html/prestashop1761/classes/order/Order.php on line 945
[09-Jan-2020 20:29:28 Asia/Kolkata] PHP Stack trace:
[09-Jan-2020 20:29:28 Asia/Kolkata] PHP   1. {main}() /home/users/karan.negi/www/html/prestashop1761/admin7349hjnt3/index.php:0
[09-Jan-2020 20:29:28 Asia/Kolkata] PHP   2. Dispatcher->dispatch() /home/users/karan.negi/www/html/prestashop1761/admin7349hjnt3/index.php:97
[09-Jan-2020 20:29:28 Asia/Kolkata] PHP   3. AdminCartsController->run() /home/users/karan.negi/www/html/prestashop1761/classes/Dispatcher.php:515
[09-Jan-2020 20:29:28 Asia/Kolkata] PHP   4. AdminCartsController->displayAjaxSearchCarts() /home/users/karan.negi/www/html/prestashop1761/classes/controller/Controller.php:307
[09-Jan-2020 20:29:28 Asia/Kolkata] PHP   5. OrderCore::getCustomerOrders() /home/users/karan.negi/www/html/prestashop1761/controllers/admin/AdminCartsController.php:753
[09-Jan-2020 20:29:28 Asia/Kolkata] PHP Notice:  Undefined index:  in /home/users/karan.negi/www/html/prestashop1761/classes/order/Order.php on line 946
[09-Jan-2020 20:29:28 Asia/Kolkata] PHP Stack trace:
[09-Jan-2020 20:29:28 Asia/Kolkata] PHP   1. {main}() /home/users/karan.negi/www/html/prestashop1761/admin7349hjnt3/index.php:0
[09-Jan-2020 20:29:28 Asia/Kolkata] PHP   2. Dispatcher->dispatch() /home/users/karan.negi/www/html/prestashop1761/admin7349hjnt3/index.php:97
[09-Jan-2020 20:29:28 Asia/Kolkata] PHP   3. AdminCartsController->run() /home/users/karan.negi/www/html/prestashop1761/classes/Dispatcher.php:515
[09-Jan-2020 20:29:28 Asia/Kolkata] PHP   4. AdminCartsController->displayAjaxSearchCarts() /home/users/karan.negi/www/html/prestashop1761/classes/controller/Controller.php:307
[09-Jan-2020 20:29:28 Asia/Kolkata] PHP   5. OrderCore::getCustomerOrders() /home/users/karan.negi/www/html/prestashop1761/controllers/admin/AdminCartsController.php:753
[09-Jan-2020 20:29:28 Asia/Kolkata] PHP Notice:  Undefined index:  in /home/users/karan.negi/www/html/prestashop1761/classes/order/Order.php on line 944
[09-Jan-2020 20:29:28 Asia/Kolkata] PHP Stack trace:
[09-Jan-2020 20:29:28 Asia/Kolkata] PHP   1. {main}() /home/users/karan.negi/www/html/prestashop1761/admin7349hjnt3/index.php:0
[09-Jan-2020 20:29:28 Asia/Kolkata] PHP   2. Dispatcher->dispatch() /home/users/karan.negi/www/html/prestashop1761/admin7349hjnt3/index.php:97
[09-Jan-2020 20:29:28 Asia/Kolkata] PHP   3. AdminCartsController->run() /home/users/karan.negi/www/html/prestashop1761/classes/Dispatcher.php:515
[09-Jan-2020 20:29:28 Asia/Kolkata] PHP   4. AdminCartsController->displayAjaxSearchCarts() /home/users/karan.negi/www/html/prestashop1761/classes/controller/Controller.php:307
[09-Jan-2020 20:29:28 Asia/Kolkata] PHP   5. OrderCore::getCustomerOrders() /home/users/karan.negi/www/html/prestashop1761/controllers/admin/AdminCartsController.php:753
[09-Jan-2020 20:29:28 Asia/Kolkata] PHP Notice:  Undefined index:  in /home/users/karan.negi/www/html/prestashop1761/classes/order/Order.php on line 945
[09-Jan-2020 20:29:28 Asia/Kolkata] PHP Stack trace:
[09-Jan-2020 20:29:28 Asia/Kolkata] PHP   1. {main}() /home/users/karan.negi/www/html/prestashop1761/admin7349hjnt3/index.php:0
[09-Jan-2020 20:29:28 Asia/Kolkata] PHP   2. Dispatcher->dispatch() /home/users/karan.negi/www/html/prestashop1761/admin7349hjnt3/index.php:97
[09-Jan-2020 20:29:28 Asia/Kolkata] PHP   3. AdminCartsController->run() /home/users/karan.negi/www/html/prestashop1761/classes/Dispatcher.php:515
[09-Jan-2020 20:29:28 Asia/Kolkata] PHP   4. AdminCartsController->displayAjaxSearchCarts() /home/users/karan.negi/www/html/prestashop1761/classes/controller/Controller.php:307
[09-Jan-2020 20:29:28 Asia/Kolkata] PHP   5. OrderCore::getCustomerOrders() /home/users/karan.negi/www/html/prestashop1761/controllers/admin/AdminCartsController.php:753
[09-Jan-2020 20:29:28 Asia/Kolkata] PHP Notice:  Undefined index:  in /home/users/karan.negi/www/html/prestashop1761/classes/order/Order.php on line 946
[09-Jan-2020 20:29:28 Asia/Kolkata] PHP Stack trace:
[09-Jan-2020 20:29:28 Asia/Kolkata] PHP   1. {main}() /home/users/karan.negi/www/html/prestashop1761/admin7349hjnt3/index.php:0
[09-Jan-2020 20:29:28 Asia/Kolkata] PHP   2. Dispatcher->dispatch() /home/users/karan.negi/www/html/prestashop1761/admin7349hjnt3/index.php:97
[09-Jan-2020 20:29:28 Asia/Kolkata] PHP   3. AdminCartsController->run() /home/users/karan.negi/www/html/prestashop1761/classes/Dispatcher.php:515
[09-Jan-2020 20:29:28 Asia/Kolkata] PHP   4. AdminCartsController->displayAjaxSearchCarts() /home/users/karan.negi/www/html/prestashop1761/classes/controller/Controller.php:307
[09-Jan-2020 20:29:28 Asia/Kolkata] PHP   5. OrderCore::getCustomerOrders() /home/users/karan.negi/www/html/prestashop1761/controllers/admin/AdminCartsController.php:753
[09-Jan-2020 20:29:28 Asia/Kolkata] PHP Notice:  Undefined index:  in /home/users/karan.negi/www/html/prestashop1761/classes/order/Order.php on line 944
[09-Jan-2020 20:29:28 Asia/Kolkata] PHP Stack trace:
[09-Jan-2020 20:29:28 Asia/Kolkata] PHP   1. {main}() /home/users/karan.negi/www/html/prestashop1761/admin7349hjnt3/index.php:0
[09-Jan-2020 20:29:28 Asia/Kolkata] PHP   2. Dispatcher->dispatch() /home/users/karan.negi/www/html/prestashop1761/admin7349hjnt3/index.php:97
[09-Jan-2020 20:29:28 Asia/Kolkata] PHP   3. AdminCartsController->run() /home/users/karan.negi/www/html/prestashop1761/classes/Dispatcher.php:515
[09-Jan-2020 20:29:28 Asia/Kolkata] PHP   4. AdminCartsController->displayAjaxSearchCarts() /home/users/karan.negi/www/html/prestashop1761/classes/controller/Controller.php:307
[09-Jan-2020 20:29:28 Asia/Kolkata] PHP   5. OrderCore::getCustomerOrders() /home/users/karan.negi/www/html/prestashop1761/controllers/admin/AdminCartsController.php:753
[09-Jan-2020 20:29:28 Asia/Kolkata] PHP Notice:  Undefined index:  in /home/users/karan.negi/www/html/prestashop1761/classes/order/Order.php on line 945
[09-Jan-2020 20:29:28 Asia/Kolkata] PHP Stack trace:
[09-Jan-2020 20:29:28 Asia/Kolkata] PHP   1. {main}() /home/users/karan.negi/www/html/prestashop1761/admin7349hjnt3/index.php:0
[09-Jan-2020 20:29:28 Asia/Kolkata] PHP   2. Dispatcher->dispatch() /home/users/karan.negi/www/html/prestashop1761/admin7349hjnt3/index.php:97
[09-Jan-2020 20:29:28 Asia/Kolkata] PHP   3. AdminCartsController->run() /home/users/karan.negi/www/html/prestashop1761/classes/Dispatcher.php:515
[09-Jan-2020 20:29:28 Asia/Kolkata] PHP   4. AdminCartsController->displayAjaxSearchCarts() /home/users/karan.negi/www/html/prestashop1761/classes/controller/Controller.php:307
[09-Jan-2020 20:29:28 Asia/Kolkata] PHP   5. OrderCore::getCustomerOrders() /home/users/karan.negi/www/html/prestashop1761/controllers/admin/AdminCartsController.php:753
[09-Jan-2020 20:29:28 Asia/Kolkata] PHP Notice:  Undefined index:  in /home/users/karan.negi/www/html/prestashop1761/classes/order/Order.php on line 946
[09-Jan-2020 20:29:28 Asia/Kolkata] PHP Stack trace:
[09-Jan-2020 20:29:28 Asia/Kolkata] PHP   1. {main}() /home/users/karan.negi/www/html/prestashop1761/admin7349hjnt3/index.php:0
[09-Jan-2020 20:29:28 Asia/Kolkata] PHP   2. Dispatcher->dispatch() /home/users/karan.negi/www/html/prestashop1761/admin7349hjnt3/index.php:97
[09-Jan-2020 20:29:28 Asia/Kolkata] PHP   3. AdminCartsController->run() /home/users/karan.negi/www/html/prestashop1761/classes/Dispatcher.php:515
[09-Jan-2020 20:29:28 Asia/Kolkata] PHP   4. AdminCartsController->displayAjaxSearchCarts() /home/users/karan.negi/www/html/prestashop1761/classes/controller/Controller.php:307
[09-Jan-2020 20:29:28 Asia/Kolkata] PHP   5. OrderCore::getCustomerOrders() /home/users/karan.negi/www/html/prestashop1761/controllers/admin/AdminCartsController.php:753
[09-Jan-2020 20:29:28 Asia/Kolkata] PHP Notice:  Undefined index:  in /home/users/karan.negi/www/html/prestashop1761/classes/order/Order.php on line 944
[09-Jan-2020 20:29:28 Asia/Kolkata] PHP Stack trace:
[09-Jan-2020 20:29:28 Asia/Kolkata] PHP   1. {main}() /home/users/karan.negi/www/html/prestashop1761/admin7349hjnt3/index.php:0
[09-Jan-2020 20:29:28 Asia/Kolkata] PHP   2. Dispatcher->dispatch() /home/users/karan.negi/www/html/prestashop1761/admin7349hjnt3/index.php:97
[09-Jan-2020 20:29:28 Asia/Kolkata] PHP   3. AdminCartsController->run() /home/users/karan.negi/www/html/prestashop1761/classes/Dispatcher.php:515
[09-Jan-2020 20:29:28 Asia/Kolkata] PHP   4. AdminCartsController->displayAjaxSearchCarts() /home/users/karan.negi/www/html/prestashop1761/classes/controller/Controller.php:307
[09-Jan-2020 20:29:28 Asia/Kolkata] PHP   5. OrderCore::getCustomerOrders() /home/users/karan.negi/www/html/prestashop1761/controllers/admin/AdminCartsController.php:753
[09-Jan-2020 20:29:28 Asia/Kolkata] PHP Notice:  Undefined index:  in /home/users/karan.negi/www/html/prestashop1761/classes/order/Order.php on line 945
[09-Jan-2020 20:29:28 Asia/Kolkata] PHP Stack trace:
[09-Jan-2020 20:29:28 Asia/Kolkata] PHP   1. {main}() /home/users/karan.negi/www/html/prestashop1761/admin7349hjnt3/index.php:0
[09-Jan-2020 20:29:28 Asia/Kolkata] PHP   2. Dispatcher->dispatch() /home/users/karan.negi/www/html/prestashop1761/admin7349hjnt3/index.php:97
[09-Jan-2020 20:29:28 Asia/Kolkata] PHP   3. AdminCartsController->run() /home/users/karan.negi/www/html/prestashop1761/classes/Dispatcher.php:515
[09-Jan-2020 20:29:28 Asia/Kolkata] PHP   4. AdminCartsController->displayAjaxSearchCarts() /home/users/karan.negi/www/html/prestashop1761/classes/controller/Controller.php:307
[09-Jan-2020 20:29:28 Asia/Kolkata] PHP   5. OrderCore::getCustomerOrders() /home/users/karan.negi/www/html/prestashop1761/controllers/admin/AdminCartsController.php:753
[09-Jan-2020 20:29:28 Asia/Kolkata] PHP Notice:  Undefined index:  in /home/users/karan.negi/www/html/prestashop1761/classes/order/Order.php on line 946
[09-Jan-2020 20:29:28 Asia/Kolkata] PHP Stack trace:
[09-Jan-2020 20:29:28 Asia/Kolkata] PHP   1. {main}() /home/users/karan.negi/www/html/prestashop1761/admin7349hjnt3/index.php:0
[09-Jan-2020 20:29:28 Asia/Kolkata] PHP   2. Dispatcher->dispatch() /home/users/karan.negi/www/html/prestashop1761/admin7349hjnt3/index.php:97
[09-Jan-2020 20:29:28 Asia/Kolkata] PHP   3. AdminCartsController->run() /home/users/karan.negi/www/html/prestashop1761/classes/Dispatcher.php:515
[09-Jan-2020 20:29:28 Asia/Kolkata] PHP   4. AdminCartsController->displayAjaxSearchCarts() /home/users/karan.negi/www/html/prestashop1761/classes/controller/Controller.php:307
[09-Jan-2020 20:29:28 Asia/Kolkata] PHP   5. OrderCore::getCustomerOrders() /home/users/karan.negi/www/html/prestashop1761/controllers/admin/AdminCartsController.php:753
[09-Jan-2020 20:29:28 Asia/Kolkata] PHP Notice:  Undefined index:  in /home/users/karan.negi/www/html/prestashop1761/classes/order/Order.php on line 944
[09-Jan-2020 20:29:28 Asia/Kolkata] PHP Stack trace:
[09-Jan-2020 20:29:28 Asia/Kolkata] PHP   1. {main}() /home/users/karan.negi/www/html/prestashop1761/admin7349hjnt3/index.php:0
[09-Jan-2020 20:29:28 Asia/Kolkata] PHP   2. Dispatcher->dispatch() /home/users/karan.negi/www/html/prestashop1761/admin7349hjnt3/index.php:97
[09-Jan-2020 20:29:28 Asia/Kolkata] PHP   3. AdminCartsController->run() /home/users/karan.negi/www/html/prestashop1761/classes/Dispatcher.php:515
[09-Jan-2020 20:29:28 Asia/Kolkata] PHP   4. AdminCartsController->displayAjaxSearchCarts() /home/users/karan.negi/www/html/prestashop1761/classes/controller/Controller.php:307
[09-Jan-2020 20:29:28 Asia/Kolkata] PHP   5. OrderCore::getCustomerOrders() /home/users/karan.negi/www/html/prestashop1761/controllers/admin/AdminCartsController.php:753
[09-Jan-2020 20:29:28 Asia/Kolkata] PHP Notice:  Undefined index:  in /home/users/karan.negi/www/html/prestashop1761/classes/order/Order.php on line 945
[09-Jan-2020 20:29:28 Asia/Kolkata] PHP Stack trace:
[09-Jan-2020 20:29:28 Asia/Kolkata] PHP   1. {main}() /home/users/karan.negi/www/html/prestashop1761/admin7349hjnt3/index.php:0
[09-Jan-2020 20:29:28 Asia/Kolkata] PHP   2. Dispatcher->dispatch() /home/users/karan.negi/www/html/prestashop1761/admin7349hjnt3/index.php:97
[09-Jan-2020 20:29:28 Asia/Kolkata] PHP   3. AdminCartsController->run() /home/users/karan.negi/www/html/prestashop1761/classes/Dispatcher.php:515
[09-Jan-2020 20:29:28 Asia/Kolkata] PHP   4. AdminCartsController->displayAjaxSearchCarts() /home/users/karan.negi/www/html/prestashop1761/classes/controller/Controller.php:307
[09-Jan-2020 20:29:28 Asia/Kolkata] PHP   5. OrderCore::getCustomerOrders() /home/users/karan.negi/www/html/prestashop1761/controllers/admin/AdminCartsController.php:753
[09-Jan-2020 20:29:28 Asia/Kolkata] PHP Notice:  Undefined index:  in /home/users/karan.negi/www/html/prestashop1761/classes/order/Order.php on line 946
[09-Jan-2020 20:29:28 Asia/Kolkata] PHP Stack trace:
[09-Jan-2020 20:29:28 Asia/Kolkata] PHP   1. {main}() /home/users/karan.negi/www/html/prestashop1761/admin7349hjnt3/index.php:0
[09-Jan-2020 20:29:28 Asia/Kolkata] PHP   2. Dispatcher->dispatch() /home/users/karan.negi/www/html/prestashop1761/admin7349hjnt3/index.php:97
[09-Jan-2020 20:29:28 Asia/Kolkata] PHP   3. AdminCartsController->run() /home/users/karan.negi/www/html/prestashop1761/classes/Dispatcher.php:515
[09-Jan-2020 20:29:28 Asia/Kolkata] PHP   4. AdminCartsController->displayAjaxSearchCarts() /home/users/karan.negi/www/html/prestashop1761/classes/controller/Controller.php:307
[09-Jan-2020 20:29:28 Asia/Kolkata] PHP   5. OrderCore::getCustomerOrders() /home/users/karan.negi/www/html/prestashop1761/controllers/admin/AdminCartsController.php:753
[09-Jan-2020 20:29:28 Asia/Kolkata] PHP Notice:  Undefined index:  in /home/users/karan.negi/www/html/prestashop1761/classes/order/Order.php on line 944
[09-Jan-2020 20:29:28 Asia/Kolkata] PHP Stack trace:
[09-Jan-2020 20:29:28 Asia/Kolkata] PHP   1. {main}() /home/users/karan.negi/www/html/prestashop1761/admin7349hjnt3/index.php:0
[09-Jan-2020 20:29:28 Asia/Kolkata] PHP   2. Dispatcher->dispatch() /home/users/karan.negi/www/html/prestashop1761/admin7349hjnt3/index.php:97
[09-Jan-2020 20:29:28 Asia/Kolkata] PHP   3. AdminCartsController->run() /home/users/karan.negi/www/html/prestashop1761/classes/Dispatcher.php:515
[09-Jan-2020 20:29:28 Asia/Kolkata] PHP   4. AdminCartsController->displayAjaxSearchCarts() /home/users/karan.negi/www/html/prestashop1761/classes/controller/Controller.php:307
[09-Jan-2020 20:29:28 Asia/Kolkata] PHP   5. OrderCore::getCustomerOrders() /home/users/karan.negi/www/html/prestashop1761/controllers/admin/AdminCartsController.php:753
[09-Jan-2020 20:29:28 Asia/Kolkata] PHP Notice:  Undefined index:  in /home/users/karan.negi/www/html/prestashop1761/classes/order/Order.php on line 945
[09-Jan-2020 20:29:28 Asia/Kolkata] PHP Stack trace:
[09-Jan-2020 20:29:28 Asia/Kolkata] PHP   1. {main}() /home/users/karan.negi/www/html/prestashop1761/admin7349hjnt3/index.php:0
[09-Jan-2020 20:29:28 Asia/Kolkata] PHP   2. Dispatcher->dispatch() /home/users/karan.negi/www/html/prestashop1761/admin7349hjnt3/index.php:97
[09-Jan-2020 20:29:28 Asia/Kolkata] PHP   3. AdminCartsController->run() /home/users/karan.negi/www/html/prestashop1761/classes/Dispatcher.php:515
[09-Jan-2020 20:29:28 Asia/Kolkata] PHP   4. AdminCartsController->displayAjaxSearchCarts() /home/users/karan.negi/www/html/prestashop1761/classes/controller/Controller.php:307
[09-Jan-2020 20:29:28 Asia/Kolkata] PHP   5. OrderCore::getCustomerOrders() /home/users/karan.negi/www/html/prestashop1761/controllers/admin/AdminCartsController.php:753
[09-Jan-2020 20:29:28 Asia/Kolkata] PHP Notice:  Undefined index:  in /home/users/karan.negi/www/html/prestashop1761/classes/order/Order.php on line 946
[09-Jan-2020 20:29:28 Asia/Kolkata] PHP Stack trace:
[09-Jan-2020 20:29:28 Asia/Kolkata] PHP   1. {main}() /home/users/karan.negi/www/html/prestashop1761/admin7349hjnt3/index.php:0
[09-Jan-2020 20:29:28 Asia/Kolkata] PHP   2. Dispatcher->dispatch() /home/users/karan.negi/www/html/prestashop1761/admin7349hjnt3/index.php:97
[09-Jan-2020 20:29:28 Asia/Kolkata] PHP   3. AdminCartsController->run() /home/users/karan.negi/www/html/prestashop1761/classes/Dispatcher.php:515
[09-Jan-2020 20:29:28 Asia/Kolkata] PHP   4. AdminCartsController->displayAjaxSearchCarts() /home/users/karan.negi/www/html/prestashop1761/classes/controller/Controller.php:307
[09-Jan-2020 20:29:28 Asia/Kolkata] PHP   5. OrderCore::getCustomerOrders() /home/users/karan.negi/www/html/prestashop1761/controllers/admin/AdminCartsController.php:753
[09-Jan-2020 20:29:28 Asia/Kolkata] PHP Notice:  Undefined index:  in /home/users/karan.negi/www/html/prestashop1761/classes/order/Order.php on line 944
[09-Jan-2020 20:29:28 Asia/Kolkata] PHP Stack trace:
[09-Jan-2020 20:29:28 Asia/Kolkata] PHP   1. {main}() /home/users/karan.negi/www/html/prestashop1761/admin7349hjnt3/index.php:0
[09-Jan-2020 20:29:28 Asia/Kolkata] PHP   2. Dispatcher->dispatch() /home/users/karan.negi/www/html/prestashop1761/admin7349hjnt3/index.php:97
[09-Jan-2020 20:29:28 Asia/Kolkata] PHP   3. AdminCartsController->run() /home/users/karan.negi/www/html/prestashop1761/classes/Dispatcher.php:515
[09-Jan-2020 20:29:28 Asia/Kolkata] PHP   4. AdminCartsController->displayAjaxSearchCarts() /home/users/karan.negi/www/html/prestashop1761/classes/controller/Controller.php:307
[09-Jan-2020 20:29:28 Asia/Kolkata] PHP   5. OrderCore::getCustomerOrders() /home/users/karan.negi/www/html/prestashop1761/controllers/admin/AdminCartsController.php:753
[09-Jan-2020 20:29:28 Asia/Kolkata] PHP Notice:  Undefined index:  in /home/users/karan.negi/www/html/prestashop1761/classes/order/Order.php on line 945
[09-Jan-2020 20:29:28 Asia/Kolkata] PHP Stack trace:
[09-Jan-2020 20:29:28 Asia/Kolkata] PHP   1. {main}() /home/users/karan.negi/www/html/prestashop1761/admin7349hjnt3/index.php:0
[09-Jan-2020 20:29:28 Asia/Kolkata] PHP   2. Dispatcher->dispatch() /home/users/karan.negi/www/html/prestashop1761/admin7349hjnt3/index.php:97
[09-Jan-2020 20:29:28 Asia/Kolkata] PHP   3. AdminCartsController->run() /home/users/karan.negi/www/html/prestashop1761/classes/Dispatcher.php:515
[09-Jan-2020 20:29:28 Asia/Kolkata] PHP   4. AdminCartsController->displayAjaxSearchCarts() /home/users/karan.negi/www/html/prestashop1761/classes/controller/Controller.php:307
[09-Jan-2020 20:29:28 Asia/Kolkata] PHP   5. OrderCore::getCustomerOrders() /home/users/karan.negi/www/html/prestashop1761/controllers/admin/AdminCartsController.php:753
[09-Jan-2020 20:29:28 Asia/Kolkata] PHP Notice:  Undefined index:  in /home/users/karan.negi/www/html/prestashop1761/classes/order/Order.php on line 946
[09-Jan-2020 20:29:28 Asia/Kolkata] PHP Stack trace:
[09-Jan-2020 20:29:28 Asia/Kolkata] PHP   1. {main}() /home/users/karan.negi/www/html/prestashop1761/admin7349hjnt3/index.php:0
[09-Jan-2020 20:29:28 Asia/Kolkata] PHP   2. Dispatcher->dispatch() /home/users/karan.negi/www/html/prestashop1761/admin7349hjnt3/index.php:97
[09-Jan-2020 20:29:28 Asia/Kolkata] PHP   3. AdminCartsController->run() /home/users/karan.negi/www/html/prestashop1761/classes/Dispatcher.php:515
[09-Jan-2020 20:29:28 Asia/Kolkata] PHP   4. AdminCartsController->displayAjaxSearchCarts() /home/users/karan.negi/www/html/prestashop1761/classes/controller/Controller.php:307
[09-Jan-2020 20:29:28 Asia/Kolkata] PHP   5. OrderCore::getCustomerOrders() /home/users/karan.negi/www/html/prestashop1761/controllers/admin/AdminCartsController.php:753
[09-Jan-2020 20:29:28 Asia/Kolkata] PHP Notice:  Undefined index:  in /home/users/karan.negi/www/html/prestashop1761/classes/order/Order.php on line 944
[09-Jan-2020 20:29:28 Asia/Kolkata] PHP Stack trace:
[09-Jan-2020 20:29:28 Asia/Kolkata] PHP   1. {main}() /home/users/karan.negi/www/html/prestashop1761/admin7349hjnt3/index.php:0
[09-Jan-2020 20:29:28 Asia/Kolkata] PHP   2. Dispatcher->dispatch() /home/users/karan.negi/www/html/prestashop1761/admin7349hjnt3/index.php:97
[09-Jan-2020 20:29:28 Asia/Kolkata] PHP   3. AdminCartsController->run() /home/users/karan.negi/www/html/prestashop1761/classes/Dispatcher.php:515
[09-Jan-2020 20:29:28 Asia/Kolkata] PHP   4. AdminCartsController->displayAjaxSearchCarts() /home/users/karan.negi/www/html/prestashop1761/classes/controller/Controller.php:307
[09-Jan-2020 20:29:28 Asia/Kolkata] PHP   5. OrderCore::getCustomerOrders() /home/users/karan.negi/www/html/prestashop1761/controllers/admin/AdminCartsController.php:753
[09-Jan-2020 20:29:28 Asia/Kolkata] PHP Notice:  Undefined index:  in /home/users/karan.negi/www/html/prestashop1761/classes/order/Order.php on line 945
[09-Jan-2020 20:29:28 Asia/Kolkata] PHP Stack trace:
[09-Jan-2020 20:29:28 Asia/Kolkata] PHP   1. {main}() /home/users/karan.negi/www/html/prestashop1761/admin7349hjnt3/index.php:0
[09-Jan-2020 20:29:28 Asia/Kolkata] PHP   2. Dispatcher->dispatch() /home/users/karan.negi/www/html/prestashop1761/admin7349hjnt3/index.php:97
[09-Jan-2020 20:29:28 Asia/Kolkata] PHP   3. AdminCartsController->run() /home/users/karan.negi/www/html/prestashop1761/classes/Dispatcher.php:515
[09-Jan-2020 20:29:28 Asia/Kolkata] PHP   4. AdminCartsController->displayAjaxSearchCarts() /home/users/karan.negi/www/html/prestashop1761/classes/controller/Controller.php:307
[09-Jan-2020 20:29:28 Asia/Kolkata] PHP   5. OrderCore::getCustomerOrders() /home/users/karan.negi/www/html/prestashop1761/controllers/admin/AdminCartsController.php:753
[09-Jan-2020 20:29:28 Asia/Kolkata] PHP Notice:  Undefined index:  in /home/users/karan.negi/www/html/prestashop1761/classes/order/Order.php on line 946
[09-Jan-2020 20:29:28 Asia/Kolkata] PHP Stack trace:
[09-Jan-2020 20:29:28 Asia/Kolkata] PHP   1. {main}() /home/users/karan.negi/www/html/prestashop1761/admin7349hjnt3/index.php:0
[09-Jan-2020 20:29:28 Asia/Kolkata] PHP   2. Dispatcher->dispatch() /home/users/karan.negi/www/html/prestashop1761/admin7349hjnt3/index.php:97
[09-Jan-2020 20:29:28 Asia/Kolkata] PHP   3. AdminCartsController->run() /home/users/karan.negi/www/html/prestashop1761/classes/Dispatcher.php:515
[09-Jan-2020 20:29:28 Asia/Kolkata] PHP   4. AdminCartsController->displayAjaxSearchCarts() /home/users/karan.negi/www/html/prestashop1761/classes/controller/Controller.php:307
[09-Jan-2020 20:29:28 Asia/Kolkata] PHP   5. OrderCore::getCustomerOrders() /home/users/karan.negi/www/html/prestashop1761/controllers/admin/AdminCartsController.php:753
[09-Jan-2020 20:29:28 Asia/Kolkata] PHP Notice:  Undefined index:  in /home/users/karan.negi/www/html/prestashop1761/classes/order/Order.php on line 944
[09-Jan-2020 20:29:28 Asia/Kolkata] PHP Stack trace:
[09-Jan-2020 20:29:28 Asia/Kolkata] PHP   1. {main}() /home/users/karan.negi/www/html/prestashop1761/admin7349hjnt3/index.php:0
[09-Jan-2020 20:29:28 Asia/Kolkata] PHP   2. Dispatcher->dispatch() /home/users/karan.negi/www/html/prestashop1761/admin7349hjnt3/index.php:97
[09-Jan-2020 20:29:28 Asia/Kolkata] PHP   3. AdminCartsController->run() /home/users/karan.negi/www/html/prestashop1761/classes/Dispatcher.php:515
[09-Jan-2020 20:29:28 Asia/Kolkata] PHP   4. AdminCartsController->displayAjaxSearchCarts() /home/users/karan.negi/www/html/prestashop1761/classes/controller/Controller.php:307
[09-Jan-2020 20:29:28 Asia/Kolkata] PHP   5. OrderCore::getCustomerOrders() /home/users/karan.negi/www/html/prestashop1761/controllers/admin/AdminCartsController.php:753
[09-Jan-2020 20:29:28 Asia/Kolkata] PHP Notice:  Undefined index:  in /home/users/karan.negi/www/html/prestashop1761/classes/order/Order.php on line 945
[09-Jan-2020 20:29:28 Asia/Kolkata] PHP Stack trace:
[09-Jan-2020 20:29:28 Asia/Kolkata] PHP   1. {main}() /home/users/karan.negi/www/html/prestashop1761/admin7349hjnt3/index.php:0
[09-Jan-2020 20:29:28 Asia/Kolkata] PHP   2. Dispatcher->dispatch() /home/users/karan.negi/www/html/prestashop1761/admin7349hjnt3/index.php:97
[09-Jan-2020 20:29:28 Asia/Kolkata] PHP   3. AdminCartsController->run() /home/users/karan.negi/www/html/prestashop1761/classes/Dispatcher.php:515
[09-Jan-2020 20:29:28 Asia/Kolkata] PHP   4. AdminCartsController->displayAjaxSearchCarts() /home/users/karan.negi/www/html/prestashop1761/classes/controller/Controller.php:307
[09-Jan-2020 20:29:28 Asia/Kolkata] PHP   5. OrderCore::getCustomerOrders() /home/users/karan.negi/www/html/prestashop1761/controllers/admin/AdminCartsController.php:753
[09-Jan-2020 20:29:28 Asia/Kolkata] PHP Notice:  Undefined index:  in /home/users/karan.negi/www/html/prestashop1761/classes/order/Order.php on line 946
[09-Jan-2020 20:29:28 Asia/Kolkata] PHP Stack trace:
[09-Jan-2020 20:29:28 Asia/Kolkata] PHP   1. {main}() /home/users/karan.negi/www/html/prestashop1761/admin7349hjnt3/index.php:0
[09-Jan-2020 20:29:28 Asia/Kolkata] PHP   2. Dispatcher->dispatch() /home/users/karan.negi/www/html/prestashop1761/admin7349hjnt3/index.php:97
[09-Jan-2020 20:29:28 Asia/Kolkata] PHP   3. AdminCartsController->run() /home/users/karan.negi/www/html/prestashop1761/classes/Dispatcher.php:515
[09-Jan-2020 20:29:28 Asia/Kolkata] PHP   4. AdminCartsController->displayAjaxSearchCarts() /home/users/karan.negi/www/html/prestashop1761/classes/controller/Controller.php:307
[09-Jan-2020 20:29:28 Asia/Kolkata] PHP   5. OrderCore::getCustomerOrders() /home/users/karan.negi/www/html/prestashop1761/controllers/admin/AdminCartsController.php:753
[09-Jan-2020 20:29:28 Asia/Kolkata] PHP Notice:  Undefined index:  in /home/users/karan.negi/www/html/prestashop1761/classes/order/Order.php on line 944
[09-Jan-2020 20:29:28 Asia/Kolkata] PHP Stack trace:
[09-Jan-2020 20:29:28 Asia/Kolkata] PHP   1. {main}() /home/users/karan.negi/www/html/prestashop1761/admin7349hjnt3/index.php:0
[09-Jan-2020 20:29:28 Asia/Kolkata] PHP   2. Dispatcher->dispatch() /home/users/karan.negi/www/html/prestashop1761/admin7349hjnt3/index.php:97
[09-Jan-2020 20:29:28 Asia/Kolkata] PHP   3. AdminCartsController->run() /home/users/karan.negi/www/html/prestashop1761/classes/Dispatcher.php:515
[09-Jan-2020 20:29:28 Asia/Kolkata] PHP   4. AdminCartsController->displayAjaxSearchCarts() /home/users/karan.negi/www/html/prestashop1761/classes/controller/Controller.php:307
[09-Jan-2020 20:29:28 Asia/Kolkata] PHP   5. OrderCore::getCustomerOrders() /home/users/karan.negi/www/html/prestashop1761/controllers/admin/AdminCartsController.php:753
[09-Jan-2020 20:29:28 Asia/Kolkata] PHP Notice:  Undefined index:  in /home/users/karan.negi/www/html/prestashop1761/classes/order/Order.php on line 945
[09-Jan-2020 20:29:28 Asia/Kolkata] PHP Stack trace:
[09-Jan-2020 20:29:28 Asia/Kolkata] PHP   1. {main}() /home/users/karan.negi/www/html/prestashop1761/admin7349hjnt3/index.php:0
[09-Jan-2020 20:29:28 Asia/Kolkata] PHP   2. Dispatcher->dispatch() /home/users/karan.negi/www/html/prestashop1761/admin7349hjnt3/index.php:97
[09-Jan-2020 20:29:28 Asia/Kolkata] PHP   3. AdminCartsController->run() /home/users/karan.negi/www/html/prestashop1761/classes/Dispatcher.php:515
[09-Jan-2020 20:29:28 Asia/Kolkata] PHP   4. AdminCartsController->displayAjaxSearchCarts() /home/users/karan.negi/www/html/prestashop1761/classes/controller/Controller.php:307
[09-Jan-2020 20:29:28 Asia/Kolkata] PHP   5. OrderCore::getCustomerOrders() /home/users/karan.negi/www/html/prestashop1761/controllers/admin/AdminCartsController.php:753
[09-Jan-2020 20:29:28 Asia/Kolkata] PHP Notice:  Undefined index:  in /home/users/karan.negi/www/html/prestashop1761/classes/order/Order.php on line 946
[09-Jan-2020 20:29:28 Asia/Kolkata] PHP Stack trace:
[09-Jan-2020 20:29:28 Asia/Kolkata] PHP   1. {main}() /home/users/karan.negi/www/html/prestashop1761/admin7349hjnt3/index.php:0
[09-Jan-2020 20:29:28 Asia/Kolkata] PHP   2. Dispatcher->dispatch() /home/users/karan.negi/www/html/prestashop1761/admin7349hjnt3/index.php:97
[09-Jan-2020 20:29:28 Asia/Kolkata] PHP   3. AdminCartsController->run() /home/users/karan.negi/www/html/prestashop1761/classes/Dispatcher.php:515
[09-Jan-2020 20:29:28 Asia/Kolkata] PHP   4. AdminCartsController->displayAjaxSearchCarts() /home/users/karan.negi/www/html/prestashop1761/classes/controller/Controller.php:307
[09-Jan-2020 20:29:28 Asia/Kolkata] PHP   5. OrderCore::getCustomerOrders() /home/users/karan.negi/www/html/prestashop1761/controllers/admin/AdminCartsController.php:753
[09-Jan-2020 20:29:28 Asia/Kolkata] PHP Notice:  Undefined index:  in /home/users/karan.negi/www/html/prestashop1761/classes/order/Order.php on line 944
[09-Jan-2020 20:29:28 Asia/Kolkata] PHP Stack trace:
[09-Jan-2020 20:29:28 Asia/Kolkata] PHP   1. {main}() /home/users/karan.negi/www/html/prestashop1761/admin7349hjnt3/index.php:0
[09-Jan-2020 20:29:28 Asia/Kolkata] PHP   2. Dispatcher->dispatch() /home/users/karan.negi/www/html/prestashop1761/admin7349hjnt3/index.php:97
[09-Jan-2020 20:29:28 Asia/Kolkata] PHP   3. AdminCartsController->run() /home/users/karan.negi/www/html/prestashop1761/classes/Dispatcher.php:515
[09-Jan-2020 20:29:28 Asia/Kolkata] PHP   4. AdminCartsController->displayAjaxSearchCarts() /home/users/karan.negi/www/html/prestashop1761/classes/controller/Controller.php:307
[09-Jan-2020 20:29:28 Asia/Kolkata] PHP   5. OrderCore::getCustomerOrders() /home/users/karan.negi/www/html/prestashop1761/controllers/admin/AdminCartsController.php:753
[09-Jan-2020 20:29:28 Asia/Kolkata] PHP Notice:  Undefined index:  in /home/users/karan.negi/www/html/prestashop1761/classes/order/Order.php on line 945
[09-Jan-2020 20:29:28 Asia/Kolkata] PHP Stack trace:
[09-Jan-2020 20:29:28 Asia/Kolkata] PHP   1. {main}() /home/users/karan.negi/www/html/prestashop1761/admin7349hjnt3/index.php:0
[09-Jan-2020 20:29:28 Asia/Kolkata] PHP   2. Dispatcher->dispatch() /home/users/karan.negi/www/html/prestashop1761/admin7349hjnt3/index.php:97
[09-Jan-2020 20:29:28 Asia/Kolkata] PHP   3. AdminCartsController->run() /home/users/karan.negi/www/html/prestashop1761/classes/Dispatcher.php:515
[09-Jan-2020 20:29:28 Asia/Kolkata] PHP   4. AdminCartsController->displayAjaxSearchCarts() /home/users/karan.negi/www/html/prestashop1761/classes/controller/Controller.php:307
[09-Jan-2020 20:29:28 Asia/Kolkata] PHP   5. OrderCore::getCustomerOrders() /home/users/karan.negi/www/html/prestashop1761/controllers/admin/AdminCartsController.php:753
[09-Jan-2020 20:29:28 Asia/Kolkata] PHP Notice:  Undefined index:  in /home/users/karan.negi/www/html/prestashop1761/classes/order/Order.php on line 946
[09-Jan-2020 20:29:28 Asia/Kolkata] PHP Stack trace:
[09-Jan-2020 20:29:28 Asia/Kolkata] PHP   1. {main}() /home/users/karan.negi/www/html/prestashop1761/admin7349hjnt3/index.php:0
[09-Jan-2020 20:29:28 Asia/Kolkata] PHP   2. Dispatcher->dispatch() /home/users/karan.negi/www/html/prestashop1761/admin7349hjnt3/index.php:97
[09-Jan-2020 20:29:28 Asia/Kolkata] PHP   3. AdminCartsController->run() /home/users/karan.negi/www/html/prestashop1761/classes/Dispatcher.php:515
[09-Jan-2020 20:29:28 Asia/Kolkata] PHP   4. AdminCartsController->displayAjaxSearchCarts() /home/users/karan.negi/www/html/prestashop1761/classes/controller/Controller.php:307
[09-Jan-2020 20:29:28 Asia/Kolkata] PHP   5. OrderCore::getCustomerOrders() /home/users/karan.negi/www/html/prestashop1761/controllers/admin/AdminCartsController.php:753
[09-Jan-2020 20:29:28 Asia/Kolkata] PHP Notice:  Undefined index:  in /home/users/karan.negi/www/html/prestashop1761/classes/order/Order.php on line 944
[09-Jan-2020 20:29:28 Asia/Kolkata] PHP Stack trace:
[09-Jan-2020 20:29:28 Asia/Kolkata] PHP   1. {main}() /home/users/karan.negi/www/html/prestashop1761/admin7349hjnt3/index.php:0
[09-Jan-2020 20:29:28 Asia/Kolkata] PHP   2. Dispatcher->dispatch() /home/users/karan.negi/www/html/prestashop1761/admin7349hjnt3/index.php:97
[09-Jan-2020 20:29:28 Asia/Kolkata] PHP   3. AdminCartsController->run() /home/users/karan.negi/www/html/prestashop1761/classes/Dispatcher.php:515
[09-Jan-2020 20:29:28 Asia/Kolkata] PHP   4. AdminCartsController->displayAjaxSearchCarts() /home/users/karan.negi/www/html/prestashop1761/classes/controller/Controller.php:307
[09-Jan-2020 20:29:28 Asia/Kolkata] PHP   5. OrderCore::getCustomerOrders() /home/users/karan.negi/www/html/prestashop1761/controllers/admin/AdminCartsController.php:753
[09-Jan-2020 20:29:28 Asia/Kolkata] PHP Notice:  Undefined index:  in /home/users/karan.negi/www/html/prestashop1761/classes/order/Order.php on line 945
[09-Jan-2020 20:29:28 Asia/Kolkata] PHP Stack trace:
[09-Jan-2020 20:29:28 Asia/Kolkata] PHP   1. {main}() /home/users/karan.negi/www/html/prestashop1761/admin7349hjnt3/index.php:0
[09-Jan-2020 20:29:28 Asia/Kolkata] PHP   2. Dispatcher->dispatch() /home/users/karan.negi/www/html/prestashop1761/admin7349hjnt3/index.php:97
[09-Jan-2020 20:29:28 Asia/Kolkata] PHP   3. AdminCartsController->run() /home/users/karan.negi/www/html/prestashop1761/classes/Dispatcher.php:515
[09-Jan-2020 20:29:28 Asia/Kolkata] PHP   4. AdminCartsController->displayAjaxSearchCarts() /home/users/karan.negi/www/html/prestashop1761/classes/controller/Controller.php:307
[09-Jan-2020 20:29:28 Asia/Kolkata] PHP   5. OrderCore::getCustomerOrders() /home/users/karan.negi/www/html/prestashop1761/controllers/admin/AdminCartsController.php:753
[09-Jan-2020 20:29:28 Asia/Kolkata] PHP Notice:  Undefined index:  in /home/users/karan.negi/www/html/prestashop1761/classes/order/Order.php on line 946
[09-Jan-2020 20:29:28 Asia/Kolkata] PHP Stack trace:
[09-Jan-2020 20:29:28 Asia/Kolkata] PHP   1. {main}() /home/users/karan.negi/www/html/prestashop1761/admin7349hjnt3/index.php:0
[09-Jan-2020 20:29:28 Asia/Kolkata] PHP   2. Dispatcher->dispatch() /home/users/karan.negi/www/html/prestashop1761/admin7349hjnt3/index.php:97
[09-Jan-2020 20:29:28 Asia/Kolkata] PHP   3. AdminCartsController->run() /home/users/karan.negi/www/html/prestashop1761/classes/Dispatcher.php:515
[09-Jan-2020 20:29:28 Asia/Kolkata] PHP   4. AdminCartsController->displayAjaxSearchCarts() /home/users/karan.negi/www/html/prestashop1761/classes/controller/Controller.php:307
[09-Jan-2020 20:29:28 Asia/Kolkata] PHP   5. OrderCore::getCustomerOrders() /home/users/karan.negi/www/html/prestashop1761/controllers/admin/AdminCartsController.php:753
[09-Jan-2020 20:29:28 Asia/Kolkata] PHP Notice:  Undefined index:  in /home/users/karan.negi/www/html/prestashop1761/classes/order/Order.php on line 944
[09-Jan-2020 20:29:28 Asia/Kolkata] PHP Stack trace:
[09-Jan-2020 20:29:28 Asia/Kolkata] PHP   1. {main}() /home/users/karan.negi/www/html/prestashop1761/admin7349hjnt3/index.php:0
[09-Jan-2020 20:29:28 Asia/Kolkata] PHP   2. Dispatcher->dispatch() /home/users/karan.negi/www/html/prestashop1761/admin7349hjnt3/index.php:97
[09-Jan-2020 20:29:28 Asia/Kolkata] PHP   3. AdminCartsController->run() /home/users/karan.negi/www/html/prestashop1761/classes/Dispatcher.php:515
[09-Jan-2020 20:29:28 Asia/Kolkata] PHP   4. AdminCartsController->displayAjaxSearchCarts() /home/users/karan.negi/www/html/prestashop1761/classes/controller/Controller.php:307
[09-Jan-2020 20:29:28 Asia/Kolkata] PHP   5. OrderCore::getCustomerOrders() /home/users/karan.negi/www/html/prestashop1761/controllers/admin/AdminCartsController.php:753
[09-Jan-2020 20:29:28 Asia/Kolkata] PHP Notice:  Undefined index:  in /home/users/karan.negi/www/html/prestashop1761/classes/order/Order.php on line 945
[09-Jan-2020 20:29:28 Asia/Kolkata] PHP Stack trace:
[09-Jan-2020 20:29:28 Asia/Kolkata] PHP   1. {main}() /home/users/karan.negi/www/html/prestashop1761/admin7349hjnt3/index.php:0
[09-Jan-2020 20:29:28 Asia/Kolkata] PHP   2. Dispatcher->dispatch() /home/users/karan.negi/www/html/prestashop1761/admin7349hjnt3/index.php:97
[09-Jan-2020 20:29:28 Asia/Kolkata] PHP   3. AdminCartsController->run() /home/users/karan.negi/www/html/prestashop1761/classes/Dispatcher.php:515
[09-Jan-2020 20:29:28 Asia/Kolkata] PHP   4. AdminCartsController->displayAjaxSearchCarts() /home/users/karan.negi/www/html/prestashop1761/classes/controller/Controller.php:307
[09-Jan-2020 20:29:28 Asia/Kolkata] PHP   5. OrderCore::getCustomerOrders() /home/users/karan.negi/www/html/prestashop1761/controllers/admin/AdminCartsController.php:753
[09-Jan-2020 20:29:28 Asia/Kolkata] PHP Notice:  Undefined index:  in /home/users/karan.negi/www/html/prestashop1761/classes/order/Order.php on line 946
[09-Jan-2020 20:29:28 Asia/Kolkata] PHP Stack trace:
[09-Jan-2020 20:29:28 Asia/Kolkata] PHP   1. {main}() /home/users/karan.negi/www/html/prestashop1761/admin7349hjnt3/index.php:0
[09-Jan-2020 20:29:28 Asia/Kolkata] PHP   2. Dispatcher->dispatch() /home/users/karan.negi/www/html/prestashop1761/admin7349hjnt3/index.php:97
[09-Jan-2020 20:29:28 Asia/Kolkata] PHP   3. AdminCartsController->run() /home/users/karan.negi/www/html/prestashop1761/classes/Dispatcher.php:515
[09-Jan-2020 20:29:28 Asia/Kolkata] PHP   4. AdminCartsController->displayAjaxSearchCarts() /home/users/karan.negi/www/html/prestashop1761/classes/controller/Controller.php:307
[09-Jan-2020 20:29:28 Asia/Kolkata] PHP   5. OrderCore::getCustomerOrders() /home/users/karan.negi/www/html/prestashop1761/controllers/admin/AdminCartsController.php:753
[09-Jan-2020 20:29:28 Asia/Kolkata] PHP Notice:  Undefined index:  in /home/users/karan.negi/www/html/prestashop1761/classes/order/Order.php on line 944
[09-Jan-2020 20:29:28 Asia/Kolkata] PHP Stack trace:
[09-Jan-2020 20:29:28 Asia/Kolkata] PHP   1. {main}() /home/users/karan.negi/www/html/prestashop1761/admin7349hjnt3/index.php:0
[09-Jan-2020 20:29:28 Asia/Kolkata] PHP   2. Dispatcher->dispatch() /home/users/karan.negi/www/html/prestashop1761/admin7349hjnt3/index.php:97
[09-Jan-2020 20:29:28 Asia/Kolkata] PHP   3. AdminCartsController->run() /home/users/karan.negi/www/html/prestashop1761/classes/Dispatcher.php:515
[09-Jan-2020 20:29:28 Asia/Kolkata] PHP   4. AdminCartsController->displayAjaxSearchCarts() /home/users/karan.negi/www/html/prestashop1761/classes/controller/Controller.php:307
[09-Jan-2020 20:29:28 Asia/Kolkata] PHP   5. OrderCore::getCustomerOrders() /home/users/karan.negi/www/html/prestashop1761/controllers/admin/AdminCartsController.php:753
[09-Jan-2020 20:29:28 Asia/Kolkata] PHP Notice:  Undefined index:  in /home/users/karan.negi/www/html/prestashop1761/classes/order/Order.php on line 945
[09-Jan-2020 20:29:28 Asia/Kolkata] PHP Stack trace:
[09-Jan-2020 20:29:28 Asia/Kolkata] PHP   1. {main}() /home/users/karan.negi/www/html/prestashop1761/admin7349hjnt3/index.php:0
[09-Jan-2020 20:29:28 Asia/Kolkata] PHP   2. Dispatcher->dispatch() /home/users/karan.negi/www/html/prestashop1761/admin7349hjnt3/index.php:97
[09-Jan-2020 20:29:28 Asia/Kolkata] PHP   3. AdminCartsController->run() /home/users/karan.negi/www/html/prestashop1761/classes/Dispatcher.php:515
[09-Jan-2020 20:29:28 Asia/Kolkata] PHP   4. AdminCartsController->displayAjaxSearchCarts() /home/users/karan.negi/www/html/prestashop1761/classes/controller/Controller.php:307
[09-Jan-2020 20:29:28 Asia/Kolkata] PHP   5. OrderCore::getCustomerOrders() /home/users/karan.negi/www/html/prestashop1761/controllers/admin/AdminCartsController.php:753
[09-Jan-2020 20:29:28 Asia/Kolkata] PHP Notice:  Undefined index:  in /home/users/karan.negi/www/html/prestashop1761/classes/order/Order.php on line 946
[09-Jan-2020 20:29:28 Asia/Kolkata] PHP Stack trace:
[09-Jan-2020 20:29:28 Asia/Kolkata] PHP   1. {main}() /home/users/karan.negi/www/html/prestashop1761/admin7349hjnt3/index.php:0
[09-Jan-2020 20:29:28 Asia/Kolkata] PHP   2. Dispatcher->dispatch() /home/users/karan.negi/www/html/prestashop1761/admin7349hjnt3/index.php:97
[09-Jan-2020 20:29:28 Asia/Kolkata] PHP   3. AdminCartsController->run() /home/users/karan.negi/www/html/prestashop1761/classes/Dispatcher.php:515
[09-Jan-2020 20:29:28 Asia/Kolkata] PHP   4. AdminCartsController->displayAjaxSearchCarts() /home/users/karan.negi/www/html/prestashop1761/classes/controller/Controller.php:307
[09-Jan-2020 20:29:28 Asia/Kolkata] PHP   5. OrderCore::getCustomerOrders() /home/users/karan.negi/www/html/prestashop1761/controllers/admin/AdminCartsController.php:753
[09-Jan-2020 20:29:28 Asia/Kolkata] PHP Notice:  Undefined index:  in /home/users/karan.negi/www/html/prestashop1761/classes/order/Order.php on line 944
[09-Jan-2020 20:29:28 Asia/Kolkata] PHP Stack trace:
[09-Jan-2020 20:29:28 Asia/Kolkata] PHP   1. {main}() /home/users/karan.negi/www/html/prestashop1761/admin7349hjnt3/index.php:0
[09-Jan-2020 20:29:28 Asia/Kolkata] PHP   2. Dispatcher->dispatch() /home/users/karan.negi/www/html/prestashop1761/admin7349hjnt3/index.php:97
[09-Jan-2020 20:29:28 Asia/Kolkata] PHP   3. AdminCartsController->run() /home/users/karan.negi/www/html/prestashop1761/classes/Dispatcher.php:515
[09-Jan-2020 20:29:28 Asia/Kolkata] PHP   4. AdminCartsController->displayAjaxSearchCarts() /home/users/karan.negi/www/html/prestashop1761/classes/controller/Controller.php:307
[09-Jan-2020 20:29:28 Asia/Kolkata] PHP   5. OrderCore::getCustomerOrders() /home/users/karan.negi/www/html/prestashop1761/controllers/admin/AdminCartsController.php:753
[09-Jan-2020 20:29:28 Asia/Kolkata] PHP Notice:  Undefined index:  in /home/users/karan.negi/www/html/prestashop1761/classes/order/Order.php on line 945
[09-Jan-2020 20:29:28 Asia/Kolkata] PHP Stack trace:
[09-Jan-2020 20:29:28 Asia/Kolkata] PHP   1. {main}() /home/users/karan.negi/www/html/prestashop1761/admin7349hjnt3/index.php:0
[09-Jan-2020 20:29:28 Asia/Kolkata] PHP   2. Dispatcher->dispatch() /home/users/karan.negi/www/html/prestashop1761/admin7349hjnt3/index.php:97
[09-Jan-2020 20:29:28 Asia/Kolkata] PHP   3. AdminCartsController->run() /home/users/karan.negi/www/html/prestashop1761/classes/Dispatcher.php:515
[09-Jan-2020 20:29:28 Asia/Kolkata] PHP   4. AdminCartsController->displayAjaxSearchCarts() /home/users/karan.negi/www/html/prestashop1761/classes/controller/Controller.php:307
[09-Jan-2020 20:29:28 Asia/Kolkata] PHP   5. OrderCore::getCustomerOrders() /home/users/karan.negi/www/html/prestashop1761/controllers/admin/AdminCartsController.php:753
[09-Jan-2020 20:29:28 Asia/Kolkata] PHP Notice:  Undefined index:  in /home/users/karan.negi/www/html/prestashop1761/classes/order/Order.php on line 946
[09-Jan-2020 20:29:28 Asia/Kolkata] PHP Stack trace:
[09-Jan-2020 20:29:28 Asia/Kolkata] PHP   1. {main}() /home/users/karan.negi/www/html/prestashop1761/admin7349hjnt3/index.php:0
[09-Jan-2020 20:29:28 Asia/Kolkata] PHP   2. Dispatcher->dispatch() /home/users/karan.negi/www/html/prestashop1761/admin7349hjnt3/index.php:97
[09-Jan-2020 20:29:28 Asia/Kolkata] PHP   3. AdminCartsController->run() /home/users/karan.negi/www/html/prestashop1761/classes/Dispatcher.php:515
[09-Jan-2020 20:29:28 Asia/Kolkata] PHP   4. AdminCartsController->displayAjaxSearchCarts() /home/users/karan.negi/www/html/prestashop1761/classes/controller/Controller.php:307
[09-Jan-2020 20:29:28 Asia/Kolkata] PHP   5. OrderCore::getCustomerOrders() /home/users/karan.negi/www/html/prestashop1761/controllers/admin/AdminCartsController.php:753
[09-Jan-2020 20:29:28 Asia/Kolkata] PHP Notice:  Undefined index:  in /home/users/karan.negi/www/html/prestashop1761/classes/order/Order.php on line 944
[09-Jan-2020 20:29:28 Asia/Kolkata] PHP Stack trace:
[09-Jan-2020 20:29:28 Asia/Kolkata] PHP   1. {main}() /home/users/karan.negi/www/html/prestashop1761/admin7349hjnt3/index.php:0
[09-Jan-2020 20:29:28 Asia/Kolkata] PHP   2. Dispatcher->dispatch() /home/users/karan.negi/www/html/prestashop1761/admin7349hjnt3/index.php:97
[09-Jan-2020 20:29:28 Asia/Kolkata] PHP   3. AdminCartsController->run() /home/users/karan.negi/www/html/prestashop1761/classes/Dispatcher.php:515
[09-Jan-2020 20:29:28 Asia/Kolkata] PHP   4. AdminCartsController->displayAjaxSearchCarts() /home/users/karan.negi/www/html/prestashop1761/classes/controller/Controller.php:307
[09-Jan-2020 20:29:28 Asia/Kolkata] PHP   5. OrderCore::getCustomerOrders() /home/users/karan.negi/www/html/prestashop1761/controllers/admin/AdminCartsController.php:753
[09-Jan-2020 20:29:28 Asia/Kolkata] PHP Notice:  Undefined index:  in /home/users/karan.negi/www/html/prestashop1761/classes/order/Order.php on line 945
[09-Jan-2020 20:29:28 Asia/Kolkata] PHP Stack trace:
[09-Jan-2020 20:29:28 Asia/Kolkata] PHP   1. {main}() /home/users/karan.negi/www/html/prestashop1761/admin7349hjnt3/index.php:0
[09-Jan-2020 20:29:28 Asia/Kolkata] PHP   2. Dispatcher->dispatch() /home/users/karan.negi/www/html/prestashop1761/admin7349hjnt3/index.php:97
[09-Jan-2020 20:29:28 Asia/Kolkata] PHP   3. AdminCartsController->run() /home/users/karan.negi/www/html/prestashop1761/classes/Dispatcher.php:515
[09-Jan-2020 20:29:28 Asia/Kolkata] PHP   4. AdminCartsController->displayAjaxSearchCarts() /home/users/karan.negi/www/html/prestashop1761/classes/controller/Controller.php:307
[09-Jan-2020 20:29:28 Asia/Kolkata] PHP   5. OrderCore::getCustomerOrders() /home/users/karan.negi/www/html/prestashop1761/controllers/admin/AdminCartsController.php:753
[09-Jan-2020 20:29:28 Asia/Kolkata] PHP Notice:  Undefined index:  in /home/users/karan.negi/www/html/prestashop1761/classes/order/Order.php on line 946
[09-Jan-2020 20:29:28 Asia/Kolkata] PHP Stack trace:
[09-Jan-2020 20:29:28 Asia/Kolkata] PHP   1. {main}() /home/users/karan.negi/www/html/prestashop1761/admin7349hjnt3/index.php:0
[09-Jan-2020 20:29:28 Asia/Kolkata] PHP   2. Dispatcher->dispatch() /home/users/karan.negi/www/html/prestashop1761/admin7349hjnt3/index.php:97
[09-Jan-2020 20:29:28 Asia/Kolkata] PHP   3. AdminCartsController->run() /home/users/karan.negi/www/html/prestashop1761/classes/Dispatcher.php:515
[09-Jan-2020 20:29:28 Asia/Kolkata] PHP   4. AdminCartsController->displayAjaxSearchCarts() /home/users/karan.negi/www/html/prestashop1761/classes/controller/Controller.php:307
[09-Jan-2020 20:29:28 Asia/Kolkata] PHP   5. OrderCore::getCustomerOrders() /home/users/karan.negi/www/html/prestashop1761/controllers/admin/AdminCartsController.php:753
[09-Jan-2020 20:29:28 Asia/Kolkata] PHP Notice:  Undefined index:  in /home/users/karan.negi/www/html/prestashop1761/classes/order/Order.php on line 944
[09-Jan-2020 20:29:28 Asia/Kolkata] PHP Stack trace:
[09-Jan-2020 20:29:28 Asia/Kolkata] PHP   1. {main}() /home/users/karan.negi/www/html/prestashop1761/admin7349hjnt3/index.php:0
[09-Jan-2020 20:29:28 Asia/Kolkata] PHP   2. Dispatcher->dispatch() /home/users/karan.negi/www/html/prestashop1761/admin7349hjnt3/index.php:97
[09-Jan-2020 20:29:28 Asia/Kolkata] PHP   3. AdminCartsController->run() /home/users/karan.negi/www/html/prestashop1761/classes/Dispatcher.php:515
[09-Jan-2020 20:29:28 Asia/Kolkata] PHP   4. AdminCartsController->displayAjaxSearchCarts() /home/users/karan.negi/www/html/prestashop1761/classes/controller/Controller.php:307
[09-Jan-2020 20:29:28 Asia/Kolkata] PHP   5. OrderCore::getCustomerOrders() /home/users/karan.negi/www/html/prestashop1761/controllers/admin/AdminCartsController.php:753
[09-Jan-2020 20:29:28 Asia/Kolkata] PHP Notice:  Undefined index:  in /home/users/karan.negi/www/html/prestashop1761/classes/order/Order.php on line 945
[09-Jan-2020 20:29:28 Asia/Kolkata] PHP Stack trace:
[09-Jan-2020 20:29:28 Asia/Kolkata] PHP   1. {main}() /home/users/karan.negi/www/html/prestashop1761/admin7349hjnt3/index.php:0
[09-Jan-2020 20:29:28 Asia/Kolkata] PHP   2. Dispatcher->dispatch() /home/users/karan.negi/www/html/prestashop1761/admin7349hjnt3/index.php:97
[09-Jan-2020 20:29:28 Asia/Kolkata] PHP   3. AdminCartsController->run() /home/users/karan.negi/www/html/prestashop1761/classes/Dispatcher.php:515
[09-Jan-2020 20:29:28 Asia/Kolkata] PHP   4. AdminCartsController->displayAjaxSearchCarts() /home/users/karan.negi/www/html/prestashop1761/classes/controller/Controller.php:307
[09-Jan-2020 20:29:28 Asia/Kolkata] PHP   5. OrderCore::getCustomerOrders() /home/users/karan.negi/www/html/prestashop1761/controllers/admin/AdminCartsController.php:753
[09-Jan-2020 20:29:28 Asia/Kolkata] PHP Notice:  Undefined index:  in /home/users/karan.negi/www/html/prestashop1761/classes/order/Order.php on line 946
[09-Jan-2020 20:29:28 Asia/Kolkata] PHP Stack trace:
[09-Jan-2020 20:29:28 Asia/Kolkata] PHP   1. {main}() /home/users/karan.negi/www/html/prestashop1761/admin7349hjnt3/index.php:0
[09-Jan-2020 20:29:28 Asia/Kolkata] PHP   2. Dispatcher->dispatch() /home/users/karan.negi/www/html/prestashop1761/admin7349hjnt3/index.php:97
[09-Jan-2020 20:29:28 Asia/Kolkata] PHP   3. AdminCartsController->run() /home/users/karan.negi/www/html/prestashop1761/classes/Dispatcher.php:515
[09-Jan-2020 20:29:28 Asia/Kolkata] PHP   4. AdminCartsController->displayAjaxSearchCarts() /home/users/karan.negi/www/html/prestashop1761/classes/controller/Controller.php:307
[09-Jan-2020 20:29:28 Asia/Kolkata] PHP   5. OrderCore::getCustomerOrders() /home/users/karan.negi/www/html/prestashop1761/controllers/admin/AdminCartsController.php:753
[09-Jan-2020 20:29:28 Asia/Kolkata] PHP Notice:  Undefined index:  in /home/users/karan.negi/www/html/prestashop1761/classes/order/Order.php on line 944
[09-Jan-2020 20:29:28 Asia/Kolkata] PHP Stack trace:
[09-Jan-2020 20:29:28 Asia/Kolkata] PHP   1. {main}() /home/users/karan.negi/www/html/prestashop1761/admin7349hjnt3/index.php:0
[09-Jan-2020 20:29:28 Asia/Kolkata] PHP   2. Dispatcher->dispatch() /home/users/karan.negi/www/html/prestashop1761/admin7349hjnt3/index.php:97
[09-Jan-2020 20:29:28 Asia/Kolkata] PHP   3. AdminCartsController->run() /home/users/karan.negi/www/html/prestashop1761/classes/Dispatcher.php:515
[09-Jan-2020 20:29:28 Asia/Kolkata] PHP   4. AdminCartsController->displayAjaxSearchCarts() /home/users/karan.negi/www/html/prestashop1761/classes/controller/Controller.php:307
[09-Jan-2020 20:29:28 Asia/Kolkata] PHP   5. OrderCore::getCustomerOrders() /home/users/karan.negi/www/html/prestashop1761/controllers/admin/AdminCartsController.php:753
[09-Jan-2020 20:29:28 Asia/Kolkata] PHP Notice:  Undefined index:  in /home/users/karan.negi/www/html/prestashop1761/classes/order/Order.php on line 945
[09-Jan-2020 20:29:28 Asia/Kolkata] PHP Stack trace:
[09-Jan-2020 20:29:28 Asia/Kolkata] PHP   1. {main}() /home/users/karan.negi/www/html/prestashop1761/admin7349hjnt3/index.php:0
[09-Jan-2020 20:29:28 Asia/Kolkata] PHP   2. Dispatcher->dispatch() /home/users/karan.negi/www/html/prestashop1761/admin7349hjnt3/index.php:97
[09-Jan-2020 20:29:28 Asia/Kolkata] PHP   3. AdminCartsController->run() /home/users/karan.negi/www/html/prestashop1761/classes/Dispatcher.php:515
[09-Jan-2020 20:29:28 Asia/Kolkata] PHP   4. AdminCartsController->displayAjaxSearchCarts() /home/users/karan.negi/www/html/prestashop1761/classes/controller/Controller.php:307
[09-Jan-2020 20:29:28 Asia/Kolkata] PHP   5. OrderCore::getCustomerOrders() /home/users/karan.negi/www/html/prestashop1761/controllers/admin/AdminCartsController.php:753
[09-Jan-2020 20:29:28 Asia/Kolkata] PHP Notice:  Undefined index:  in /home/users/karan.negi/www/html/prestashop1761/classes/order/Order.php on line 946
[09-Jan-2020 20:29:28 Asia/Kolkata] PHP Stack trace:
[09-Jan-2020 20:29:28 Asia/Kolkata] PHP   1. {main}() /home/users/karan.negi/www/html/prestashop1761/admin7349hjnt3/index.php:0
[09-Jan-2020 20:29:28 Asia/Kolkata] PHP   2. Dispatcher->dispatch() /home/users/karan.negi/www/html/prestashop1761/admin7349hjnt3/index.php:97
[09-Jan-2020 20:29:28 Asia/Kolkata] PHP   3. AdminCartsController->run() /home/users/karan.negi/www/html/prestashop1761/classes/Dispatcher.php:515
[09-Jan-2020 20:29:28 Asia/Kolkata] PHP   4. AdminCartsController->displayAjaxSearchCarts() /home/users/karan.negi/www/html/prestashop1761/classes/controller/Controller.php:307
[09-Jan-2020 20:29:28 Asia/Kolkata] PHP   5. OrderCore::getCustomerOrders() /home/users/karan.negi/www/html/prestashop1761/controllers/admin/AdminCartsController.php:753
[09-Jan-2020 20:29:28 Asia/Kolkata] PHP Notice:  Undefined index:  in /home/users/karan.negi/www/html/prestashop1761/classes/order/Order.php on line 944
[09-Jan-2020 20:29:28 Asia/Kolkata] PHP Stack trace:
[09-Jan-2020 20:29:28 Asia/Kolkata] PHP   1. {main}() /home/users/karan.negi/www/html/prestashop1761/admin7349hjnt3/index.php:0
[09-Jan-2020 20:29:28 Asia/Kolkata] PHP   2. Dispatcher->dispatch() /home/users/karan.negi/www/html/prestashop1761/admin7349hjnt3/index.php:97
[09-Jan-2020 20:29:28 Asia/Kolkata] PHP   3. AdminCartsController->run() /home/users/karan.negi/www/html/prestashop1761/classes/Dispatcher.php:515
[09-Jan-2020 20:29:28 Asia/Kolkata] PHP   4. AdminCartsController->displayAjaxSearchCarts() /home/users/karan.negi/www/html/prestashop1761/classes/controller/Controller.php:307
[09-Jan-2020 20:29:28 Asia/Kolkata] PHP   5. OrderCore::getCustomerOrders() /home/users/karan.negi/www/html/prestashop1761/controllers/admin/AdminCartsController.php:753
[09-Jan-2020 20:29:28 Asia/Kolkata] PHP Notice:  Undefined index:  in /home/users/karan.negi/www/html/prestashop1761/classes/order/Order.php on line 945
[09-Jan-2020 20:29:28 Asia/Kolkata] PHP Stack trace:
[09-Jan-2020 20:29:28 Asia/Kolkata] PHP   1. {main}() /home/users/karan.negi/www/html/prestashop1761/admin7349hjnt3/index.php:0
[09-Jan-2020 20:29:28 Asia/Kolkata] PHP   2. Dispatcher->dispatch() /home/users/karan.negi/www/html/prestashop1761/admin7349hjnt3/index.php:97
[09-Jan-2020 20:29:28 Asia/Kolkata] PHP   3. AdminCartsController->run() /home/users/karan.negi/www/html/prestashop1761/classes/Dispatcher.php:515
[09-Jan-2020 20:29:28 Asia/Kolkata] PHP   4. AdminCartsController->displayAjaxSearchCarts() /home/users/karan.negi/www/html/prestashop1761/classes/controller/Controller.php:307
[09-Jan-2020 20:29:28 Asia/Kolkata] PHP   5. OrderCore::getCustomerOrders() /home/users/karan.negi/www/html/prestashop1761/controllers/admin/AdminCartsController.php:753
[09-Jan-2020 20:29:28 Asia/Kolkata] PHP Notice:  Undefined index:  in /home/users/karan.negi/www/html/prestashop1761/classes/order/Order.php on line 946
[09-Jan-2020 20:29:28 Asia/Kolkata] PHP Stack trace:
[09-Jan-2020 20:29:28 Asia/Kolkata] PHP   1. {main}() /home/users/karan.negi/www/html/prestashop1761/admin7349hjnt3/index.php:0
[09-Jan-2020 20:29:28 Asia/Kolkata] PHP   2. Dispatcher->dispatch() /home/users/karan.negi/www/html/prestashop1761/admin7349hjnt3/index.php:97
[09-Jan-2020 20:29:28 Asia/Kolkata] PHP   3. AdminCartsController->run() /home/users/karan.negi/www/html/prestashop1761/classes/Dispatcher.php:515
[09-Jan-2020 20:29:28 Asia/Kolkata] PHP   4. AdminCartsController->displayAjaxSearchCarts() /home/users/karan.negi/www/html/prestashop1761/classes/controller/Controller.php:307
[09-Jan-2020 20:29:28 Asia/Kolkata] PHP   5. OrderCore::getCustomerOrders() /home/users/karan.negi/www/html/prestashop1761/controllers/admin/AdminCartsController.php:753
[09-Jan-2020 20:29:28 Asia/Kolkata] PHP Notice:  Undefined index:  in /home/users/karan.negi/www/html/prestashop1761/classes/order/Order.php on line 944
[09-Jan-2020 20:29:28 Asia/Kolkata] PHP Stack trace:
[09-Jan-2020 20:29:28 Asia/Kolkata] PHP   1. {main}() /home/users/karan.negi/www/html/prestashop1761/admin7349hjnt3/index.php:0
[09-Jan-2020 20:29:28 Asia/Kolkata] PHP   2. Dispatcher->dispatch() /home/users/karan.negi/www/html/prestashop1761/admin7349hjnt3/index.php:97
[09-Jan-2020 20:29:28 Asia/Kolkata] PHP   3. AdminCartsController->run() /home/users/karan.negi/www/html/prestashop1761/classes/Dispatcher.php:515
[09-Jan-2020 20:29:28 Asia/Kolkata] PHP   4. AdminCartsController->displayAjaxSearchCarts() /home/users/karan.negi/www/html/prestashop1761/classes/controller/Controller.php:307
[09-Jan-2020 20:29:28 Asia/Kolkata] PHP   5. OrderCore::getCustomerOrders() /home/users/karan.negi/www/html/prestashop1761/controllers/admin/AdminCartsController.php:753
[09-Jan-2020 20:29:28 Asia/Kolkata] PHP Notice:  Undefined index:  in /home/users/karan.negi/www/html/prestashop1761/classes/order/Order.php on line 945
[09-Jan-2020 20:29:28 Asia/Kolkata] PHP Stack trace:
[09-Jan-2020 20:29:28 Asia/Kolkata] PHP   1. {main}() /home/users/karan.negi/www/html/prestashop1761/admin7349hjnt3/index.php:0
[09-Jan-2020 20:29:28 Asia/Kolkata] PHP   2. Dispatcher->dispatch() /home/users/karan.negi/www/html/prestashop1761/admin7349hjnt3/index.php:97
[09-Jan-2020 20:29:28 Asia/Kolkata] PHP   3. AdminCartsController->run() /home/users/karan.negi/www/html/prestashop1761/classes/Dispatcher.php:515
[09-Jan-2020 20:29:28 Asia/Kolkata] PHP   4. AdminCartsController->displayAjaxSearchCarts() /home/users/karan.negi/www/html/prestashop1761/classes/controller/Controller.php:307
[09-Jan-2020 20:29:28 Asia/Kolkata] PHP   5. OrderCore::getCustomerOrders() /home/users/karan.negi/www/html/prestashop1761/controllers/admin/AdminCartsController.php:753
[09-Jan-2020 20:29:28 Asia/Kolkata] PHP Notice:  Undefined index:  in /home/users/karan.negi/www/html/prestashop1761/classes/order/Order.php on line 946
[09-Jan-2020 20:29:28 Asia/Kolkata] PHP Stack trace:
[09-Jan-2020 20:29:28 Asia/Kolkata] PHP   1. {main}() /home/users/karan.negi/www/html/prestashop1761/admin7349hjnt3/index.php:0
[09-Jan-2020 20:29:28 Asia/Kolkata] PHP   2. Dispatcher->dispatch() /home/users/karan.negi/www/html/prestashop1761/admin7349hjnt3/index.php:97
[09-Jan-2020 20:29:28 Asia/Kolkata] PHP   3. AdminCartsController->run() /home/users/karan.negi/www/html/prestashop1761/classes/Dispatcher.php:515
[09-Jan-2020 20:29:28 Asia/Kolkata] PHP   4. AdminCartsController->displayAjaxSearchCarts() /home/users/karan.negi/www/html/prestashop1761/classes/controller/Controller.php:307
[09-Jan-2020 20:29:28 Asia/Kolkata] PHP   5. OrderCore::getCustomerOrders() /home/users/karan.negi/www/html/prestashop1761/controllers/admin/AdminCartsController.php:753
[09-Jan-2020 20:29:28 Asia/Kolkata] PHP Notice:  Undefined index:  in /home/users/karan.negi/www/html/prestashop1761/classes/order/Order.php on line 944
[09-Jan-2020 20:29:28 Asia/Kolkata] PHP Stack trace:
[09-Jan-2020 20:29:28 Asia/Kolkata] PHP   1. {main}() /home/users/karan.negi/www/html/prestashop1761/admin7349hjnt3/index.php:0
[09-Jan-2020 20:29:28 Asia/Kolkata] PHP   2. Dispatcher->dispatch() /home/users/karan.negi/www/html/prestashop1761/admin7349hjnt3/index.php:97
[09-Jan-2020 20:29:28 Asia/Kolkata] PHP   3. AdminCartsController->run() /home/users/karan.negi/www/html/prestashop1761/classes/Dispatcher.php:515
[09-Jan-2020 20:29:28 Asia/Kolkata] PHP   4. AdminCartsController->displayAjaxSearchCarts() /home/users/karan.negi/www/html/prestashop1761/classes/controller/Controller.php:307
[09-Jan-2020 20:29:28 Asia/Kolkata] PHP   5. OrderCore::getCustomerOrders() /home/users/karan.negi/www/html/prestashop1761/controllers/admin/AdminCartsController.php:753
[09-Jan-2020 20:29:28 Asia/Kolkata] PHP Notice:  Undefined index:  in /home/users/karan.negi/www/html/prestashop1761/classes/order/Order.php on line 945
[09-Jan-2020 20:29:28 Asia/Kolkata] PHP Stack trace:
[09-Jan-2020 20:29:28 Asia/Kolkata] PHP   1. {main}() /home/users/karan.negi/www/html/prestashop1761/admin7349hjnt3/index.php:0
[09-Jan-2020 20:29:28 Asia/Kolkata] PHP   2. Dispatcher->dispatch() /home/users/karan.negi/www/html/prestashop1761/admin7349hjnt3/index.php:97
[09-Jan-2020 20:29:28 Asia/Kolkata] PHP   3. AdminCartsController->run() /home/users/karan.negi/www/html/prestashop1761/classes/Dispatcher.php:515
[09-Jan-2020 20:29:28 Asia/Kolkata] PHP   4. AdminCartsController->displayAjaxSearchCarts() /home/users/karan.negi/www/html/prestashop1761/classes/controller/Controller.php:307
[09-Jan-2020 20:29:28 Asia/Kolkata] PHP   5. OrderCore::getCustomerOrders() /home/users/karan.negi/www/html/prestashop1761/controllers/admin/AdminCartsController.php:753
[09-Jan-2020 20:29:28 Asia/Kolkata] PHP Notice:  Undefined index:  in /home/users/karan.negi/www/html/prestashop1761/classes/order/Order.php on line 946
[09-Jan-2020 20:29:28 Asia/Kolkata] PHP Stack trace:
[09-Jan-2020 20:29:28 Asia/Kolkata] PHP   1. {main}() /home/users/karan.negi/www/html/prestashop1761/admin7349hjnt3/index.php:0
[09-Jan-2020 20:29:28 Asia/Kolkata] PHP   2. Dispatcher->dispatch() /home/users/karan.negi/www/html/prestashop1761/admin7349hjnt3/index.php:97
[09-Jan-2020 20:29:28 Asia/Kolkata] PHP   3. AdminCartsController->run() /home/users/karan.negi/www/html/prestashop1761/classes/Dispatcher.php:515
[09-Jan-2020 20:29:28 Asia/Kolkata] PHP   4. AdminCartsController->displayAjaxSearchCarts() /home/users/karan.negi/www/html/prestashop1761/classes/controller/Controller.php:307
[09-Jan-2020 20:29:28 Asia/Kolkata] PHP   5. OrderCore::getCustomerOrders() /home/users/karan.negi/www/html/prestashop1761/controllers/admin/AdminCartsController.php:753
[09-Jan-2020 20:29:28 Asia/Kolkata] PHP Notice:  Undefined index:  in /home/users/karan.negi/www/html/prestashop1761/classes/order/Order.php on line 944
[09-Jan-2020 20:29:28 Asia/Kolkata] PHP Stack trace:
[09-Jan-2020 20:29:28 Asia/Kolkata] PHP   1. {main}() /home/users/karan.negi/www/html/prestashop1761/admin7349hjnt3/index.php:0
[09-Jan-2020 20:29:28 Asia/Kolkata] PHP   2. Dispatcher->dispatch() /home/users/karan.negi/www/html/prestashop1761/admin7349hjnt3/index.php:97
[09-Jan-2020 20:29:28 Asia/Kolkata] PHP   3. AdminCartsController->run() /home/users/karan.negi/www/html/prestashop1761/classes/Dispatcher.php:515
[09-Jan-2020 20:29:28 Asia/Kolkata] PHP   4. AdminCartsController->displayAjaxSearchCarts() /home/users/karan.negi/www/html/prestashop1761/classes/controller/Controller.php:307
[09-Jan-2020 20:29:28 Asia/Kolkata] PHP   5. OrderCore::getCustomerOrders() /home/users/karan.negi/www/html/prestashop1761/controllers/admin/AdminCartsController.php:753
[09-Jan-2020 20:29:28 Asia/Kolkata] PHP Notice:  Undefined index:  in /home/users/karan.negi/www/html/prestashop1761/classes/order/Order.php on line 945
[09-Jan-2020 20:29:28 Asia/Kolkata] PHP Stack trace:
[09-Jan-2020 20:29:28 Asia/Kolkata] PHP   1. {main}() /home/users/karan.negi/www/html/prestashop1761/admin7349hjnt3/index.php:0
[09-Jan-2020 20:29:28 Asia/Kolkata] PHP   2. Dispatcher->dispatch() /home/users/karan.negi/www/html/prestashop1761/admin7349hjnt3/index.php:97
[09-Jan-2020 20:29:28 Asia/Kolkata] PHP   3. AdminCartsController->run() /home/users/karan.negi/www/html/prestashop1761/classes/Dispatcher.php:515
[09-Jan-2020 20:29:28 Asia/Kolkata] PHP   4. AdminCartsController->displayAjaxSearchCarts() /home/users/karan.negi/www/html/prestashop1761/classes/controller/Controller.php:307
[09-Jan-2020 20:29:28 Asia/Kolkata] PHP   5. OrderCore::getCustomerOrders() /home/users/karan.negi/www/html/prestashop1761/controllers/admin/AdminCartsController.php:753
[09-Jan-2020 20:29:28 Asia/Kolkata] PHP Notice:  Undefined index:  in /home/users/karan.negi/www/html/prestashop1761/classes/order/Order.php on line 946
[09-Jan-2020 20:29:28 Asia/Kolkata] PHP Stack trace:
[09-Jan-2020 20:29:28 Asia/Kolkata] PHP   1. {main}() /home/users/karan.negi/www/html/prestashop1761/admin7349hjnt3/index.php:0
[09-Jan-2020 20:29:28 Asia/Kolkata] PHP   2. Dispatcher->dispatch() /home/users/karan.negi/www/html/prestashop1761/admin7349hjnt3/index.php:97
[09-Jan-2020 20:29:28 Asia/Kolkata] PHP   3. AdminCartsController->run() /home/users/karan.negi/www/html/prestashop1761/classes/Dispatcher.php:515
[09-Jan-2020 20:29:28 Asia/Kolkata] PHP   4. AdminCartsController->displayAjaxSearchCarts() /home/users/karan.negi/www/html/prestashop1761/classes/controller/Controller.php:307
[09-Jan-2020 20:29:28 Asia/Kolkata] PHP   5. OrderCore::getCustomerOrders() /home/users/karan.negi/www/html/prestashop1761/controllers/admin/AdminCartsController.php:753
[09-Jan-2020 20:29:28 Asia/Kolkata] PHP Notice:  Undefined index:  in /home/users/karan.negi/www/html/prestashop1761/classes/order/Order.php on line 944
[09-Jan-2020 20:29:28 Asia/Kolkata] PHP Stack trace:
[09-Jan-2020 20:29:28 Asia/Kolkata] PHP   1. {main}() /home/users/karan.negi/www/html/prestashop1761/admin7349hjnt3/index.php:0
[09-Jan-2020 20:29:28 Asia/Kolkata] PHP   2. Dispatcher->dispatch() /home/users/karan.negi/www/html/prestashop1761/admin7349hjnt3/index.php:97
[09-Jan-2020 20:29:28 Asia/Kolkata] PHP   3. AdminCartsController->run() /home/users/karan.negi/www/html/prestashop1761/classes/Dispatcher.php:515
[09-Jan-2020 20:29:28 Asia/Kolkata] PHP   4. AdminCartsController->displayAjaxSearchCarts() /home/users/karan.negi/www/html/prestashop1761/classes/controller/Controller.php:307
[09-Jan-2020 20:29:28 Asia/Kolkata] PHP   5. OrderCore::getCustomerOrders() /home/users/karan.negi/www/html/prestashop1761/controllers/admin/AdminCartsController.php:753
[09-Jan-2020 20:29:28 Asia/Kolkata] PHP Notice:  Undefined index:  in /home/users/karan.negi/www/html/prestashop1761/classes/order/Order.php on line 945
[09-Jan-2020 20:29:28 Asia/Kolkata] PHP Stack trace:
[09-Jan-2020 20:29:28 Asia/Kolkata] PHP   1. {main}() /home/users/karan.negi/www/html/prestashop1761/admin7349hjnt3/index.php:0
[09-Jan-2020 20:29:28 Asia/Kolkata] PHP   2. Dispatcher->dispatch() /home/users/karan.negi/www/html/prestashop1761/admin7349hjnt3/index.php:97
[09-Jan-2020 20:29:28 Asia/Kolkata] PHP   3. AdminCartsController->run() /home/users/karan.negi/www/html/prestashop1761/classes/Dispatcher.php:515
[09-Jan-2020 20:29:28 Asia/Kolkata] PHP   4. AdminCartsController->displayAjaxSearchCarts() /home/users/karan.negi/www/html/prestashop1761/classes/controller/Controller.php:307
[09-Jan-2020 20:29:28 Asia/Kolkata] PHP   5. OrderCore::getCustomerOrders() /home/users/karan.negi/www/html/prestashop1761/controllers/admin/AdminCartsController.php:753
[09-Jan-2020 20:29:28 Asia/Kolkata] PHP Notice:  Undefined index:  in /home/users/karan.negi/www/html/prestashop1761/classes/order/Order.php on line 946
[09-Jan-2020 20:29:28 Asia/Kolkata] PHP Stack trace:
[09-Jan-2020 20:29:28 Asia/Kolkata] PHP   1. {main}() /home/users/karan.negi/www/html/prestashop1761/admin7349hjnt3/index.php:0
[09-Jan-2020 20:29:28 Asia/Kolkata] PHP   2. Dispatcher->dispatch() /home/users/karan.negi/www/html/prestashop1761/admin7349hjnt3/index.php:97
[09-Jan-2020 20:29:28 Asia/Kolkata] PHP   3. AdminCartsController->run() /home/users/karan.negi/www/html/prestashop1761/classes/Dispatcher.php:515
[09-Jan-2020 20:29:28 Asia/Kolkata] PHP   4. AdminCartsController->displayAjaxSearchCarts() /home/users/karan.negi/www/html/prestashop1761/classes/controller/Controller.php:307
[09-Jan-2020 20:29:28 Asia/Kolkata] PHP   5. OrderCore::getCustomerOrders() /home/users/karan.negi/www/html/prestashop1761/controllers/admin/AdminCartsController.php:753
[09-Jan-2020 20:29:28 Asia/Kolkata] PHP Notice:  Undefined index:  in /home/users/karan.negi/www/html/prestashop1761/classes/order/Order.php on line 944
[09-Jan-2020 20:29:28 Asia/Kolkata] PHP Stack trace:
[09-Jan-2020 20:29:28 Asia/Kolkata] PHP   1. {main}() /home/users/karan.negi/www/html/prestashop1761/admin7349hjnt3/index.php:0
[09-Jan-2020 20:29:28 Asia/Kolkata] PHP   2. Dispatcher->dispatch() /home/users/karan.negi/www/html/prestashop1761/admin7349hjnt3/index.php:97
[09-Jan-2020 20:29:28 Asia/Kolkata] PHP   3. AdminCartsController->run() /home/users/karan.negi/www/html/prestashop1761/classes/Dispatcher.php:515
[09-Jan-2020 20:29:28 Asia/Kolkata] PHP   4. AdminCartsController->displayAjaxSearchCarts() /home/users/karan.negi/www/html/prestashop1761/classes/controller/Controller.php:307
[09-Jan-2020 20:29:28 Asia/Kolkata] PHP   5. OrderCore::getCustomerOrders() /home/users/karan.negi/www/html/prestashop1761/controllers/admin/AdminCartsController.php:753
[09-Jan-2020 20:29:28 Asia/Kolkata] PHP Notice:  Undefined index:  in /home/users/karan.negi/www/html/prestashop1761/classes/order/Order.php on line 945
[09-Jan-2020 20:29:28 Asia/Kolkata] PHP Stack trace:
[09-Jan-2020 20:29:28 Asia/Kolkata] PHP   1. {main}() /home/users/karan.negi/www/html/prestashop1761/admin7349hjnt3/index.php:0
[09-Jan-2020 20:29:28 Asia/Kolkata] PHP   2. Dispatcher->dispatch() /home/users/karan.negi/www/html/prestashop1761/admin7349hjnt3/index.php:97
[09-Jan-2020 20:29:28 Asia/Kolkata] PHP   3. AdminCartsController->run() /home/users/karan.negi/www/html/prestashop1761/classes/Dispatcher.php:515
[09-Jan-2020 20:29:28 Asia/Kolkata] PHP   4. AdminCartsController->displayAjaxSearchCarts() /home/users/karan.negi/www/html/prestashop1761/classes/controller/Controller.php:307
[09-Jan-2020 20:29:28 Asia/Kolkata] PHP   5. OrderCore::getCustomerOrders() /home/users/karan.negi/www/html/prestashop1761/controllers/admin/AdminCartsController.php:753
[09-Jan-2020 20:29:28 Asia/Kolkata] PHP Notice:  Undefined index:  in /home/users/karan.negi/www/html/prestashop1761/classes/order/Order.php on line 946
[09-Jan-2020 20:29:28 Asia/Kolkata] PHP Stack trace:
[09-Jan-2020 20:29:28 Asia/Kolkata] PHP   1. {main}() /home/users/karan.negi/www/html/prestashop1761/admin7349hjnt3/index.php:0
[09-Jan-2020 20:29:28 Asia/Kolkata] PHP   2. Dispatcher->dispatch() /home/users/karan.negi/www/html/prestashop1761/admin7349hjnt3/index.php:97
[09-Jan-2020 20:29:28 Asia/Kolkata] PHP   3. AdminCartsController->run() /home/users/karan.negi/www/html/prestashop1761/classes/Dispatcher.php:515
[09-Jan-2020 20:29:28 Asia/Kolkata] PHP   4. AdminCartsController->displayAjaxSearchCarts() /home/users/karan.negi/www/html/prestashop1761/classes/controller/Controller.php:307
[09-Jan-2020 20:29:28 Asia/Kolkata] PHP   5. OrderCore::getCustomerOrders() /home/users/karan.negi/www/html/prestashop1761/controllers/admin/AdminCartsController.php:753
[09-Jan-2020 20:29:28 Asia/Kolkata] PHP Notice:  Undefined index:  in /home/users/karan.negi/www/html/prestashop1761/classes/order/Order.php on line 944
[09-Jan-2020 20:29:28 Asia/Kolkata] PHP Stack trace:
[09-Jan-2020 20:29:28 Asia/Kolkata] PHP   1. {main}() /home/users/karan.negi/www/html/prestashop1761/admin7349hjnt3/index.php:0
[09-Jan-2020 20:29:28 Asia/Kolkata] PHP   2. Dispatcher->dispatch() /home/users/karan.negi/www/html/prestashop1761/admin7349hjnt3/index.php:97
[09-Jan-2020 20:29:28 Asia/Kolkata] PHP   3. AdminCartsController->run() /home/users/karan.negi/www/html/prestashop1761/classes/Dispatcher.php:515
[09-Jan-2020 20:29:28 Asia/Kolkata] PHP   4. AdminCartsController->displayAjaxSearchCarts() /home/users/karan.negi/www/html/prestashop1761/classes/controller/Controller.php:307
[09-Jan-2020 20:29:28 Asia/Kolkata] PHP   5. OrderCore::getCustomerOrders() /home/users/karan.negi/www/html/prestashop1761/controllers/admin/AdminCartsController.php:753
[09-Jan-2020 20:29:28 Asia/Kolkata] PHP Notice:  Undefined index:  in /home/users/karan.negi/www/html/prestashop1761/classes/order/Order.php on line 945
[09-Jan-2020 20:29:28 Asia/Kolkata] PHP Stack trace:
[09-Jan-2020 20:29:28 Asia/Kolkata] PHP   1. {main}() /home/users/karan.negi/www/html/prestashop1761/admin7349hjnt3/index.php:0
[09-Jan-2020 20:29:28 Asia/Kolkata] PHP   2. Dispatcher->dispatch() /home/users/karan.negi/www/html/prestashop1761/admin7349hjnt3/index.php:97
[09-Jan-2020 20:29:28 Asia/Kolkata] PHP   3. AdminCartsController->run() /home/users/karan.negi/www/html/prestashop1761/classes/Dispatcher.php:515
[09-Jan-2020 20:29:28 Asia/Kolkata] PHP   4. AdminCartsController->displayAjaxSearchCarts() /home/users/karan.negi/www/html/prestashop1761/classes/controller/Controller.php:307
[09-Jan-2020 20:29:28 Asia/Kolkata] PHP   5. OrderCore::getCustomerOrders() /home/users/karan.negi/www/html/prestashop1761/controllers/admin/AdminCartsController.php:753
[09-Jan-2020 20:29:28 Asia/Kolkata] PHP Notice:  Undefined index:  in /home/users/karan.negi/www/html/prestashop1761/classes/order/Order.php on line 946
[09-Jan-2020 20:29:28 Asia/Kolkata] PHP Stack trace:
[09-Jan-2020 20:29:28 Asia/Kolkata] PHP   1. {main}() /home/users/karan.negi/www/html/prestashop1761/admin7349hjnt3/index.php:0
[09-Jan-2020 20:29:28 Asia/Kolkata] PHP   2. Dispatcher->dispatch() /home/users/karan.negi/www/html/prestashop1761/admin7349hjnt3/index.php:97
[09-Jan-2020 20:29:28 Asia/Kolkata] PHP   3. AdminCartsController->run() /home/users/karan.negi/www/html/prestashop1761/classes/Dispatcher.php:515
[09-Jan-2020 20:29:28 Asia/Kolkata] PHP   4. AdminCartsController->displayAjaxSearchCarts() /home/users/karan.negi/www/html/prestashop1761/classes/controller/Controller.php:307
[09-Jan-2020 20:29:28 Asia/Kolkata] PHP   5. OrderCore::getCustomerOrders() /home/users/karan.negi/www/html/prestashop1761/controllers/admin/AdminCartsController.php:753
[09-Jan-2020 20:29:28 Asia/Kolkata] PHP Notice:  Undefined index:  in /home/users/karan.negi/www/html/prestashop1761/classes/order/Order.php on line 944
[09-Jan-2020 20:29:28 Asia/Kolkata] PHP Stack trace:
[09-Jan-2020 20:29:28 Asia/Kolkata] PHP   1. {main}() /home/users/karan.negi/www/html/prestashop1761/admin7349hjnt3/index.php:0
[09-Jan-2020 20:29:28 Asia/Kolkata] PHP   2. Dispatcher->dispatch() /home/users/karan.negi/www/html/prestashop1761/admin7349hjnt3/index.php:97
[09-Jan-2020 20:29:28 Asia/Kolkata] PHP   3. AdminCartsController->run() /home/users/karan.negi/www/html/prestashop1761/classes/Dispatcher.php:515
[09-Jan-2020 20:29:28 Asia/Kolkata] PHP   4. AdminCartsController->displayAjaxSearchCarts() /home/users/karan.negi/www/html/prestashop1761/classes/controller/Controller.php:307
[09-Jan-2020 20:29:28 Asia/Kolkata] PHP   5. OrderCore::getCustomerOrders() /home/users/karan.negi/www/html/prestashop1761/controllers/admin/AdminCartsController.php:753
[09-Jan-2020 20:29:28 Asia/Kolkata] PHP Notice:  Undefined index:  in /home/users/karan.negi/www/html/prestashop1761/classes/order/Order.php on line 945
[09-Jan-2020 20:29:28 Asia/Kolkata] PHP Stack trace:
[09-Jan-2020 20:29:28 Asia/Kolkata] PHP   1. {main}() /home/users/karan.negi/www/html/prestashop1761/admin7349hjnt3/index.php:0
[09-Jan-2020 20:29:28 Asia/Kolkata] PHP   2. Dispatcher->dispatch() /home/users/karan.negi/www/html/prestashop1761/admin7349hjnt3/index.php:97
[09-Jan-2020 20:29:28 Asia/Kolkata] PHP   3. AdminCartsController->run() /home/users/karan.negi/www/html/prestashop1761/classes/Dispatcher.php:515
[09-Jan-2020 20:29:28 Asia/Kolkata] PHP   4. AdminCartsController->displayAjaxSearchCarts() /home/users/karan.negi/www/html/prestashop1761/classes/controller/Controller.php:307
[09-Jan-2020 20:29:28 Asia/Kolkata] PHP   5. OrderCore::getCustomerOrders() /home/users/karan.negi/www/html/prestashop1761/controllers/admin/AdminCartsController.php:753
[09-Jan-2020 20:29:28 Asia/Kolkata] PHP Notice:  Undefined index:  in /home/users/karan.negi/www/html/prestashop1761/classes/order/Order.php on line 946
[09-Jan-2020 20:29:28 Asia/Kolkata] PHP Stack trace:
[09-Jan-2020 20:29:28 Asia/Kolkata] PHP   1. {main}() /home/users/karan.negi/www/html/prestashop1761/admin7349hjnt3/index.php:0
[09-Jan-2020 20:29:28 Asia/Kolkata] PHP   2. Dispatcher->dispatch() /home/users/karan.negi/www/html/prestashop1761/admin7349hjnt3/index.php:97
[09-Jan-2020 20:29:28 Asia/Kolkata] PHP   3. AdminCartsController->run() /home/users/karan.negi/www/html/prestashop1761/classes/Dispatcher.php:515
[09-Jan-2020 20:29:28 Asia/Kolkata] PHP   4. AdminCartsController->displayAjaxSearchCarts() /home/users/karan.negi/www/html/prestashop1761/classes/controller/Controller.php:307
[09-Jan-2020 20:29:28 Asia/Kolkata] PHP   5. OrderCore::getCustomerOrders() /home/users/karan.negi/www/html/prestashop1761/controllers/admin/AdminCartsController.php:753
[09-Jan-2020 20:29:28 Asia/Kolkata] PHP Notice:  Undefined index:  in /home/users/karan.negi/www/html/prestashop1761/classes/order/Order.php on line 944
[09-Jan-2020 20:29:28 Asia/Kolkata] PHP Stack trace:
[09-Jan-2020 20:29:28 Asia/Kolkata] PHP   1. {main}() /home/users/karan.negi/www/html/prestashop1761/admin7349hjnt3/index.php:0
[09-Jan-2020 20:29:28 Asia/Kolkata] PHP   2. Dispatcher->dispatch() /home/users/karan.negi/www/html/prestashop1761/admin7349hjnt3/index.php:97
[09-Jan-2020 20:29:28 Asia/Kolkata] PHP   3. AdminCartsController->run() /home/users/karan.negi/www/html/prestashop1761/classes/Dispatcher.php:515
[09-Jan-2020 20:29:28 Asia/Kolkata] PHP   4. AdminCartsController->displayAjaxSearchCarts() /home/users/karan.negi/www/html/prestashop1761/classes/controller/Controller.php:307
[09-Jan-2020 20:29:28 Asia/Kolkata] PHP   5. OrderCore::getCustomerOrders() /home/users/karan.negi/www/html/prestashop1761/controllers/admin/AdminCartsController.php:753
[09-Jan-2020 20:29:28 Asia/Kolkata] PHP Notice:  Undefined index:  in /home/users/karan.negi/www/html/prestashop1761/classes/order/Order.php on line 945
[09-Jan-2020 20:29:28 Asia/Kolkata] PHP Stack trace:
[09-Jan-2020 20:29:28 Asia/Kolkata] PHP   1. {main}() /home/users/karan.negi/www/html/prestashop1761/admin7349hjnt3/index.php:0
[09-Jan-2020 20:29:28 Asia/Kolkata] PHP   2. Dispatcher->dispatch() /home/users/karan.negi/www/html/prestashop1761/admin7349hjnt3/index.php:97
[09-Jan-2020 20:29:28 Asia/Kolkata] PHP   3. AdminCartsController->run() /home/users/karan.negi/www/html/prestashop1761/classes/Dispatcher.php:515
[09-Jan-2020 20:29:28 Asia/Kolkata] PHP   4. AdminCartsController->displayAjaxSearchCarts() /home/users/karan.negi/www/html/prestashop1761/classes/controller/Controller.php:307
[09-Jan-2020 20:29:28 Asia/Kolkata] PHP   5. OrderCore::getCustomerOrders() /home/users/karan.negi/www/html/prestashop1761/controllers/admin/AdminCartsController.php:753
[09-Jan-2020 20:29:28 Asia/Kolkata] PHP Notice:  Undefined index:  in /home/users/karan.negi/www/html/prestashop1761/classes/order/Order.php on line 946
[09-Jan-2020 20:29:28 Asia/Kolkata] PHP Stack trace:
[09-Jan-2020 20:29:28 Asia/Kolkata] PHP   1. {main}() /home/users/karan.negi/www/html/prestashop1761/admin7349hjnt3/index.php:0
[09-Jan-2020 20:29:28 Asia/Kolkata] PHP   2. Dispatcher->dispatch() /home/users/karan.negi/www/html/prestashop1761/admin7349hjnt3/index.php:97
[09-Jan-2020 20:29:28 Asia/Kolkata] PHP   3. AdminCartsController->run() /home/users/karan.negi/www/html/prestashop1761/classes/Dispatcher.php:515
[09-Jan-2020 20:29:28 Asia/Kolkata] PHP   4. AdminCartsController->displayAjaxSearchCarts() /home/users/karan.negi/www/html/prestashop1761/classes/controller/Controller.php:307
[09-Jan-2020 20:29:28 Asia/Kolkata] PHP   5. OrderCore::getCustomerOrders() /home/users/karan.negi/www/html/prestashop1761/controllers/admin/AdminCartsController.php:753
[09-Jan-2020 20:29:28 Asia/Kolkata] PHP Notice:  Undefined index:  in /home/users/karan.negi/www/html/prestashop1761/classes/order/Order.php on line 944
[09-Jan-2020 20:29:28 Asia/Kolkata] PHP Stack trace:
[09-Jan-2020 20:29:28 Asia/Kolkata] PHP   1. {main}() /home/users/karan.negi/www/html/prestashop1761/admin7349hjnt3/index.php:0
[09-Jan-2020 20:29:28 Asia/Kolkata] PHP   2. Dispatcher->dispatch() /home/users/karan.negi/www/html/prestashop1761/admin7349hjnt3/index.php:97
[09-Jan-2020 20:29:28 Asia/Kolkata] PHP   3. AdminCartsController->run() /home/users/karan.negi/www/html/prestashop1761/classes/Dispatcher.php:515
[09-Jan-2020 20:29:28 Asia/Kolkata] PHP   4. AdminCartsController->displayAjaxSearchCarts() /home/users/karan.negi/www/html/prestashop1761/classes/controller/Controller.php:307
[09-Jan-2020 20:29:28 Asia/Kolkata] PHP   5. OrderCore::getCustomerOrders() /home/users/karan.negi/www/html/prestashop1761/controllers/admin/AdminCartsController.php:753
[09-Jan-2020 20:29:28 Asia/Kolkata] PHP Notice:  Undefined index:  in /home/users/karan.negi/www/html/prestashop1761/classes/order/Order.php on line 945
[09-Jan-2020 20:29:28 Asia/Kolkata] PHP Stack trace:
[09-Jan-2020 20:29:28 Asia/Kolkata] PHP   1. {main}() /home/users/karan.negi/www/html/prestashop1761/admin7349hjnt3/index.php:0
[09-Jan-2020 20:29:28 Asia/Kolkata] PHP   2. Dispatcher->dispatch() /home/users/karan.negi/www/html/prestashop1761/admin7349hjnt3/index.php:97
[09-Jan-2020 20:29:28 Asia/Kolkata] PHP   3. AdminCartsController->run() /home/users/karan.negi/www/html/prestashop1761/classes/Dispatcher.php:515
[09-Jan-2020 20:29:28 Asia/Kolkata] PHP   4. AdminCartsController->displayAjaxSearchCarts() /home/users/karan.negi/www/html/prestashop1761/classes/controller/Controller.php:307
[09-Jan-2020 20:29:28 Asia/Kolkata] PHP   5. OrderCore::getCustomerOrders() /home/users/karan.negi/www/html/prestashop1761/controllers/admin/AdminCartsController.php:753
[09-Jan-2020 20:29:28 Asia/Kolkata] PHP Notice:  Undefined index:  in /home/users/karan.negi/www/html/prestashop1761/classes/order/Order.php on line 946
[09-Jan-2020 20:29:28 Asia/Kolkata] PHP Stack trace:
[09-Jan-2020 20:29:28 Asia/Kolkata] PHP   1. {main}() /home/users/karan.negi/www/html/prestashop1761/admin7349hjnt3/index.php:0
[09-Jan-2020 20:29:28 Asia/Kolkata] PHP   2. Dispatcher->dispatch() /home/users/karan.negi/www/html/prestashop1761/admin7349hjnt3/index.php:97
[09-Jan-2020 20:29:28 Asia/Kolkata] PHP   3. AdminCartsController->run() /home/users/karan.negi/www/html/prestashop1761/classes/Dispatcher.php:515
[09-Jan-2020 20:29:28 Asia/Kolkata] PHP   4. AdminCartsController->displayAjaxSearchCarts() /home/users/karan.negi/www/html/prestashop1761/classes/controller/Controller.php:307
[09-Jan-2020 20:29:28 Asia/Kolkata] PHP   5. OrderCore::getCustomerOrders() /home/users/karan.negi/www/html/prestashop1761/controllers/admin/AdminCartsController.php:753
[09-Jan-2020 20:29:28 Asia/Kolkata] PHP Notice:  Undefined index:  in /home/users/karan.negi/www/html/prestashop1761/classes/order/Order.php on line 944
[09-Jan-2020 20:29:28 Asia/Kolkata] PHP Stack trace:
[09-Jan-2020 20:29:28 Asia/Kolkata] PHP   1. {main}() /home/users/karan.negi/www/html/prestashop1761/admin7349hjnt3/index.php:0
[09-Jan-2020 20:29:28 Asia/Kolkata] PHP   2. Dispatcher->dispatch() /home/users/karan.negi/www/html/prestashop1761/admin7349hjnt3/index.php:97
[09-Jan-2020 20:29:28 Asia/Kolkata] PHP   3. AdminCartsController->run() /home/users/karan.negi/www/html/prestashop1761/classes/Dispatcher.php:515
[09-Jan-2020 20:29:28 Asia/Kolkata] PHP   4. AdminCartsController->displayAjaxSearchCarts() /home/users/karan.negi/www/html/prestashop1761/classes/controller/Controller.php:307
[09-Jan-2020 20:29:28 Asia/Kolkata] PHP   5. OrderCore::getCustomerOrders() /home/users/karan.negi/www/html/prestashop1761/controllers/admin/AdminCartsController.php:753
[09-Jan-2020 20:29:28 Asia/Kolkata] PHP Notice:  Undefined index:  in /home/users/karan.negi/www/html/prestashop1761/classes/order/Order.php on line 945
[09-Jan-2020 20:29:28 Asia/Kolkata] PHP Stack trace:
[09-Jan-2020 20:29:28 Asia/Kolkata] PHP   1. {main}() /home/users/karan.negi/www/html/prestashop1761/admin7349hjnt3/index.php:0
[09-Jan-2020 20:29:28 Asia/Kolkata] PHP   2. Dispatcher->dispatch() /home/users/karan.negi/www/html/prestashop1761/admin7349hjnt3/index.php:97
[09-Jan-2020 20:29:28 Asia/Kolkata] PHP   3. AdminCartsController->run() /home/users/karan.negi/www/html/prestashop1761/classes/Dispatcher.php:515
[09-Jan-2020 20:29:28 Asia/Kolkata] PHP   4. AdminCartsController->displayAjaxSearchCarts() /home/users/karan.negi/www/html/prestashop1761/classes/controller/Controller.php:307
[09-Jan-2020 20:29:28 Asia/Kolkata] PHP   5. OrderCore::getCustomerOrders() /home/users/karan.negi/www/html/prestashop1761/controllers/admin/AdminCartsController.php:753
[09-Jan-2020 20:29:28 Asia/Kolkata] PHP Notice:  Undefined index:  in /home/users/karan.negi/www/html/prestashop1761/classes/order/Order.php on line 946
[09-Jan-2020 20:29:28 Asia/Kolkata] PHP Stack trace:
[09-Jan-2020 20:29:28 Asia/Kolkata] PHP   1. {main}() /home/users/karan.negi/www/html/prestashop1761/admin7349hjnt3/index.php:0
[09-Jan-2020 20:29:28 Asia/Kolkata] PHP   2. Dispatcher->dispatch() /home/users/karan.negi/www/html/prestashop1761/admin7349hjnt3/index.php:97
[09-Jan-2020 20:29:28 Asia/Kolkata] PHP   3. AdminCartsController->run() /home/users/karan.negi/www/html/prestashop1761/classes/Dispatcher.php:515
[09-Jan-2020 20:29:28 Asia/Kolkata] PHP   4. AdminCartsController->displayAjaxSearchCarts() /home/users/karan.negi/www/html/prestashop1761/classes/controller/Controller.php:307
[09-Jan-2020 20:29:28 Asia/Kolkata] PHP   5. OrderCore::getCustomerOrders() /home/users/karan.negi/www/html/prestashop1761/controllers/admin/AdminCartsController.php:753
[09-Jan-2020 20:29:28 Asia/Kolkata] PHP Notice:  Undefined index:  in /home/users/karan.negi/www/html/prestashop1761/classes/order/Order.php on line 944
[09-Jan-2020 20:29:28 Asia/Kolkata] PHP Stack trace:
[09-Jan-2020 20:29:28 Asia/Kolkata] PHP   1. {main}() /home/users/karan.negi/www/html/prestashop1761/admin7349hjnt3/index.php:0
[09-Jan-2020 20:29:28 Asia/Kolkata] PHP   2. Dispatcher->dispatch() /home/users/karan.negi/www/html/prestashop1761/admin7349hjnt3/index.php:97
[09-Jan-2020 20:29:28 Asia/Kolkata] PHP   3. AdminCartsController->run() /home/users/karan.negi/www/html/prestashop1761/classes/Dispatcher.php:515
[09-Jan-2020 20:29:28 Asia/Kolkata] PHP   4. AdminCartsController->displayAjaxSearchCarts() /home/users/karan.negi/www/html/prestashop1761/classes/controller/Controller.php:307
[09-Jan-2020 20:29:28 Asia/Kolkata] PHP   5. OrderCore::getCustomerOrders() /home/users/karan.negi/www/html/prestashop1761/controllers/admin/AdminCartsController.php:753
[09-Jan-2020 20:29:28 Asia/Kolkata] PHP Notice:  Undefined index:  in /home/users/karan.negi/www/html/prestashop1761/classes/order/Order.php on line 945
[09-Jan-2020 20:29:28 Asia/Kolkata] PHP Stack trace:
[09-Jan-2020 20:29:28 Asia/Kolkata] PHP   1. {main}() /home/users/karan.negi/www/html/prestashop1761/admin7349hjnt3/index.php:0
[09-Jan-2020 20:29:28 Asia/Kolkata] PHP   2. Dispatcher->dispatch() /home/users/karan.negi/www/html/prestashop1761/admin7349hjnt3/index.php:97
[09-Jan-2020 20:29:28 Asia/Kolkata] PHP   3. AdminCartsController->run() /home/users/karan.negi/www/html/prestashop1761/classes/Dispatcher.php:515
[09-Jan-2020 20:29:28 Asia/Kolkata] PHP   4. AdminCartsController->displayAjaxSearchCarts() /home/users/karan.negi/www/html/prestashop1761/classes/controller/Controller.php:307
[09-Jan-2020 20:29:28 Asia/Kolkata] PHP   5. OrderCore::getCustomerOrders() /home/users/karan.negi/www/html/prestashop1761/controllers/admin/AdminCartsController.php:753
[09-Jan-2020 20:29:28 Asia/Kolkata] PHP Notice:  Undefined index:  in /home/users/karan.negi/www/html/prestashop1761/classes/order/Order.php on line 946
[09-Jan-2020 20:29:28 Asia/Kolkata] PHP Stack trace:
[09-Jan-2020 20:29:28 Asia/Kolkata] PHP   1. {main}() /home/users/karan.negi/www/html/prestashop1761/admin7349hjnt3/index.php:0
[09-Jan-2020 20:29:28 Asia/Kolkata] PHP   2. Dispatcher->dispatch() /home/users/karan.negi/www/html/prestashop1761/admin7349hjnt3/index.php:97
[09-Jan-2020 20:29:28 Asia/Kolkata] PHP   3. AdminCartsController->run() /home/users/karan.negi/www/html/prestashop1761/classes/Dispatcher.php:515
[09-Jan-2020 20:29:28 Asia/Kolkata] PHP   4. AdminCartsController->displayAjaxSearchCarts() /home/users/karan.negi/www/html/prestashop1761/classes/controller/Controller.php:307
[09-Jan-2020 20:29:28 Asia/Kolkata] PHP   5. OrderCore::getCustomerOrders() /home/users/karan.negi/www/html/prestashop1761/controllers/admin/AdminCartsController.php:753
[09-Jan-2020 20:29:28 Asia/Kolkata] PHP Notice:  Undefined index:  in /home/users/karan.negi/www/html/prestashop1761/classes/order/Order.php on line 944
[09-Jan-2020 20:29:28 Asia/Kolkata] PHP Stack trace:
[09-Jan-2020 20:29:28 Asia/Kolkata] PHP   1. {main}() /home/users/karan.negi/www/html/prestashop1761/admin7349hjnt3/index.php:0
[09-Jan-2020 20:29:28 Asia/Kolkata] PHP   2. Dispatcher->dispatch() /home/users/karan.negi/www/html/prestashop1761/admin7349hjnt3/index.php:97
[09-Jan-2020 20:29:28 Asia/Kolkata] PHP   3. AdminCartsController->run() /home/users/karan.negi/www/html/prestashop1761/classes/Dispatcher.php:515
[09-Jan-2020 20:29:28 Asia/Kolkata] PHP   4. AdminCartsController->displayAjaxSearchCarts() /home/users/karan.negi/www/html/prestashop1761/classes/controller/Controller.php:307
[09-Jan-2020 20:29:28 Asia/Kolkata] PHP   5. OrderCore::getCustomerOrders() /home/users/karan.negi/www/html/prestashop1761/controllers/admin/AdminCartsController.php:753
[09-Jan-2020 20:29:28 Asia/Kolkata] PHP Notice:  Undefined index:  in /home/users/karan.negi/www/html/prestashop1761/classes/order/Order.php on line 945
[09-Jan-2020 20:29:28 Asia/Kolkata] PHP Stack trace:
[09-Jan-2020 20:29:28 Asia/Kolkata] PHP   1. {main}() /home/users/karan.negi/www/html/prestashop1761/admin7349hjnt3/index.php:0
[09-Jan-2020 20:29:28 Asia/Kolkata] PHP   2. Dispatcher->dispatch() /home/users/karan.negi/www/html/prestashop1761/admin7349hjnt3/index.php:97
[09-Jan-2020 20:29:28 Asia/Kolkata] PHP   3. AdminCartsController->run() /home/users/karan.negi/www/html/prestashop1761/classes/Dispatcher.php:515
[09-Jan-2020 20:29:28 Asia/Kolkata] PHP   4. AdminCartsController->displayAjaxSearchCarts() /home/users/karan.negi/www/html/prestashop1761/classes/controller/Controller.php:307
[09-Jan-2020 20:29:28 Asia/Kolkata] PHP   5. OrderCore::getCustomerOrders() /home/users/karan.negi/www/html/prestashop1761/controllers/admin/AdminCartsController.php:753
[09-Jan-2020 20:29:28 Asia/Kolkata] PHP Notice:  Undefined index:  in /home/users/karan.negi/www/html/prestashop1761/classes/order/Order.php on line 946
[09-Jan-2020 20:29:28 Asia/Kolkata] PHP Stack trace:
[09-Jan-2020 20:29:28 Asia/Kolkata] PHP   1. {main}() /home/users/karan.negi/www/html/prestashop1761/admin7349hjnt3/index.php:0
[09-Jan-2020 20:29:28 Asia/Kolkata] PHP   2. Dispatcher->dispatch() /home/users/karan.negi/www/html/prestashop1761/admin7349hjnt3/index.php:97
[09-Jan-2020 20:29:28 Asia/Kolkata] PHP   3. AdminCartsController->run() /home/users/karan.negi/www/html/prestashop1761/classes/Dispatcher.php:515
[09-Jan-2020 20:29:28 Asia/Kolkata] PHP   4. AdminCartsController->displayAjaxSearchCarts() /home/users/karan.negi/www/html/prestashop1761/classes/controller/Controller.php:307
[09-Jan-2020 20:29:28 Asia/Kolkata] PHP   5. OrderCore::getCustomerOrders() /home/users/karan.negi/www/html/prestashop1761/controllers/admin/AdminCartsController.php:753
[09-Jan-2020 20:29:28 Asia/Kolkata] PHP Notice:  Undefined index: PS_CATALOG_MODE in /home/users/karan.negi/www/html/prestashop1761/var/cache/prod/smarty/compile/fe/7d/d0/fe7dd02f51054784f0cf32f599e89f6e6b17102d_0.file._select_payment.tpl.php on line 25
[09-Jan-2020 20:29:28 Asia/Kolkata] PHP Stack trace:
[09-Jan-2020 20:29:28 Asia/Kolkata] PHP   1. {main}() /home/users/karan.negi/www/html/prestashop1761/admin7349hjnt3/index.php:0
[09-Jan-2020 20:29:28 Asia/Kolkata] PHP   2. Dispatcher->dispatch() /home/users/karan.negi/www/html/prestashop1761/admin7349hjnt3/index.php:97
[09-Jan-2020 20:29:28 Asia/Kolkata] PHP   3. AdminOrdersController->run() /home/users/karan.negi/www/html/prestashop1761/classes/Dispatcher.php:515
[09-Jan-2020 20:29:28 Asia/Kolkata] PHP   4. AdminOrdersController->postProcess() /home/users/karan.negi/www/html/prestashop1761/classes/controller/Controller.php:281
[09-Jan-2020 20:29:28 Asia/Kolkata] PHP   5. AdminOrdersController->postProcess() /home/users/karan.negi/www/html/prestashop1761/controllers/admin/AdminOrdersController.php:1629
[09-Jan-2020 20:29:28 Asia/Kolkata] PHP   6. AdminOrdersController->ajaxProcessChangePaymentMethod() /home/users/karan.negi/www/html/prestashop1761/classes/controller/AdminController.php:944
[09-Jan-2020 20:29:28 Asia/Kolkata] PHP   7. Smarty_Internal_Template->fetch() /home/users/karan.negi/www/html/prestashop1761/controllers/admin/AdminOrdersController.php:3058
[09-Jan-2020 20:29:28 Asia/Kolkata] PHP   8. Smarty_Internal_Template->_execute() /home/users/karan.negi/www/html/prestashop1761/vendor/smarty/smarty/libs/sysplugins/smarty_internal_templatebase.php:116
[09-Jan-2020 20:29:28 Asia/Kolkata] PHP   9. Smarty_Internal_Template->render() /home/users/karan.negi/www/html/prestashop1761/vendor/smarty/smarty/libs/sysplugins/smarty_internal_templatebase.php:232
[09-Jan-2020 20:29:28 Asia/Kolkata] PHP  10. Smarty_Template_Compiled->render() /home/users/karan.negi/www/html/prestashop1761/vendor/smarty/smarty/libs/sysplugins/smarty_internal_template.php:216
[09-Jan-2020 20:29:28 Asia/Kolkata] PHP  11. Smarty_Template_Compiled->getRenderedTemplateCode() /home/users/karan.negi/www/html/prestashop1761/vendor/smarty/smarty/libs/sysplugins/smarty_template_compiled.php:114
[09-Jan-2020 20:29:28 Asia/Kolkata] PHP  12. content_5e16ddfac2a4d5_87153169() /home/users/karan.negi/www/html/prestashop1761/vendor/smarty/smarty/libs/sysplugins/smarty_template_resource_base.php:123
[09-Jan-2020 20:29:28 Asia/Kolkata] PHP Notice:  Trying to get property 'value' of non-object in /home/users/karan.negi/www/html/prestashop1761/var/cache/prod/smarty/compile/fe/7d/d0/fe7dd02f51054784f0cf32f599e89f6e6b17102d_0.file._select_payment.tpl.php on line 25
[09-Jan-2020 20:29:28 Asia/Kolkata] PHP Stack trace:
[09-Jan-2020 20:29:28 Asia/Kolkata] PHP   1. {main}() /home/users/karan.negi/www/html/prestashop1761/admin7349hjnt3/index.php:0
[09-Jan-2020 20:29:28 Asia/Kolkata] PHP   2. Dispatcher->dispatch() /home/users/karan.negi/www/html/prestashop1761/admin7349hjnt3/index.php:97
[09-Jan-2020 20:29:28 Asia/Kolkata] PHP   3. AdminOrdersController->run() /home/users/karan.negi/www/html/prestashop1761/classes/Dispatcher.php:515
[09-Jan-2020 20:29:28 Asia/Kolkata] PHP   4. AdminOrdersController->postProcess() /home/users/karan.negi/www/html/prestashop1761/classes/controller/Controller.php:281
[09-Jan-2020 20:29:28 Asia/Kolkata] PHP   5. AdminOrdersController->postProcess() /home/users/karan.negi/www/html/prestashop1761/controllers/admin/AdminOrdersController.php:1629
[09-Jan-2020 20:29:28 Asia/Kolkata] PHP   6. AdminOrdersController->ajaxProcessChangePaymentMethod() /home/users/karan.negi/www/html/prestashop1761/classes/controller/AdminController.php:944
[09-Jan-2020 20:29:28 Asia/Kolkata] PHP   7. Smarty_Internal_Template->fetch() /home/users/karan.negi/www/html/prestashop1761/controllers/admin/AdminOrdersController.php:3058
[09-Jan-2020 20:29:28 Asia/Kolkata] PHP   8. Smarty_Internal_Template->_execute() /home/users/karan.negi/www/html/prestashop1761/vendor/smarty/smarty/libs/sysplugins/smarty_internal_templatebase.php:116
[09-Jan-2020 20:29:28 Asia/Kolkata] PHP   9. Smarty_Internal_Template->render() /home/users/karan.negi/www/html/prestashop1761/vendor/smarty/smarty/libs/sysplugins/smarty_internal_templatebase.php:232
[09-Jan-2020 20:29:28 Asia/Kolkata] PHP  10. Smarty_Template_Compiled->render() /home/users/karan.negi/www/html/prestashop1761/vendor/smarty/smarty/libs/sysplugins/smarty_internal_template.php:216
[09-Jan-2020 20:29:28 Asia/Kolkata] PHP  11. Smarty_Template_Compiled->getRenderedTemplateCode() /home/users/karan.negi/www/html/prestashop1761/vendor/smarty/smarty/libs/sysplugins/smarty_template_compiled.php:114
[09-Jan-2020 20:29:28 Asia/Kolkata] PHP  12. content_5e16ddfac2a4d5_87153169() /home/users/karan.negi/www/html/prestashop1761/vendor/smarty/smarty/libs/sysplugins/smarty_template_resource_base.php:123
[09-Jan-2020 20:29:59 Asia/Kolkata] PHP Notice:  Undefined index:  in /home/users/karan.negi/www/html/prestashop1761/classes/order/Order.php on line 944
[09-Jan-2020 20:29:59 Asia/Kolkata] PHP Stack trace:
[09-Jan-2020 20:29:59 Asia/Kolkata] PHP   1. {main}() /home/users/karan.negi/www/html/prestashop1761/admin7349hjnt3/index.php:0
[09-Jan-2020 20:29:59 Asia/Kolkata] PHP   2. Dispatcher->dispatch() /home/users/karan.negi/www/html/prestashop1761/admin7349hjnt3/index.php:97
[09-Jan-2020 20:29:59 Asia/Kolkata] PHP   3. AdminCartsController->run() /home/users/karan.negi/www/html/prestashop1761/classes/Dispatcher.php:515
[09-Jan-2020 20:29:59 Asia/Kolkata] PHP   4. AdminCartsController->displayAjaxSearchCarts() /home/users/karan.negi/www/html/prestashop1761/classes/controller/Controller.php:307
[09-Jan-2020 20:29:59 Asia/Kolkata] PHP   5. OrderCore::getCustomerOrders() /home/users/karan.negi/www/html/prestashop1761/controllers/admin/AdminCartsController.php:753
[09-Jan-2020 20:29:59 Asia/Kolkata] PHP Notice:  Undefined index:  in /home/users/karan.negi/www/html/prestashop1761/classes/order/Order.php on line 945
[09-Jan-2020 20:29:59 Asia/Kolkata] PHP Stack trace:
[09-Jan-2020 20:29:59 Asia/Kolkata] PHP   1. {main}() /home/users/karan.negi/www/html/prestashop1761/admin7349hjnt3/index.php:0
[09-Jan-2020 20:29:59 Asia/Kolkata] PHP   2. Dispatcher->dispatch() /home/users/karan.negi/www/html/prestashop1761/admin7349hjnt3/index.php:97
[09-Jan-2020 20:29:59 Asia/Kolkata] PHP   3. AdminCartsController->run() /home/users/karan.negi/www/html/prestashop1761/classes/Dispatcher.php:515
[09-Jan-2020 20:29:59 Asia/Kolkata] PHP   4. AdminCartsController->displayAjaxSearchCarts() /home/users/karan.negi/www/html/prestashop1761/classes/controller/Controller.php:307
[09-Jan-2020 20:29:59 Asia/Kolkata] PHP   5. OrderCore::getCustomerOrders() /home/users/karan.negi/www/html/prestashop1761/controllers/admin/AdminCartsController.php:753
[09-Jan-2020 20:29:59 Asia/Kolkata] PHP Notice:  Undefined index:  in /home/users/karan.negi/www/html/prestashop1761/classes/order/Order.php on line 946
[09-Jan-2020 20:29:59 Asia/Kolkata] PHP Stack trace:
[09-Jan-2020 20:29:59 Asia/Kolkata] PHP   1. {main}() /home/users/karan.negi/www/html/prestashop1761/admin7349hjnt3/index.php:0
[09-Jan-2020 20:29:59 Asia/Kolkata] PHP   2. Dispatcher->dispatch() /home/users/karan.negi/www/html/prestashop1761/admin7349hjnt3/index.php:97
[09-Jan-2020 20:29:59 Asia/Kolkata] PHP   3. AdminCartsController->run() /home/users/karan.negi/www/html/prestashop1761/classes/Dispatcher.php:515
[09-Jan-2020 20:29:59 Asia/Kolkata] PHP   4. AdminCartsController->displayAjaxSearchCarts() /home/users/karan.negi/www/html/prestashop1761/classes/controller/Controller.php:307
[09-Jan-2020 20:29:59 Asia/Kolkata] PHP   5. OrderCore::getCustomerOrders() /home/users/karan.negi/www/html/prestashop1761/controllers/admin/AdminCartsController.php:753
[09-Jan-2020 20:29:59 Asia/Kolkata] PHP Notice:  Undefined index:  in /home/users/karan.negi/www/html/prestashop1761/classes/order/Order.php on line 944
[09-Jan-2020 20:29:59 Asia/Kolkata] PHP Stack trace:
[09-Jan-2020 20:29:59 Asia/Kolkata] PHP   1. {main}() /home/users/karan.negi/www/html/prestashop1761/admin7349hjnt3/index.php:0
[09-Jan-2020 20:29:59 Asia/Kolkata] PHP   2. Dispatcher->dispatch() /home/users/karan.negi/www/html/prestashop1761/admin7349hjnt3/index.php:97
[09-Jan-2020 20:29:59 Asia/Kolkata] PHP   3. AdminCartsController->run() /home/users/karan.negi/www/html/prestashop1761/classes/Dispatcher.php:515
[09-Jan-2020 20:29:59 Asia/Kolkata] PHP   4. AdminCartsController->displayAjaxSearchCarts() /home/users/karan.negi/www/html/prestashop1761/classes/controller/Controller.php:307
[09-Jan-2020 20:29:59 Asia/Kolkata] PHP   5. OrderCore::getCustomerOrders() /home/users/karan.negi/www/html/prestashop1761/controllers/admin/AdminCartsController.php:753
[09-Jan-2020 20:29:59 Asia/Kolkata] PHP Notice:  Undefined index:  in /home/users/karan.negi/www/html/prestashop1761/classes/order/Order.php on line 945
[09-Jan-2020 20:29:59 Asia/Kolkata] PHP Stack trace:
[09-Jan-2020 20:29:59 Asia/Kolkata] PHP   1. {main}() /home/users/karan.negi/www/html/prestashop1761/admin7349hjnt3/index.php:0
[09-Jan-2020 20:29:59 Asia/Kolkata] PHP   2. Dispatcher->dispatch() /home/users/karan.negi/www/html/prestashop1761/admin7349hjnt3/index.php:97
[09-Jan-2020 20:29:59 Asia/Kolkata] PHP   3. AdminCartsController->run() /home/users/karan.negi/www/html/prestashop1761/classes/Dispatcher.php:515
[09-Jan-2020 20:29:59 Asia/Kolkata] PHP   4. AdminCartsController->displayAjaxSearchCarts() /home/users/karan.negi/www/html/prestashop1761/classes/controller/Controller.php:307
[09-Jan-2020 20:29:59 Asia/Kolkata] PHP   5. OrderCore::getCustomerOrders() /home/users/karan.negi/www/html/prestashop1761/controllers/admin/AdminCartsController.php:753
[09-Jan-2020 20:29:59 Asia/Kolkata] PHP Notice:  Undefined index:  in /home/users/karan.negi/www/html/prestashop1761/classes/order/Order.php on line 946
[09-Jan-2020 20:29:59 Asia/Kolkata] PHP Stack trace:
[09-Jan-2020 20:29:59 Asia/Kolkata] PHP   1. {main}() /home/users/karan.negi/www/html/prestashop1761/admin7349hjnt3/index.php:0
[09-Jan-2020 20:29:59 Asia/Kolkata] PHP   2. Dispatcher->dispatch() /home/users/karan.negi/www/html/prestashop1761/admin7349hjnt3/index.php:97
[09-Jan-2020 20:29:59 Asia/Kolkata] PHP   3. AdminCartsController->run() /home/users/karan.negi/www/html/prestashop1761/classes/Dispatcher.php:515
[09-Jan-2020 20:29:59 Asia/Kolkata] PHP   4. AdminCartsController->displayAjaxSearchCarts() /home/users/karan.negi/www/html/prestashop1761/classes/controller/Controller.php:307
[09-Jan-2020 20:29:59 Asia/Kolkata] PHP   5. OrderCore::getCustomerOrders() /home/users/karan.negi/www/html/prestashop1761/controllers/admin/AdminCartsController.php:753
[09-Jan-2020 20:29:59 Asia/Kolkata] PHP Notice:  Undefined index:  in /home/users/karan.negi/www/html/prestashop1761/classes/order/Order.php on line 944
[09-Jan-2020 20:29:59 Asia/Kolkata] PHP Stack trace:
[09-Jan-2020 20:29:59 Asia/Kolkata] PHP   1. {main}() /home/users/karan.negi/www/html/prestashop1761/admin7349hjnt3/index.php:0
[09-Jan-2020 20:29:59 Asia/Kolkata] PHP   2. Dispatcher->dispatch() /home/users/karan.negi/www/html/prestashop1761/admin7349hjnt3/index.php:97
[09-Jan-2020 20:29:59 Asia/Kolkata] PHP   3. AdminCartsController->run() /home/users/karan.negi/www/html/prestashop1761/classes/Dispatcher.php:515
[09-Jan-2020 20:29:59 Asia/Kolkata] PHP   4. AdminCartsController->displayAjaxSearchCarts() /home/users/karan.negi/www/html/prestashop1761/classes/controller/Controller.php:307
[09-Jan-2020 20:29:59 Asia/Kolkata] PHP   5. OrderCore::getCustomerOrders() /home/users/karan.negi/www/html/prestashop1761/controllers/admin/AdminCartsController.php:753
[09-Jan-2020 20:29:59 Asia/Kolkata] PHP Notice:  Undefined index:  in /home/users/karan.negi/www/html/prestashop1761/classes/order/Order.php on line 945
[09-Jan-2020 20:29:59 Asia/Kolkata] PHP Stack trace:
[09-Jan-2020 20:29:59 Asia/Kolkata] PHP   1. {main}() /home/users/karan.negi/www/html/prestashop1761/admin7349hjnt3/index.php:0
[09-Jan-2020 20:29:59 Asia/Kolkata] PHP   2. Dispatcher->dispatch() /home/users/karan.negi/www/html/prestashop1761/admin7349hjnt3/index.php:97
[09-Jan-2020 20:29:59 Asia/Kolkata] PHP   3. AdminCartsController->run() /home/users/karan.negi/www/html/prestashop1761/classes/Dispatcher.php:515
[09-Jan-2020 20:29:59 Asia/Kolkata] PHP   4. AdminCartsController->displayAjaxSearchCarts() /home/users/karan.negi/www/html/prestashop1761/classes/controller/Controller.php:307
[09-Jan-2020 20:29:59 Asia/Kolkata] PHP   5. OrderCore::getCustomerOrders() /home/users/karan.negi/www/html/prestashop1761/controllers/admin/AdminCartsController.php:753
[09-Jan-2020 20:29:59 Asia/Kolkata] PHP Notice:  Undefined index:  in /home/users/karan.negi/www/html/prestashop1761/classes/order/Order.php on line 946
[09-Jan-2020 20:29:59 Asia/Kolkata] PHP Stack trace:
[09-Jan-2020 20:29:59 Asia/Kolkata] PHP   1. {main}() /home/users/karan.negi/www/html/prestashop1761/admin7349hjnt3/index.php:0
[09-Jan-2020 20:29:59 Asia/Kolkata] PHP   2. Dispatcher->dispatch() /home/users/karan.negi/www/html/prestashop1761/admin7349hjnt3/index.php:97
[09-Jan-2020 20:29:59 Asia/Kolkata] PHP   3. AdminCartsController->run() /home/users/karan.negi/www/html/prestashop1761/classes/Dispatcher.php:515
[09-Jan-2020 20:29:59 Asia/Kolkata] PHP   4. AdminCartsController->displayAjaxSearchCarts() /home/users/karan.negi/www/html/prestashop1761/classes/controller/Controller.php:307
[09-Jan-2020 20:29:59 Asia/Kolkata] PHP   5. OrderCore::getCustomerOrders() /home/users/karan.negi/www/html/prestashop1761/controllers/admin/AdminCartsController.php:753
[09-Jan-2020 20:29:59 Asia/Kolkata] PHP Notice:  Undefined index:  in /home/users/karan.negi/www/html/prestashop1761/classes/order/Order.php on line 944
[09-Jan-2020 20:29:59 Asia/Kolkata] PHP Stack trace:
[09-Jan-2020 20:29:59 Asia/Kolkata] PHP   1. {main}() /home/users/karan.negi/www/html/prestashop1761/admin7349hjnt3/index.php:0
[09-Jan-2020 20:29:59 Asia/Kolkata] PHP   2. Dispatcher->dispatch() /home/users/karan.negi/www/html/prestashop1761/admin7349hjnt3/index.php:97
[09-Jan-2020 20:29:59 Asia/Kolkata] PHP   3. AdminCartsController->run() /home/users/karan.negi/www/html/prestashop1761/classes/Dispatcher.php:515
[09-Jan-2020 20:29:59 Asia/Kolkata] PHP   4. AdminCartsController->displayAjaxSearchCarts() /home/users/karan.negi/www/html/prestashop1761/classes/controller/Controller.php:307
[09-Jan-2020 20:29:59 Asia/Kolkata] PHP   5. OrderCore::getCustomerOrders() /home/users/karan.negi/www/html/prestashop1761/controllers/admin/AdminCartsController.php:753
[09-Jan-2020 20:29:59 Asia/Kolkata] PHP Notice:  Undefined index:  in /home/users/karan.negi/www/html/prestashop1761/classes/order/Order.php on line 945
[09-Jan-2020 20:29:59 Asia/Kolkata] PHP Stack trace:
[09-Jan-2020 20:29:59 Asia/Kolkata] PHP   1. {main}() /home/users/karan.negi/www/html/prestashop1761/admin7349hjnt3/index.php:0
[09-Jan-2020 20:29:59 Asia/Kolkata] PHP   2. Dispatcher->dispatch() /home/users/karan.negi/www/html/prestashop1761/admin7349hjnt3/index.php:97
[09-Jan-2020 20:29:59 Asia/Kolkata] PHP   3. AdminCartsController->run() /home/users/karan.negi/www/html/prestashop1761/classes/Dispatcher.php:515
[09-Jan-2020 20:29:59 Asia/Kolkata] PHP   4. AdminCartsController->displayAjaxSearchCarts() /home/users/karan.negi/www/html/prestashop1761/classes/controller/Controller.php:307
[09-Jan-2020 20:29:59 Asia/Kolkata] PHP   5. OrderCore::getCustomerOrders() /home/users/karan.negi/www/html/prestashop1761/controllers/admin/AdminCartsController.php:753
[09-Jan-2020 20:29:59 Asia/Kolkata] PHP Notice:  Undefined index:  in /home/users/karan.negi/www/html/prestashop1761/classes/order/Order.php on line 946
[09-Jan-2020 20:29:59 Asia/Kolkata] PHP Stack trace:
[09-Jan-2020 20:29:59 Asia/Kolkata] PHP   1. {main}() /home/users/karan.negi/www/html/prestashop1761/admin7349hjnt3/index.php:0
[09-Jan-2020 20:29:59 Asia/Kolkata] PHP   2. Dispatcher->dispatch() /home/users/karan.negi/www/html/prestashop1761/admin7349hjnt3/index.php:97
[09-Jan-2020 20:29:59 Asia/Kolkata] PHP   3. AdminCartsController->run() /home/users/karan.negi/www/html/prestashop1761/classes/Dispatcher.php:515
[09-Jan-2020 20:29:59 Asia/Kolkata] PHP   4. AdminCartsController->displayAjaxSearchCarts() /home/users/karan.negi/www/html/prestashop1761/classes/controller/Controller.php:307
[09-Jan-2020 20:29:59 Asia/Kolkata] PHP   5. OrderCore::getCustomerOrders() /home/users/karan.negi/www/html/prestashop1761/controllers/admin/AdminCartsController.php:753
[09-Jan-2020 20:29:59 Asia/Kolkata] PHP Notice:  Undefined index:  in /home/users/karan.negi/www/html/prestashop1761/classes/order/Order.php on line 944
[09-Jan-2020 20:29:59 Asia/Kolkata] PHP Stack trace:
[09-Jan-2020 20:29:59 Asia/Kolkata] PHP   1. {main}() /home/users/karan.negi/www/html/prestashop1761/admin7349hjnt3/index.php:0
[09-Jan-2020 20:29:59 Asia/Kolkata] PHP   2. Dispatcher->dispatch() /home/users/karan.negi/www/html/prestashop1761/admin7349hjnt3/index.php:97
[09-Jan-2020 20:29:59 Asia/Kolkata] PHP   3. AdminCartsController->run() /home/users/karan.negi/www/html/prestashop1761/classes/Dispatcher.php:515
[09-Jan-2020 20:29:59 Asia/Kolkata] PHP   4. AdminCartsController->displayAjaxSearchCarts() /home/users/karan.negi/www/html/prestashop1761/classes/controller/Controller.php:307
[09-Jan-2020 20:29:59 Asia/Kolkata] PHP   5. OrderCore::getCustomerOrders() /home/users/karan.negi/www/html/prestashop1761/controllers/admin/AdminCartsController.php:753
[09-Jan-2020 20:29:59 Asia/Kolkata] PHP Notice:  Undefined index:  in /home/users/karan.negi/www/html/prestashop1761/classes/order/Order.php on line 945
[09-Jan-2020 20:29:59 Asia/Kolkata] PHP Stack trace:
[09-Jan-2020 20:29:59 Asia/Kolkata] PHP   1. {main}() /home/users/karan.negi/www/html/prestashop1761/admin7349hjnt3/index.php:0
[09-Jan-2020 20:29:59 Asia/Kolkata] PHP   2. Dispatcher->dispatch() /home/users/karan.negi/www/html/prestashop1761/admin7349hjnt3/index.php:97
[09-Jan-2020 20:29:59 Asia/Kolkata] PHP   3. AdminCartsController->run() /home/users/karan.negi/www/html/prestashop1761/classes/Dispatcher.php:515
[09-Jan-2020 20:29:59 Asia/Kolkata] PHP   4. AdminCartsController->displayAjaxSearchCarts() /home/users/karan.negi/www/html/prestashop1761/classes/controller/Controller.php:307
[09-Jan-2020 20:29:59 Asia/Kolkata] PHP   5. OrderCore::getCustomerOrders() /home/users/karan.negi/www/html/prestashop1761/controllers/admin/AdminCartsController.php:753
[09-Jan-2020 20:29:59 Asia/Kolkata] PHP Notice:  Undefined index:  in /home/users/karan.negi/www/html/prestashop1761/classes/order/Order.php on line 946
[09-Jan-2020 20:29:59 Asia/Kolkata] PHP Stack trace:
[09-Jan-2020 20:29:59 Asia/Kolkata] PHP   1. {main}() /home/users/karan.negi/www/html/prestashop1761/admin7349hjnt3/index.php:0
[09-Jan-2020 20:29:59 Asia/Kolkata] PHP   2. Dispatcher->dispatch() /home/users/karan.negi/www/html/prestashop1761/admin7349hjnt3/index.php:97
[09-Jan-2020 20:29:59 Asia/Kolkata] PHP   3. AdminCartsController->run() /home/users/karan.negi/www/html/prestashop1761/classes/Dispatcher.php:515
[09-Jan-2020 20:29:59 Asia/Kolkata] PHP   4. AdminCartsController->displayAjaxSearchCarts() /home/users/karan.negi/www/html/prestashop1761/classes/controller/Controller.php:307
[09-Jan-2020 20:29:59 Asia/Kolkata] PHP   5. OrderCore::getCustomerOrders() /home/users/karan.negi/www/html/prestashop1761/controllers/admin/AdminCartsController.php:753
[09-Jan-2020 20:29:59 Asia/Kolkata] PHP Notice:  Undefined index:  in /home/users/karan.negi/www/html/prestashop1761/classes/order/Order.php on line 944
[09-Jan-2020 20:29:59 Asia/Kolkata] PHP Stack trace:
[09-Jan-2020 20:29:59 Asia/Kolkata] PHP   1. {main}() /home/users/karan.negi/www/html/prestashop1761/admin7349hjnt3/index.php:0
[09-Jan-2020 20:29:59 Asia/Kolkata] PHP   2. Dispatcher->dispatch() /home/users/karan.negi/www/html/prestashop1761/admin7349hjnt3/index.php:97
[09-Jan-2020 20:29:59 Asia/Kolkata] PHP   3. AdminCartsController->run() /home/users/karan.negi/www/html/prestashop1761/classes/Dispatcher.php:515
[09-Jan-2020 20:29:59 Asia/Kolkata] PHP   4. AdminCartsController->displayAjaxSearchCarts() /home/users/karan.negi/www/html/prestashop1761/classes/controller/Controller.php:307
[09-Jan-2020 20:29:59 Asia/Kolkata] PHP   5. OrderCore::getCustomerOrders() /home/users/karan.negi/www/html/prestashop1761/controllers/admin/AdminCartsController.php:753
[09-Jan-2020 20:29:59 Asia/Kolkata] PHP Notice:  Undefined index:  in /home/users/karan.negi/www/html/prestashop1761/classes/order/Order.php on line 945
[09-Jan-2020 20:29:59 Asia/Kolkata] PHP Stack trace:
[09-Jan-2020 20:29:59 Asia/Kolkata] PHP   1. {main}() /home/users/karan.negi/www/html/prestashop1761/admin7349hjnt3/index.php:0
[09-Jan-2020 20:29:59 Asia/Kolkata] PHP   2. Dispatcher->dispatch() /home/users/karan.negi/www/html/prestashop1761/admin7349hjnt3/index.php:97
[09-Jan-2020 20:29:59 Asia/Kolkata] PHP   3. AdminCartsController->run() /home/users/karan.negi/www/html/prestashop1761/classes/Dispatcher.php:515
[09-Jan-2020 20:29:59 Asia/Kolkata] PHP   4. AdminCartsController->displayAjaxSearchCarts() /home/users/karan.negi/www/html/prestashop1761/classes/controller/Controller.php:307
[09-Jan-2020 20:29:59 Asia/Kolkata] PHP   5. OrderCore::getCustomerOrders() /home/users/karan.negi/www/html/prestashop1761/controllers/admin/AdminCartsController.php:753
[09-Jan-2020 20:29:59 Asia/Kolkata] PHP Notice:  Undefined index:  in /home/users/karan.negi/www/html/prestashop1761/classes/order/Order.php on line 946
[09-Jan-2020 20:29:59 Asia/Kolkata] PHP Stack trace:
[09-Jan-2020 20:29:59 Asia/Kolkata] PHP   1. {main}() /home/users/karan.negi/www/html/prestashop1761/admin7349hjnt3/index.php:0
[09-Jan-2020 20:29:59 Asia/Kolkata] PHP   2. Dispatcher->dispatch() /home/users/karan.negi/www/html/prestashop1761/admin7349hjnt3/index.php:97
[09-Jan-2020 20:29:59 Asia/Kolkata] PHP   3. AdminCartsController->run() /home/users/karan.negi/www/html/prestashop1761/classes/Dispatcher.php:515
[09-Jan-2020 20:29:59 Asia/Kolkata] PHP   4. AdminCartsController->displayAjaxSearchCarts() /home/users/karan.negi/www/html/prestashop1761/classes/controller/Controller.php:307
[09-Jan-2020 20:29:59 Asia/Kolkata] PHP   5. OrderCore::getCustomerOrders() /home/users/karan.negi/www/html/prestashop1761/controllers/admin/AdminCartsController.php:753
[09-Jan-2020 20:29:59 Asia/Kolkata] PHP Notice:  Undefined index:  in /home/users/karan.negi/www/html/prestashop1761/classes/order/Order.php on line 944
[09-Jan-2020 20:29:59 Asia/Kolkata] PHP Stack trace:
[09-Jan-2020 20:29:59 Asia/Kolkata] PHP   1. {main}() /home/users/karan.negi/www/html/prestashop1761/admin7349hjnt3/index.php:0
[09-Jan-2020 20:29:59 Asia/Kolkata] PHP   2. Dispatcher->dispatch() /home/users/karan.negi/www/html/prestashop1761/admin7349hjnt3/index.php:97
[09-Jan-2020 20:29:59 Asia/Kolkata] PHP   3. AdminCartsController->run() /home/users/karan.negi/www/html/prestashop1761/classes/Dispatcher.php:515
[09-Jan-2020 20:29:59 Asia/Kolkata] PHP   4. AdminCartsController->displayAjaxSearchCarts() /home/users/karan.negi/www/html/prestashop1761/classes/controller/Controller.php:307
[09-Jan-2020 20:29:59 Asia/Kolkata] PHP   5. OrderCore::getCustomerOrders() /home/users/karan.negi/www/html/prestashop1761/controllers/admin/AdminCartsController.php:753
[09-Jan-2020 20:29:59 Asia/Kolkata] PHP Notice:  Undefined index:  in /home/users/karan.negi/www/html/prestashop1761/classes/order/Order.php on line 945
[09-Jan-2020 20:29:59 Asia/Kolkata] PHP Stack trace:
[09-Jan-2020 20:29:59 Asia/Kolkata] PHP   1. {main}() /home/users/karan.negi/www/html/prestashop1761/admin7349hjnt3/index.php:0
[09-Jan-2020 20:29:59 Asia/Kolkata] PHP   2. Dispatcher->dispatch() /home/users/karan.negi/www/html/prestashop1761/admin7349hjnt3/index.php:97
[09-Jan-2020 20:29:59 Asia/Kolkata] PHP   3. AdminCartsController->run() /home/users/karan.negi/www/html/prestashop1761/classes/Dispatcher.php:515
[09-Jan-2020 20:29:59 Asia/Kolkata] PHP   4. AdminCartsController->displayAjaxSearchCarts() /home/users/karan.negi/www/html/prestashop1761/classes/controller/Controller.php:307
[09-Jan-2020 20:29:59 Asia/Kolkata] PHP   5. OrderCore::getCustomerOrders() /home/users/karan.negi/www/html/prestashop1761/controllers/admin/AdminCartsController.php:753
[09-Jan-2020 20:29:59 Asia/Kolkata] PHP Notice:  Undefined index:  in /home/users/karan.negi/www/html/prestashop1761/classes/order/Order.php on line 946
[09-Jan-2020 20:29:59 Asia/Kolkata] PHP Stack trace:
[09-Jan-2020 20:29:59 Asia/Kolkata] PHP   1. {main}() /home/users/karan.negi/www/html/prestashop1761/admin7349hjnt3/index.php:0
[09-Jan-2020 20:29:59 Asia/Kolkata] PHP   2. Dispatcher->dispatch() /home/users/karan.negi/www/html/prestashop1761/admin7349hjnt3/index.php:97
[09-Jan-2020 20:29:59 Asia/Kolkata] PHP   3. AdminCartsController->run() /home/users/karan.negi/www/html/prestashop1761/classes/Dispatcher.php:515
[09-Jan-2020 20:29:59 Asia/Kolkata] PHP   4. AdminCartsController->displayAjaxSearchCarts() /home/users/karan.negi/www/html/prestashop1761/classes/controller/Controller.php:307
[09-Jan-2020 20:29:59 Asia/Kolkata] PHP   5. OrderCore::getCustomerOrders() /home/users/karan.negi/www/html/prestashop1761/controllers/admin/AdminCartsController.php:753
[09-Jan-2020 20:29:59 Asia/Kolkata] PHP Notice:  Undefined index:  in /home/users/karan.negi/www/html/prestashop1761/classes/order/Order.php on line 944
[09-Jan-2020 20:29:59 Asia/Kolkata] PHP Stack trace:
[09-Jan-2020 20:29:59 Asia/Kolkata] PHP   1. {main}() /home/users/karan.negi/www/html/prestashop1761/admin7349hjnt3/index.php:0
[09-Jan-2020 20:29:59 Asia/Kolkata] PHP   2. Dispatcher->dispatch() /home/users/karan.negi/www/html/prestashop1761/admin7349hjnt3/index.php:97
[09-Jan-2020 20:29:59 Asia/Kolkata] PHP   3. AdminCartsController->run() /home/users/karan.negi/www/html/prestashop1761/classes/Dispatcher.php:515
[09-Jan-2020 20:29:59 Asia/Kolkata] PHP   4. AdminCartsController->displayAjaxSearchCarts() /home/users/karan.negi/www/html/prestashop1761/classes/controller/Controller.php:307
[09-Jan-2020 20:29:59 Asia/Kolkata] PHP   5. OrderCore::getCustomerOrders() /home/users/karan.negi/www/html/prestashop1761/controllers/admin/AdminCartsController.php:753
[09-Jan-2020 20:29:59 Asia/Kolkata] PHP Notice:  Undefined index:  in /home/users/karan.negi/www/html/prestashop1761/classes/order/Order.php on line 945
[09-Jan-2020 20:29:59 Asia/Kolkata] PHP Stack trace:
[09-Jan-2020 20:29:59 Asia/Kolkata] PHP   1. {main}() /home/users/karan.negi/www/html/prestashop1761/admin7349hjnt3/index.php:0
[09-Jan-2020 20:29:59 Asia/Kolkata] PHP   2. Dispatcher->dispatch() /home/users/karan.negi/www/html/prestashop1761/admin7349hjnt3/index.php:97
[09-Jan-2020 20:29:59 Asia/Kolkata] PHP   3. AdminCartsController->run() /home/users/karan.negi/www/html/prestashop1761/classes/Dispatcher.php:515
[09-Jan-2020 20:29:59 Asia/Kolkata] PHP   4. AdminCartsController->displayAjaxSearchCarts() /home/users/karan.negi/www/html/prestashop1761/classes/controller/Controller.php:307
[09-Jan-2020 20:29:59 Asia/Kolkata] PHP   5. OrderCore::getCustomerOrders() /home/users/karan.negi/www/html/prestashop1761/controllers/admin/AdminCartsController.php:753
[09-Jan-2020 20:29:59 Asia/Kolkata] PHP Notice:  Undefined index:  in /home/users/karan.negi/www/html/prestashop1761/classes/order/Order.php on line 946
[09-Jan-2020 20:29:59 Asia/Kolkata] PHP Stack trace:
[09-Jan-2020 20:29:59 Asia/Kolkata] PHP   1. {main}() /home/users/karan.negi/www/html/prestashop1761/admin7349hjnt3/index.php:0
[09-Jan-2020 20:29:59 Asia/Kolkata] PHP   2. Dispatcher->dispatch() /home/users/karan.negi/www/html/prestashop1761/admin7349hjnt3/index.php:97
[09-Jan-2020 20:29:59 Asia/Kolkata] PHP   3. AdminCartsController->run() /home/users/karan.negi/www/html/prestashop1761/classes/Dispatcher.php:515
[09-Jan-2020 20:29:59 Asia/Kolkata] PHP   4. AdminCartsController->displayAjaxSearchCarts() /home/users/karan.negi/www/html/prestashop1761/classes/controller/Controller.php:307
[09-Jan-2020 20:29:59 Asia/Kolkata] PHP   5. OrderCore::getCustomerOrders() /home/users/karan.negi/www/html/prestashop1761/controllers/admin/AdminCartsController.php:753
[09-Jan-2020 20:29:59 Asia/Kolkata] PHP Notice:  Undefined index:  in /home/users/karan.negi/www/html/prestashop1761/classes/order/Order.php on line 944
[09-Jan-2020 20:29:59 Asia/Kolkata] PHP Stack trace:
[09-Jan-2020 20:29:59 Asia/Kolkata] PHP   1. {main}() /home/users/karan.negi/www/html/prestashop1761/admin7349hjnt3/index.php:0
[09-Jan-2020 20:29:59 Asia/Kolkata] PHP   2. Dispatcher->dispatch() /home/users/karan.negi/www/html/prestashop1761/admin7349hjnt3/index.php:97
[09-Jan-2020 20:29:59 Asia/Kolkata] PHP   3. AdminCartsController->run() /home/users/karan.negi/www/html/prestashop1761/classes/Dispatcher.php:515
[09-Jan-2020 20:29:59 Asia/Kolkata] PHP   4. AdminCartsController->displayAjaxSearchCarts() /home/users/karan.negi/www/html/prestashop1761/classes/controller/Controller.php:307
[09-Jan-2020 20:29:59 Asia/Kolkata] PHP   5. OrderCore::getCustomerOrders() /home/users/karan.negi/www/html/prestashop1761/controllers/admin/AdminCartsController.php:753
[09-Jan-2020 20:29:59 Asia/Kolkata] PHP Notice:  Undefined index:  in /home/users/karan.negi/www/html/prestashop1761/classes/order/Order.php on line 945
[09-Jan-2020 20:29:59 Asia/Kolkata] PHP Stack trace:
[09-Jan-2020 20:29:59 Asia/Kolkata] PHP   1. {main}() /home/users/karan.negi/www/html/prestashop1761/admin7349hjnt3/index.php:0
[09-Jan-2020 20:29:59 Asia/Kolkata] PHP   2. Dispatcher->dispatch() /home/users/karan.negi/www/html/prestashop1761/admin7349hjnt3/index.php:97
[09-Jan-2020 20:29:59 Asia/Kolkata] PHP   3. AdminCartsController->run() /home/users/karan.negi/www/html/prestashop1761/classes/Dispatcher.php:515
[09-Jan-2020 20:29:59 Asia/Kolkata] PHP   4. AdminCartsController->displayAjaxSearchCarts() /home/users/karan.negi/www/html/prestashop1761/classes/controller/Controller.php:307
[09-Jan-2020 20:29:59 Asia/Kolkata] PHP   5. OrderCore::getCustomerOrders() /home/users/karan.negi/www/html/prestashop1761/controllers/admin/AdminCartsController.php:753
[09-Jan-2020 20:29:59 Asia/Kolkata] PHP Notice:  Undefined index:  in /home/users/karan.negi/www/html/prestashop1761/classes/order/Order.php on line 946
[09-Jan-2020 20:29:59 Asia/Kolkata] PHP Stack trace:
[09-Jan-2020 20:29:59 Asia/Kolkata] PHP   1. {main}() /home/users/karan.negi/www/html/prestashop1761/admin7349hjnt3/index.php:0
[09-Jan-2020 20:29:59 Asia/Kolkata] PHP   2. Dispatcher->dispatch() /home/users/karan.negi/www/html/prestashop1761/admin7349hjnt3/index.php:97
[09-Jan-2020 20:29:59 Asia/Kolkata] PHP   3. AdminCartsController->run() /home/users/karan.negi/www/html/prestashop1761/classes/Dispatcher.php:515
[09-Jan-2020 20:29:59 Asia/Kolkata] PHP   4. AdminCartsController->displayAjaxSearchCarts() /home/users/karan.negi/www/html/prestashop1761/classes/controller/Controller.php:307
[09-Jan-2020 20:29:59 Asia/Kolkata] PHP   5. OrderCore::getCustomerOrders() /home/users/karan.negi/www/html/prestashop1761/controllers/admin/AdminCartsController.php:753
[09-Jan-2020 20:29:59 Asia/Kolkata] PHP Notice:  Undefined index:  in /home/users/karan.negi/www/html/prestashop1761/classes/order/Order.php on line 944
[09-Jan-2020 20:29:59 Asia/Kolkata] PHP Stack trace:
[09-Jan-2020 20:29:59 Asia/Kolkata] PHP   1. {main}() /home/users/karan.negi/www/html/prestashop1761/admin7349hjnt3/index.php:0
[09-Jan-2020 20:29:59 Asia/Kolkata] PHP   2. Dispatcher->dispatch() /home/users/karan.negi/www/html/prestashop1761/admin7349hjnt3/index.php:97
[09-Jan-2020 20:29:59 Asia/Kolkata] PHP   3. AdminCartsController->run() /home/users/karan.negi/www/html/prestashop1761/classes/Dispatcher.php:515
[09-Jan-2020 20:29:59 Asia/Kolkata] PHP   4. AdminCartsController->displayAjaxSearchCarts() /home/users/karan.negi/www/html/prestashop1761/classes/controller/Controller.php:307
[09-Jan-2020 20:29:59 Asia/Kolkata] PHP   5. OrderCore::getCustomerOrders() /home/users/karan.negi/www/html/prestashop1761/controllers/admin/AdminCartsController.php:753
[09-Jan-2020 20:29:59 Asia/Kolkata] PHP Notice:  Undefined index:  in /home/users/karan.negi/www/html/prestashop1761/classes/order/Order.php on line 945
[09-Jan-2020 20:29:59 Asia/Kolkata] PHP Stack trace:
[09-Jan-2020 20:29:59 Asia/Kolkata] PHP   1. {main}() /home/users/karan.negi/www/html/prestashop1761/admin7349hjnt3/index.php:0
[09-Jan-2020 20:29:59 Asia/Kolkata] PHP   2. Dispatcher->dispatch() /home/users/karan.negi/www/html/prestashop1761/admin7349hjnt3/index.php:97
[09-Jan-2020 20:29:59 Asia/Kolkata] PHP   3. AdminCartsController->run() /home/users/karan.negi/www/html/prestashop1761/classes/Dispatcher.php:515
[09-Jan-2020 20:29:59 Asia/Kolkata] PHP   4. AdminCartsController->displayAjaxSearchCarts() /home/users/karan.negi/www/html/prestashop1761/classes/controller/Controller.php:307
[09-Jan-2020 20:29:59 Asia/Kolkata] PHP   5. OrderCore::getCustomerOrders() /home/users/karan.negi/www/html/prestashop1761/controllers/admin/AdminCartsController.php:753
[09-Jan-2020 20:29:59 Asia/Kolkata] PHP Notice:  Undefined index:  in /home/users/karan.negi/www/html/prestashop1761/classes/order/Order.php on line 946
[09-Jan-2020 20:29:59 Asia/Kolkata] PHP Stack trace:
[09-Jan-2020 20:29:59 Asia/Kolkata] PHP   1. {main}() /home/users/karan.negi/www/html/prestashop1761/admin7349hjnt3/index.php:0
[09-Jan-2020 20:29:59 Asia/Kolkata] PHP   2. Dispatcher->dispatch() /home/users/karan.negi/www/html/prestashop1761/admin7349hjnt3/index.php:97
[09-Jan-2020 20:29:59 Asia/Kolkata] PHP   3. AdminCartsController->run() /home/users/karan.negi/www/html/prestashop1761/classes/Dispatcher.php:515
[09-Jan-2020 20:29:59 Asia/Kolkata] PHP   4. AdminCartsController->displayAjaxSearchCarts() /home/users/karan.negi/www/html/prestashop1761/classes/controller/Controller.php:307
[09-Jan-2020 20:29:59 Asia/Kolkata] PHP   5. OrderCore::getCustomerOrders() /home/users/karan.negi/www/html/prestashop1761/controllers/admin/AdminCartsController.php:753
[09-Jan-2020 20:29:59 Asia/Kolkata] PHP Notice:  Undefined index:  in /home/users/karan.negi/www/html/prestashop1761/classes/order/Order.php on line 944
[09-Jan-2020 20:29:59 Asia/Kolkata] PHP Stack trace:
[09-Jan-2020 20:29:59 Asia/Kolkata] PHP   1. {main}() /home/users/karan.negi/www/html/prestashop1761/admin7349hjnt3/index.php:0
[09-Jan-2020 20:29:59 Asia/Kolkata] PHP   2. Dispatcher->dispatch() /home/users/karan.negi/www/html/prestashop1761/admin7349hjnt3/index.php:97
[09-Jan-2020 20:29:59 Asia/Kolkata] PHP   3. AdminCartsController->run() /home/users/karan.negi/www/html/prestashop1761/classes/Dispatcher.php:515
[09-Jan-2020 20:29:59 Asia/Kolkata] PHP   4. AdminCartsController->displayAjaxSearchCarts() /home/users/karan.negi/www/html/prestashop1761/classes/controller/Controller.php:307
[09-Jan-2020 20:29:59 Asia/Kolkata] PHP   5. OrderCore::getCustomerOrders() /home/users/karan.negi/www/html/prestashop1761/controllers/admin/AdminCartsController.php:753
[09-Jan-2020 20:29:59 Asia/Kolkata] PHP Notice:  Undefined index:  in /home/users/karan.negi/www/html/prestashop1761/classes/order/Order.php on line 945
[09-Jan-2020 20:29:59 Asia/Kolkata] PHP Stack trace:
[09-Jan-2020 20:29:59 Asia/Kolkata] PHP   1. {main}() /home/users/karan.negi/www/html/prestashop1761/admin7349hjnt3/index.php:0
[09-Jan-2020 20:29:59 Asia/Kolkata] PHP   2. Dispatcher->dispatch() /home/users/karan.negi/www/html/prestashop1761/admin7349hjnt3/index.php:97
[09-Jan-2020 20:29:59 Asia/Kolkata] PHP   3. AdminCartsController->run() /home/users/karan.negi/www/html/prestashop1761/classes/Dispatcher.php:515
[09-Jan-2020 20:29:59 Asia/Kolkata] PHP   4. AdminCartsController->displayAjaxSearchCarts() /home/users/karan.negi/www/html/prestashop1761/classes/controller/Controller.php:307
[09-Jan-2020 20:29:59 Asia/Kolkata] PHP   5. OrderCore::getCustomerOrders() /home/users/karan.negi/www/html/prestashop1761/controllers/admin/AdminCartsController.php:753
[09-Jan-2020 20:29:59 Asia/Kolkata] PHP Notice:  Undefined index:  in /home/users/karan.negi/www/html/prestashop1761/classes/order/Order.php on line 946
[09-Jan-2020 20:29:59 Asia/Kolkata] PHP Stack trace:
[09-Jan-2020 20:29:59 Asia/Kolkata] PHP   1. {main}() /home/users/karan.negi/www/html/prestashop1761/admin7349hjnt3/index.php:0
[09-Jan-2020 20:29:59 Asia/Kolkata] PHP   2. Dispatcher->dispatch() /home/users/karan.negi/www/html/prestashop1761/admin7349hjnt3/index.php:97
[09-Jan-2020 20:29:59 Asia/Kolkata] PHP   3. AdminCartsController->run() /home/users/karan.negi/www/html/prestashop1761/classes/Dispatcher.php:515
[09-Jan-2020 20:29:59 Asia/Kolkata] PHP   4. AdminCartsController->displayAjaxSearchCarts() /home/users/karan.negi/www/html/prestashop1761/classes/controller/Controller.php:307
[09-Jan-2020 20:29:59 Asia/Kolkata] PHP   5. OrderCore::getCustomerOrders() /home/users/karan.negi/www/html/prestashop1761/controllers/admin/AdminCartsController.php:753
[09-Jan-2020 20:29:59 Asia/Kolkata] PHP Notice:  Undefined index:  in /home/users/karan.negi/www/html/prestashop1761/classes/order/Order.php on line 944
[09-Jan-2020 20:29:59 Asia/Kolkata] PHP Stack trace:
[09-Jan-2020 20:29:59 Asia/Kolkata] PHP   1. {main}() /home/users/karan.negi/www/html/prestashop1761/admin7349hjnt3/index.php:0
[09-Jan-2020 20:29:59 Asia/Kolkata] PHP   2. Dispatcher->dispatch() /home/users/karan.negi/www/html/prestashop1761/admin7349hjnt3/index.php:97
[09-Jan-2020 20:29:59 Asia/Kolkata] PHP   3. AdminCartsController->run() /home/users/karan.negi/www/html/prestashop1761/classes/Dispatcher.php:515
[09-Jan-2020 20:29:59 Asia/Kolkata] PHP   4. AdminCartsController->displayAjaxSearchCarts() /home/users/karan.negi/www/html/prestashop1761/classes/controller/Controller.php:307
[09-Jan-2020 20:29:59 Asia/Kolkata] PHP   5. OrderCore::getCustomerOrders() /home/users/karan.negi/www/html/prestashop1761/controllers/admin/AdminCartsController.php:753
[09-Jan-2020 20:29:59 Asia/Kolkata] PHP Notice:  Undefined index:  in /home/users/karan.negi/www/html/prestashop1761/classes/order/Order.php on line 945
[09-Jan-2020 20:29:59 Asia/Kolkata] PHP Stack trace:
[09-Jan-2020 20:29:59 Asia/Kolkata] PHP   1. {main}() /home/users/karan.negi/www/html/prestashop1761/admin7349hjnt3/index.php:0
[09-Jan-2020 20:29:59 Asia/Kolkata] PHP   2. Dispatcher->dispatch() /home/users/karan.negi/www/html/prestashop1761/admin7349hjnt3/index.php:97
[09-Jan-2020 20:29:59 Asia/Kolkata] PHP   3. AdminCartsController->run() /home/users/karan.negi/www/html/prestashop1761/classes/Dispatcher.php:515
[09-Jan-2020 20:29:59 Asia/Kolkata] PHP   4. AdminCartsController->displayAjaxSearchCarts() /home/users/karan.negi/www/html/prestashop1761/classes/controller/Controller.php:307
[09-Jan-2020 20:29:59 Asia/Kolkata] PHP   5. OrderCore::getCustomerOrders() /home/users/karan.negi/www/html/prestashop1761/controllers/admin/AdminCartsController.php:753
[09-Jan-2020 20:29:59 Asia/Kolkata] PHP Notice:  Undefined index:  in /home/users/karan.negi/www/html/prestashop1761/classes/order/Order.php on line 946
[09-Jan-2020 20:29:59 Asia/Kolkata] PHP Stack trace:
[09-Jan-2020 20:29:59 Asia/Kolkata] PHP   1. {main}() /home/users/karan.negi/www/html/prestashop1761/admin7349hjnt3/index.php:0
[09-Jan-2020 20:29:59 Asia/Kolkata] PHP   2. Dispatcher->dispatch() /home/users/karan.negi/www/html/prestashop1761/admin7349hjnt3/index.php:97
[09-Jan-2020 20:29:59 Asia/Kolkata] PHP   3. AdminCartsController->run() /home/users/karan.negi/www/html/prestashop1761/classes/Dispatcher.php:515
[09-Jan-2020 20:29:59 Asia/Kolkata] PHP   4. AdminCartsController->displayAjaxSearchCarts() /home/users/karan.negi/www/html/prestashop1761/classes/controller/Controller.php:307
[09-Jan-2020 20:29:59 Asia/Kolkata] PHP   5. OrderCore::getCustomerOrders() /home/users/karan.negi/www/html/prestashop1761/controllers/admin/AdminCartsController.php:753
[09-Jan-2020 20:29:59 Asia/Kolkata] PHP Notice:  Undefined index:  in /home/users/karan.negi/www/html/prestashop1761/classes/order/Order.php on line 944
[09-Jan-2020 20:29:59 Asia/Kolkata] PHP Stack trace:
[09-Jan-2020 20:29:59 Asia/Kolkata] PHP   1. {main}() /home/users/karan.negi/www/html/prestashop1761/admin7349hjnt3/index.php:0
[09-Jan-2020 20:29:59 Asia/Kolkata] PHP   2. Dispatcher->dispatch() /home/users/karan.negi/www/html/prestashop1761/admin7349hjnt3/index.php:97
[09-Jan-2020 20:29:59 Asia/Kolkata] PHP   3. AdminCartsController->run() /home/users/karan.negi/www/html/prestashop1761/classes/Dispatcher.php:515
[09-Jan-2020 20:29:59 Asia/Kolkata] PHP   4. AdminCartsController->displayAjaxSearchCarts() /home/users/karan.negi/www/html/prestashop1761/classes/controller/Controller.php:307
[09-Jan-2020 20:29:59 Asia/Kolkata] PHP   5. OrderCore::getCustomerOrders() /home/users/karan.negi/www/html/prestashop1761/controllers/admin/AdminCartsController.php:753
[09-Jan-2020 20:29:59 Asia/Kolkata] PHP Notice:  Undefined index:  in /home/users/karan.negi/www/html/prestashop1761/classes/order/Order.php on line 945
[09-Jan-2020 20:29:59 Asia/Kolkata] PHP Stack trace:
[09-Jan-2020 20:29:59 Asia/Kolkata] PHP   1. {main}() /home/users/karan.negi/www/html/prestashop1761/admin7349hjnt3/index.php:0
[09-Jan-2020 20:29:59 Asia/Kolkata] PHP   2. Dispatcher->dispatch() /home/users/karan.negi/www/html/prestashop1761/admin7349hjnt3/index.php:97
[09-Jan-2020 20:29:59 Asia/Kolkata] PHP   3. AdminCartsController->run() /home/users/karan.negi/www/html/prestashop1761/classes/Dispatcher.php:515
[09-Jan-2020 20:29:59 Asia/Kolkata] PHP   4. AdminCartsController->displayAjaxSearchCarts() /home/users/karan.negi/www/html/prestashop1761/classes/controller/Controller.php:307
[09-Jan-2020 20:29:59 Asia/Kolkata] PHP   5. OrderCore::getCustomerOrders() /home/users/karan.negi/www/html/prestashop1761/controllers/admin/AdminCartsController.php:753
[09-Jan-2020 20:29:59 Asia/Kolkata] PHP Notice:  Undefined index:  in /home/users/karan.negi/www/html/prestashop1761/classes/order/Order.php on line 946
[09-Jan-2020 20:29:59 Asia/Kolkata] PHP Stack trace:
[09-Jan-2020 20:29:59 Asia/Kolkata] PHP   1. {main}() /home/users/karan.negi/www/html/prestashop1761/admin7349hjnt3/index.php:0
[09-Jan-2020 20:29:59 Asia/Kolkata] PHP   2. Dispatcher->dispatch() /home/users/karan.negi/www/html/prestashop1761/admin7349hjnt3/index.php:97
[09-Jan-2020 20:29:59 Asia/Kolkata] PHP   3. AdminCartsController->run() /home/users/karan.negi/www/html/prestashop1761/classes/Dispatcher.php:515
[09-Jan-2020 20:29:59 Asia/Kolkata] PHP   4. AdminCartsController->displayAjaxSearchCarts() /home/users/karan.negi/www/html/prestashop1761/classes/controller/Controller.php:307
[09-Jan-2020 20:29:59 Asia/Kolkata] PHP   5. OrderCore::getCustomerOrders() /home/users/karan.negi/www/html/prestashop1761/controllers/admin/AdminCartsController.php:753
[09-Jan-2020 20:29:59 Asia/Kolkata] PHP Notice:  Undefined index:  in /home/users/karan.negi/www/html/prestashop1761/classes/order/Order.php on line 944
[09-Jan-2020 20:29:59 Asia/Kolkata] PHP Stack trace:
[09-Jan-2020 20:29:59 Asia/Kolkata] PHP   1. {main}() /home/users/karan.negi/www/html/prestashop1761/admin7349hjnt3/index.php:0
[09-Jan-2020 20:29:59 Asia/Kolkata] PHP   2. Dispatcher->dispatch() /home/users/karan.negi/www/html/prestashop1761/admin7349hjnt3/index.php:97
[09-Jan-2020 20:29:59 Asia/Kolkata] PHP   3. AdminCartsController->run() /home/users/karan.negi/www/html/prestashop1761/classes/Dispatcher.php:515
[09-Jan-2020 20:29:59 Asia/Kolkata] PHP   4. AdminCartsController->displayAjaxSearchCarts() /home/users/karan.negi/www/html/prestashop1761/classes/controller/Controller.php:307
[09-Jan-2020 20:29:59 Asia/Kolkata] PHP   5. OrderCore::getCustomerOrders() /home/users/karan.negi/www/html/prestashop1761/controllers/admin/AdminCartsController.php:753
[09-Jan-2020 20:29:59 Asia/Kolkata] PHP Notice:  Undefined index:  in /home/users/karan.negi/www/html/prestashop1761/classes/order/Order.php on line 945
[09-Jan-2020 20:29:59 Asia/Kolkata] PHP Stack trace:
[09-Jan-2020 20:29:59 Asia/Kolkata] PHP   1. {main}() /home/users/karan.negi/www/html/prestashop1761/admin7349hjnt3/index.php:0
[09-Jan-2020 20:29:59 Asia/Kolkata] PHP   2. Dispatcher->dispatch() /home/users/karan.negi/www/html/prestashop1761/admin7349hjnt3/index.php:97
[09-Jan-2020 20:29:59 Asia/Kolkata] PHP   3. AdminCartsController->run() /home/users/karan.negi/www/html/prestashop1761/classes/Dispatcher.php:515
[09-Jan-2020 20:29:59 Asia/Kolkata] PHP   4. AdminCartsController->displayAjaxSearchCarts() /home/users/karan.negi/www/html/prestashop1761/classes/controller/Controller.php:307
[09-Jan-2020 20:29:59 Asia/Kolkata] PHP   5. OrderCore::getCustomerOrders() /home/users/karan.negi/www/html/prestashop1761/controllers/admin/AdminCartsController.php:753
[09-Jan-2020 20:29:59 Asia/Kolkata] PHP Notice:  Undefined index:  in /home/users/karan.negi/www/html/prestashop1761/classes/order/Order.php on line 946
[09-Jan-2020 20:29:59 Asia/Kolkata] PHP Stack trace:
[09-Jan-2020 20:29:59 Asia/Kolkata] PHP   1. {main}() /home/users/karan.negi/www/html/prestashop1761/admin7349hjnt3/index.php:0
[09-Jan-2020 20:29:59 Asia/Kolkata] PHP   2. Dispatcher->dispatch() /home/users/karan.negi/www/html/prestashop1761/admin7349hjnt3/index.php:97
[09-Jan-2020 20:29:59 Asia/Kolkata] PHP   3. AdminCartsController->run() /home/users/karan.negi/www/html/prestashop1761/classes/Dispatcher.php:515
[09-Jan-2020 20:29:59 Asia/Kolkata] PHP   4. AdminCartsController->displayAjaxSearchCarts() /home/users/karan.negi/www/html/prestashop1761/classes/controller/Controller.php:307
[09-Jan-2020 20:29:59 Asia/Kolkata] PHP   5. OrderCore::getCustomerOrders() /home/users/karan.negi/www/html/prestashop1761/controllers/admin/AdminCartsController.php:753
[09-Jan-2020 20:29:59 Asia/Kolkata] PHP Notice:  Undefined index:  in /home/users/karan.negi/www/html/prestashop1761/classes/order/Order.php on line 944
[09-Jan-2020 20:29:59 Asia/Kolkata] PHP Stack trace:
[09-Jan-2020 20:29:59 Asia/Kolkata] PHP   1. {main}() /home/users/karan.negi/www/html/prestashop1761/admin7349hjnt3/index.php:0
[09-Jan-2020 20:29:59 Asia/Kolkata] PHP   2. Dispatcher->dispatch() /home/users/karan.negi/www/html/prestashop1761/admin7349hjnt3/index.php:97
[09-Jan-2020 20:29:59 Asia/Kolkata] PHP   3. AdminCartsController->run() /home/users/karan.negi/www/html/prestashop1761/classes/Dispatcher.php:515
[09-Jan-2020 20:29:59 Asia/Kolkata] PHP   4. AdminCartsController->displayAjaxSearchCarts() /home/users/karan.negi/www/html/prestashop1761/classes/controller/Controller.php:307
[09-Jan-2020 20:29:59 Asia/Kolkata] PHP   5. OrderCore::getCustomerOrders() /home/users/karan.negi/www/html/prestashop1761/controllers/admin/AdminCartsController.php:753
[09-Jan-2020 20:29:59 Asia/Kolkata] PHP Notice:  Undefined index:  in /home/users/karan.negi/www/html/prestashop1761/classes/order/Order.php on line 945
[09-Jan-2020 20:29:59 Asia/Kolkata] PHP Stack trace:
[09-Jan-2020 20:29:59 Asia/Kolkata] PHP   1. {main}() /home/users/karan.negi/www/html/prestashop1761/admin7349hjnt3/index.php:0
[09-Jan-2020 20:29:59 Asia/Kolkata] PHP   2. Dispatcher->dispatch() /home/users/karan.negi/www/html/prestashop1761/admin7349hjnt3/index.php:97
[09-Jan-2020 20:29:59 Asia/Kolkata] PHP   3. AdminCartsController->run() /home/users/karan.negi/www/html/prestashop1761/classes/Dispatcher.php:515
[09-Jan-2020 20:29:59 Asia/Kolkata] PHP   4. AdminCartsController->displayAjaxSearchCarts() /home/users/karan.negi/www/html/prestashop1761/classes/controller/Controller.php:307
[09-Jan-2020 20:29:59 Asia/Kolkata] PHP   5. OrderCore::getCustomerOrders() /home/users/karan.negi/www/html/prestashop1761/controllers/admin/AdminCartsController.php:753
[09-Jan-2020 20:29:59 Asia/Kolkata] PHP Notice:  Undefined index:  in /home/users/karan.negi/www/html/prestashop1761/classes/order/Order.php on line 946
[09-Jan-2020 20:29:59 Asia/Kolkata] PHP Stack trace:
[09-Jan-2020 20:29:59 Asia/Kolkata] PHP   1. {main}() /home/users/karan.negi/www/html/prestashop1761/admin7349hjnt3/index.php:0
[09-Jan-2020 20:29:59 Asia/Kolkata] PHP   2. Dispatcher->dispatch() /home/users/karan.negi/www/html/prestashop1761/admin7349hjnt3/index.php:97
[09-Jan-2020 20:29:59 Asia/Kolkata] PHP   3. AdminCartsController->run() /home/users/karan.negi/www/html/prestashop1761/classes/Dispatcher.php:515
[09-Jan-2020 20:29:59 Asia/Kolkata] PHP   4. AdminCartsController->displayAjaxSearchCarts() /home/users/karan.negi/www/html/prestashop1761/classes/controller/Controller.php:307
[09-Jan-2020 20:29:59 Asia/Kolkata] PHP   5. OrderCore::getCustomerOrders() /home/users/karan.negi/www/html/prestashop1761/controllers/admin/AdminCartsController.php:753
[09-Jan-2020 20:29:59 Asia/Kolkata] PHP Notice:  Undefined index:  in /home/users/karan.negi/www/html/prestashop1761/classes/order/Order.php on line 944
[09-Jan-2020 20:29:59 Asia/Kolkata] PHP Stack trace:
[09-Jan-2020 20:29:59 Asia/Kolkata] PHP   1. {main}() /home/users/karan.negi/www/html/prestashop1761/admin7349hjnt3/index.php:0
[09-Jan-2020 20:29:59 Asia/Kolkata] PHP   2. Dispatcher->dispatch() /home/users/karan.negi/www/html/prestashop1761/admin7349hjnt3/index.php:97
[09-Jan-2020 20:29:59 Asia/Kolkata] PHP   3. AdminCartsController->run() /home/users/karan.negi/www/html/prestashop1761/classes/Dispatcher.php:515
[09-Jan-2020 20:29:59 Asia/Kolkata] PHP   4. AdminCartsController->displayAjaxSearchCarts() /home/users/karan.negi/www/html/prestashop1761/classes/controller/Controller.php:307
[09-Jan-2020 20:29:59 Asia/Kolkata] PHP   5. OrderCore::getCustomerOrders() /home/users/karan.negi/www/html/prestashop1761/controllers/admin/AdminCartsController.php:753
[09-Jan-2020 20:29:59 Asia/Kolkata] PHP Notice:  Undefined index:  in /home/users/karan.negi/www/html/prestashop1761/classes/order/Order.php on line 945
[09-Jan-2020 20:29:59 Asia/Kolkata] PHP Stack trace:
[09-Jan-2020 20:29:59 Asia/Kolkata] PHP   1. {main}() /home/users/karan.negi/www/html/prestashop1761/admin7349hjnt3/index.php:0
[09-Jan-2020 20:29:59 Asia/Kolkata] PHP   2. Dispatcher->dispatch() /home/users/karan.negi/www/html/prestashop1761/admin7349hjnt3/index.php:97
[09-Jan-2020 20:29:59 Asia/Kolkata] PHP   3. AdminCartsController->run() /home/users/karan.negi/www/html/prestashop1761/classes/Dispatcher.php:515
[09-Jan-2020 20:29:59 Asia/Kolkata] PHP   4. AdminCartsController->displayAjaxSearchCarts() /home/users/karan.negi/www/html/prestashop1761/classes/controller/Controller.php:307
[09-Jan-2020 20:29:59 Asia/Kolkata] PHP   5. OrderCore::getCustomerOrders() /home/users/karan.negi/www/html/prestashop1761/controllers/admin/AdminCartsController.php:753
[09-Jan-2020 20:29:59 Asia/Kolkata] PHP Notice:  Undefined index:  in /home/users/karan.negi/www/html/prestashop1761/classes/order/Order.php on line 946
[09-Jan-2020 20:29:59 Asia/Kolkata] PHP Stack trace:
[09-Jan-2020 20:29:59 Asia/Kolkata] PHP   1. {main}() /home/users/karan.negi/www/html/prestashop1761/admin7349hjnt3/index.php:0
[09-Jan-2020 20:29:59 Asia/Kolkata] PHP   2. Dispatcher->dispatch() /home/users/karan.negi/www/html/prestashop1761/admin7349hjnt3/index.php:97
[09-Jan-2020 20:29:59 Asia/Kolkata] PHP   3. AdminCartsController->run() /home/users/karan.negi/www/html/prestashop1761/classes/Dispatcher.php:515
[09-Jan-2020 20:29:59 Asia/Kolkata] PHP   4. AdminCartsController->displayAjaxSearchCarts() /home/users/karan.negi/www/html/prestashop1761/classes/controller/Controller.php:307
[09-Jan-2020 20:29:59 Asia/Kolkata] PHP   5. OrderCore::getCustomerOrders() /home/users/karan.negi/www/html/prestashop1761/controllers/admin/AdminCartsController.php:753
[09-Jan-2020 20:29:59 Asia/Kolkata] PHP Notice:  Undefined index:  in /home/users/karan.negi/www/html/prestashop1761/classes/order/Order.php on line 944
[09-Jan-2020 20:29:59 Asia/Kolkata] PHP Stack trace:
[09-Jan-2020 20:29:59 Asia/Kolkata] PHP   1. {main}() /home/users/karan.negi/www/html/prestashop1761/admin7349hjnt3/index.php:0
[09-Jan-2020 20:29:59 Asia/Kolkata] PHP   2. Dispatcher->dispatch() /home/users/karan.negi/www/html/prestashop1761/admin7349hjnt3/index.php:97
[09-Jan-2020 20:29:59 Asia/Kolkata] PHP   3. AdminCartsController->run() /home/users/karan.negi/www/html/prestashop1761/classes/Dispatcher.php:515
[09-Jan-2020 20:29:59 Asia/Kolkata] PHP   4. AdminCartsController->displayAjaxSearchCarts() /home/users/karan.negi/www/html/prestashop1761/classes/controller/Controller.php:307
[09-Jan-2020 20:29:59 Asia/Kolkata] PHP   5. OrderCore::getCustomerOrders() /home/users/karan.negi/www/html/prestashop1761/controllers/admin/AdminCartsController.php:753
[09-Jan-2020 20:29:59 Asia/Kolkata] PHP Notice:  Undefined index:  in /home/users/karan.negi/www/html/prestashop1761/classes/order/Order.php on line 945
[09-Jan-2020 20:29:59 Asia/Kolkata] PHP Stack trace:
[09-Jan-2020 20:29:59 Asia/Kolkata] PHP   1. {main}() /home/users/karan.negi/www/html/prestashop1761/admin7349hjnt3/index.php:0
[09-Jan-2020 20:29:59 Asia/Kolkata] PHP   2. Dispatcher->dispatch() /home/users/karan.negi/www/html/prestashop1761/admin7349hjnt3/index.php:97
[09-Jan-2020 20:29:59 Asia/Kolkata] PHP   3. AdminCartsController->run() /home/users/karan.negi/www/html/prestashop1761/classes/Dispatcher.php:515
[09-Jan-2020 20:29:59 Asia/Kolkata] PHP   4. AdminCartsController->displayAjaxSearchCarts() /home/users/karan.negi/www/html/prestashop1761/classes/controller/Controller.php:307
[09-Jan-2020 20:29:59 Asia/Kolkata] PHP   5. OrderCore::getCustomerOrders() /home/users/karan.negi/www/html/prestashop1761/controllers/admin/AdminCartsController.php:753
[09-Jan-2020 20:29:59 Asia/Kolkata] PHP Notice:  Undefined index:  in /home/users/karan.negi/www/html/prestashop1761/classes/order/Order.php on line 946
[09-Jan-2020 20:29:59 Asia/Kolkata] PHP Stack trace:
[09-Jan-2020 20:29:59 Asia/Kolkata] PHP   1. {main}() /home/users/karan.negi/www/html/prestashop1761/admin7349hjnt3/index.php:0
[09-Jan-2020 20:29:59 Asia/Kolkata] PHP   2. Dispatcher->dispatch() /home/users/karan.negi/www/html/prestashop1761/admin7349hjnt3/index.php:97
[09-Jan-2020 20:29:59 Asia/Kolkata] PHP   3. AdminCartsController->run() /home/users/karan.negi/www/html/prestashop1761/classes/Dispatcher.php:515
[09-Jan-2020 20:29:59 Asia/Kolkata] PHP   4. AdminCartsController->displayAjaxSearchCarts() /home/users/karan.negi/www/html/prestashop1761/classes/controller/Controller.php:307
[09-Jan-2020 20:29:59 Asia/Kolkata] PHP   5. OrderCore::getCustomerOrders() /home/users/karan.negi/www/html/prestashop1761/controllers/admin/AdminCartsController.php:753
[09-Jan-2020 20:29:59 Asia/Kolkata] PHP Notice:  Undefined index:  in /home/users/karan.negi/www/html/prestashop1761/classes/order/Order.php on line 944
[09-Jan-2020 20:29:59 Asia/Kolkata] PHP Stack trace:
[09-Jan-2020 20:29:59 Asia/Kolkata] PHP   1. {main}() /home/users/karan.negi/www/html/prestashop1761/admin7349hjnt3/index.php:0
[09-Jan-2020 20:29:59 Asia/Kolkata] PHP   2. Dispatcher->dispatch() /home/users/karan.negi/www/html/prestashop1761/admin7349hjnt3/index.php:97
[09-Jan-2020 20:29:59 Asia/Kolkata] PHP   3. AdminCartsController->run() /home/users/karan.negi/www/html/prestashop1761/classes/Dispatcher.php:515
[09-Jan-2020 20:29:59 Asia/Kolkata] PHP   4. AdminCartsController->displayAjaxSearchCarts() /home/users/karan.negi/www/html/prestashop1761/classes/controller/Controller.php:307
[09-Jan-2020 20:29:59 Asia/Kolkata] PHP   5. OrderCore::getCustomerOrders() /home/users/karan.negi/www/html/prestashop1761/controllers/admin/AdminCartsController.php:753
[09-Jan-2020 20:29:59 Asia/Kolkata] PHP Notice:  Undefined index:  in /home/users/karan.negi/www/html/prestashop1761/classes/order/Order.php on line 945
[09-Jan-2020 20:29:59 Asia/Kolkata] PHP Stack trace:
[09-Jan-2020 20:29:59 Asia/Kolkata] PHP   1. {main}() /home/users/karan.negi/www/html/prestashop1761/admin7349hjnt3/index.php:0
[09-Jan-2020 20:29:59 Asia/Kolkata] PHP   2. Dispatcher->dispatch() /home/users/karan.negi/www/html/prestashop1761/admin7349hjnt3/index.php:97
[09-Jan-2020 20:29:59 Asia/Kolkata] PHP   3. AdminCartsController->run() /home/users/karan.negi/www/html/prestashop1761/classes/Dispatcher.php:515
[09-Jan-2020 20:29:59 Asia/Kolkata] PHP   4. AdminCartsController->displayAjaxSearchCarts() /home/users/karan.negi/www/html/prestashop1761/classes/controller/Controller.php:307
[09-Jan-2020 20:29:59 Asia/Kolkata] PHP   5. OrderCore::getCustomerOrders() /home/users/karan.negi/www/html/prestashop1761/controllers/admin/AdminCartsController.php:753
[09-Jan-2020 20:29:59 Asia/Kolkata] PHP Notice:  Undefined index:  in /home/users/karan.negi/www/html/prestashop1761/classes/order/Order.php on line 946
[09-Jan-2020 20:29:59 Asia/Kolkata] PHP Stack trace:
[09-Jan-2020 20:29:59 Asia/Kolkata] PHP   1. {main}() /home/users/karan.negi/www/html/prestashop1761/admin7349hjnt3/index.php:0
[09-Jan-2020 20:29:59 Asia/Kolkata] PHP   2. Dispatcher->dispatch() /home/users/karan.negi/www/html/prestashop1761/admin7349hjnt3/index.php:97
[09-Jan-2020 20:29:59 Asia/Kolkata] PHP   3. AdminCartsController->run() /home/users/karan.negi/www/html/prestashop1761/classes/Dispatcher.php:515
[09-Jan-2020 20:29:59 Asia/Kolkata] PHP   4. AdminCartsController->displayAjaxSearchCarts() /home/users/karan.negi/www/html/prestashop1761/classes/controller/Controller.php:307
[09-Jan-2020 20:29:59 Asia/Kolkata] PHP   5. OrderCore::getCustomerOrders() /home/users/karan.negi/www/html/prestashop1761/controllers/admin/AdminCartsController.php:753
[09-Jan-2020 20:29:59 Asia/Kolkata] PHP Notice:  Undefined index:  in /home/users/karan.negi/www/html/prestashop1761/classes/order/Order.php on line 944
[09-Jan-2020 20:29:59 Asia/Kolkata] PHP Stack trace:
[09-Jan-2020 20:29:59 Asia/Kolkata] PHP   1. {main}() /home/users/karan.negi/www/html/prestashop1761/admin7349hjnt3/index.php:0
[09-Jan-2020 20:29:59 Asia/Kolkata] PHP   2. Dispatcher->dispatch() /home/users/karan.negi/www/html/prestashop1761/admin7349hjnt3/index.php:97
[09-Jan-2020 20:29:59 Asia/Kolkata] PHP   3. AdminCartsController->run() /home/users/karan.negi/www/html/prestashop1761/classes/Dispatcher.php:515
[09-Jan-2020 20:29:59 Asia/Kolkata] PHP   4. AdminCartsController->displayAjaxSearchCarts() /home/users/karan.negi/www/html/prestashop1761/classes/controller/Controller.php:307
[09-Jan-2020 20:29:59 Asia/Kolkata] PHP   5. OrderCore::getCustomerOrders() /home/users/karan.negi/www/html/prestashop1761/controllers/admin/AdminCartsController.php:753
[09-Jan-2020 20:29:59 Asia/Kolkata] PHP Notice:  Undefined index:  in /home/users/karan.negi/www/html/prestashop1761/classes/order/Order.php on line 945
[09-Jan-2020 20:29:59 Asia/Kolkata] PHP Stack trace:
[09-Jan-2020 20:29:59 Asia/Kolkata] PHP   1. {main}() /home/users/karan.negi/www/html/prestashop1761/admin7349hjnt3/index.php:0
[09-Jan-2020 20:29:59 Asia/Kolkata] PHP   2. Dispatcher->dispatch() /home/users/karan.negi/www/html/prestashop1761/admin7349hjnt3/index.php:97
[09-Jan-2020 20:29:59 Asia/Kolkata] PHP   3. AdminCartsController->run() /home/users/karan.negi/www/html/prestashop1761/classes/Dispatcher.php:515
[09-Jan-2020 20:29:59 Asia/Kolkata] PHP   4. AdminCartsController->displayAjaxSearchCarts() /home/users/karan.negi/www/html/prestashop1761/classes/controller/Controller.php:307
[09-Jan-2020 20:29:59 Asia/Kolkata] PHP   5. OrderCore::getCustomerOrders() /home/users/karan.negi/www/html/prestashop1761/controllers/admin/AdminCartsController.php:753
[09-Jan-2020 20:29:59 Asia/Kolkata] PHP Notice:  Undefined index:  in /home/users/karan.negi/www/html/prestashop1761/classes/order/Order.php on line 946
[09-Jan-2020 20:29:59 Asia/Kolkata] PHP Stack trace:
[09-Jan-2020 20:29:59 Asia/Kolkata] PHP   1. {main}() /home/users/karan.negi/www/html/prestashop1761/admin7349hjnt3/index.php:0
[09-Jan-2020 20:29:59 Asia/Kolkata] PHP   2. Dispatcher->dispatch() /home/users/karan.negi/www/html/prestashop1761/admin7349hjnt3/index.php:97
[09-Jan-2020 20:29:59 Asia/Kolkata] PHP   3. AdminCartsController->run() /home/users/karan.negi/www/html/prestashop1761/classes/Dispatcher.php:515
[09-Jan-2020 20:29:59 Asia/Kolkata] PHP   4. AdminCartsController->displayAjaxSearchCarts() /home/users/karan.negi/www/html/prestashop1761/classes/controller/Controller.php:307
[09-Jan-2020 20:29:59 Asia/Kolkata] PHP   5. OrderCore::getCustomerOrders() /home/users/karan.negi/www/html/prestashop1761/controllers/admin/AdminCartsController.php:753
[09-Jan-2020 20:29:59 Asia/Kolkata] PHP Notice:  Undefined index:  in /home/users/karan.negi/www/html/prestashop1761/classes/order/Order.php on line 944
[09-Jan-2020 20:29:59 Asia/Kolkata] PHP Stack trace:
[09-Jan-2020 20:29:59 Asia/Kolkata] PHP   1. {main}() /home/users/karan.negi/www/html/prestashop1761/admin7349hjnt3/index.php:0
[09-Jan-2020 20:29:59 Asia/Kolkata] PHP   2. Dispatcher->dispatch() /home/users/karan.negi/www/html/prestashop1761/admin7349hjnt3/index.php:97
[09-Jan-2020 20:29:59 Asia/Kolkata] PHP   3. AdminCartsController->run() /home/users/karan.negi/www/html/prestashop1761/classes/Dispatcher.php:515
[09-Jan-2020 20:29:59 Asia/Kolkata] PHP   4. AdminCartsController->displayAjaxSearchCarts() /home/users/karan.negi/www/html/prestashop1761/classes/controller/Controller.php:307
[09-Jan-2020 20:29:59 Asia/Kolkata] PHP   5. OrderCore::getCustomerOrders() /home/users/karan.negi/www/html/prestashop1761/controllers/admin/AdminCartsController.php:753
[09-Jan-2020 20:29:59 Asia/Kolkata] PHP Notice:  Undefined index:  in /home/users/karan.negi/www/html/prestashop1761/classes/order/Order.php on line 945
[09-Jan-2020 20:29:59 Asia/Kolkata] PHP Stack trace:
[09-Jan-2020 20:29:59 Asia/Kolkata] PHP   1. {main}() /home/users/karan.negi/www/html/prestashop1761/admin7349hjnt3/index.php:0
[09-Jan-2020 20:29:59 Asia/Kolkata] PHP   2. Dispatcher->dispatch() /home/users/karan.negi/www/html/prestashop1761/admin7349hjnt3/index.php:97
[09-Jan-2020 20:29:59 Asia/Kolkata] PHP   3. AdminCartsController->run() /home/users/karan.negi/www/html/prestashop1761/classes/Dispatcher.php:515
[09-Jan-2020 20:29:59 Asia/Kolkata] PHP   4. AdminCartsController->displayAjaxSearchCarts() /home/users/karan.negi/www/html/prestashop1761/classes/controller/Controller.php:307
[09-Jan-2020 20:29:59 Asia/Kolkata] PHP   5. OrderCore::getCustomerOrders() /home/users/karan.negi/www/html/prestashop1761/controllers/admin/AdminCartsController.php:753
[09-Jan-2020 20:29:59 Asia/Kolkata] PHP Notice:  Undefined index:  in /home/users/karan.negi/www/html/prestashop1761/classes/order/Order.php on line 946
[09-Jan-2020 20:29:59 Asia/Kolkata] PHP Stack trace:
[09-Jan-2020 20:29:59 Asia/Kolkata] PHP   1. {main}() /home/users/karan.negi/www/html/prestashop1761/admin7349hjnt3/index.php:0
[09-Jan-2020 20:29:59 Asia/Kolkata] PHP   2. Dispatcher->dispatch() /home/users/karan.negi/www/html/prestashop1761/admin7349hjnt3/index.php:97
[09-Jan-2020 20:29:59 Asia/Kolkata] PHP   3. AdminCartsController->run() /home/users/karan.negi/www/html/prestashop1761/classes/Dispatcher.php:515
[09-Jan-2020 20:29:59 Asia/Kolkata] PHP   4. AdminCartsController->displayAjaxSearchCarts() /home/users/karan.negi/www/html/prestashop1761/classes/controller/Controller.php:307
[09-Jan-2020 20:29:59 Asia/Kolkata] PHP   5. OrderCore::getCustomerOrders() /home/users/karan.negi/www/html/prestashop1761/controllers/admin/AdminCartsController.php:753
[09-Jan-2020 20:29:59 Asia/Kolkata] PHP Notice:  Undefined index:  in /home/users/karan.negi/www/html/prestashop1761/classes/order/Order.php on line 944
[09-Jan-2020 20:29:59 Asia/Kolkata] PHP Stack trace:
[09-Jan-2020 20:29:59 Asia/Kolkata] PHP   1. {main}() /home/users/karan.negi/www/html/prestashop1761/admin7349hjnt3/index.php:0
[09-Jan-2020 20:29:59 Asia/Kolkata] PHP   2. Dispatcher->dispatch() /home/users/karan.negi/www/html/prestashop1761/admin7349hjnt3/index.php:97
[09-Jan-2020 20:29:59 Asia/Kolkata] PHP   3. AdminCartsController->run() /home/users/karan.negi/www/html/prestashop1761/classes/Dispatcher.php:515
[09-Jan-2020 20:29:59 Asia/Kolkata] PHP   4. AdminCartsController->displayAjaxSearchCarts() /home/users/karan.negi/www/html/prestashop1761/classes/controller/Controller.php:307
[09-Jan-2020 20:29:59 Asia/Kolkata] PHP   5. OrderCore::getCustomerOrders() /home/users/karan.negi/www/html/prestashop1761/controllers/admin/AdminCartsController.php:753
[09-Jan-2020 20:29:59 Asia/Kolkata] PHP Notice:  Undefined index:  in /home/users/karan.negi/www/html/prestashop1761/classes/order/Order.php on line 945
[09-Jan-2020 20:29:59 Asia/Kolkata] PHP Stack trace:
[09-Jan-2020 20:29:59 Asia/Kolkata] PHP   1. {main}() /home/users/karan.negi/www/html/prestashop1761/admin7349hjnt3/index.php:0
[09-Jan-2020 20:29:59 Asia/Kolkata] PHP   2. Dispatcher->dispatch() /home/users/karan.negi/www/html/prestashop1761/admin7349hjnt3/index.php:97
[09-Jan-2020 20:29:59 Asia/Kolkata] PHP   3. AdminCartsController->run() /home/users/karan.negi/www/html/prestashop1761/classes/Dispatcher.php:515
[09-Jan-2020 20:29:59 Asia/Kolkata] PHP   4. AdminCartsController->displayAjaxSearchCarts() /home/users/karan.negi/www/html/prestashop1761/classes/controller/Controller.php:307
[09-Jan-2020 20:29:59 Asia/Kolkata] PHP   5. OrderCore::getCustomerOrders() /home/users/karan.negi/www/html/prestashop1761/controllers/admin/AdminCartsController.php:753
[09-Jan-2020 20:29:59 Asia/Kolkata] PHP Notice:  Undefined index:  in /home/users/karan.negi/www/html/prestashop1761/classes/order/Order.php on line 946
[09-Jan-2020 20:29:59 Asia/Kolkata] PHP Stack trace:
[09-Jan-2020 20:29:59 Asia/Kolkata] PHP   1. {main}() /home/users/karan.negi/www/html/prestashop1761/admin7349hjnt3/index.php:0
[09-Jan-2020 20:29:59 Asia/Kolkata] PHP   2. Dispatcher->dispatch() /home/users/karan.negi/www/html/prestashop1761/admin7349hjnt3/index.php:97
[09-Jan-2020 20:29:59 Asia/Kolkata] PHP   3. AdminCartsController->run() /home/users/karan.negi/www/html/prestashop1761/classes/Dispatcher.php:515
[09-Jan-2020 20:29:59 Asia/Kolkata] PHP   4. AdminCartsController->displayAjaxSearchCarts() /home/users/karan.negi/www/html/prestashop1761/classes/controller/Controller.php:307
[09-Jan-2020 20:29:59 Asia/Kolkata] PHP   5. OrderCore::getCustomerOrders() /home/users/karan.negi/www/html/prestashop1761/controllers/admin/AdminCartsController.php:753
[09-Jan-2020 20:29:59 Asia/Kolkata] PHP Notice:  Undefined index:  in /home/users/karan.negi/www/html/prestashop1761/classes/order/Order.php on line 944
[09-Jan-2020 20:29:59 Asia/Kolkata] PHP Stack trace:
[09-Jan-2020 20:29:59 Asia/Kolkata] PHP   1. {main}() /home/users/karan.negi/www/html/prestashop1761/admin7349hjnt3/index.php:0
[09-Jan-2020 20:29:59 Asia/Kolkata] PHP   2. Dispatcher->dispatch() /home/users/karan.negi/www/html/prestashop1761/admin7349hjnt3/index.php:97
[09-Jan-2020 20:29:59 Asia/Kolkata] PHP   3. AdminCartsController->run() /home/users/karan.negi/www/html/prestashop1761/classes/Dispatcher.php:515
[09-Jan-2020 20:29:59 Asia/Kolkata] PHP   4. AdminCartsController->displayAjaxSearchCarts() /home/users/karan.negi/www/html/prestashop1761/classes/controller/Controller.php:307
[09-Jan-2020 20:29:59 Asia/Kolkata] PHP   5. OrderCore::getCustomerOrders() /home/users/karan.negi/www/html/prestashop1761/controllers/admin/AdminCartsController.php:753
[09-Jan-2020 20:29:59 Asia/Kolkata] PHP Notice:  Undefined index:  in /home/users/karan.negi/www/html/prestashop1761/classes/order/Order.php on line 945
[09-Jan-2020 20:29:59 Asia/Kolkata] PHP Stack trace:
[09-Jan-2020 20:29:59 Asia/Kolkata] PHP   1. {main}() /home/users/karan.negi/www/html/prestashop1761/admin7349hjnt3/index.php:0
[09-Jan-2020 20:29:59 Asia/Kolkata] PHP   2. Dispatcher->dispatch() /home/users/karan.negi/www/html/prestashop1761/admin7349hjnt3/index.php:97
[09-Jan-2020 20:29:59 Asia/Kolkata] PHP   3. AdminCartsController->run() /home/users/karan.negi/www/html/prestashop1761/classes/Dispatcher.php:515
[09-Jan-2020 20:29:59 Asia/Kolkata] PHP   4. AdminCartsController->displayAjaxSearchCarts() /home/users/karan.negi/www/html/prestashop1761/classes/controller/Controller.php:307
[09-Jan-2020 20:29:59 Asia/Kolkata] PHP   5. OrderCore::getCustomerOrders() /home/users/karan.negi/www/html/prestashop1761/controllers/admin/AdminCartsController.php:753
[09-Jan-2020 20:29:59 Asia/Kolkata] PHP Notice:  Undefined index:  in /home/users/karan.negi/www/html/prestashop1761/classes/order/Order.php on line 946
[09-Jan-2020 20:29:59 Asia/Kolkata] PHP Stack trace:
[09-Jan-2020 20:29:59 Asia/Kolkata] PHP   1. {main}() /home/users/karan.negi/www/html/prestashop1761/admin7349hjnt3/index.php:0
[09-Jan-2020 20:29:59 Asia/Kolkata] PHP   2. Dispatcher->dispatch() /home/users/karan.negi/www/html/prestashop1761/admin7349hjnt3/index.php:97
[09-Jan-2020 20:29:59 Asia/Kolkata] PHP   3. AdminCartsController->run() /home/users/karan.negi/www/html/prestashop1761/classes/Dispatcher.php:515
[09-Jan-2020 20:29:59 Asia/Kolkata] PHP   4. AdminCartsController->displayAjaxSearchCarts() /home/users/karan.negi/www/html/prestashop1761/classes/controller/Controller.php:307
[09-Jan-2020 20:29:59 Asia/Kolkata] PHP   5. OrderCore::getCustomerOrders() /home/users/karan.negi/www/html/prestashop1761/controllers/admin/AdminCartsController.php:753
[09-Jan-2020 20:29:59 Asia/Kolkata] PHP Notice:  Undefined index:  in /home/users/karan.negi/www/html/prestashop1761/classes/order/Order.php on line 944
[09-Jan-2020 20:29:59 Asia/Kolkata] PHP Stack trace:
[09-Jan-2020 20:29:59 Asia/Kolkata] PHP   1. {main}() /home/users/karan.negi/www/html/prestashop1761/admin7349hjnt3/index.php:0
[09-Jan-2020 20:29:59 Asia/Kolkata] PHP   2. Dispatcher->dispatch() /home/users/karan.negi/www/html/prestashop1761/admin7349hjnt3/index.php:97
[09-Jan-2020 20:29:59 Asia/Kolkata] PHP   3. AdminCartsController->run() /home/users/karan.negi/www/html/prestashop1761/classes/Dispatcher.php:515
[09-Jan-2020 20:29:59 Asia/Kolkata] PHP   4. AdminCartsController->displayAjaxSearchCarts() /home/users/karan.negi/www/html/prestashop1761/classes/controller/Controller.php:307
[09-Jan-2020 20:29:59 Asia/Kolkata] PHP   5. OrderCore::getCustomerOrders() /home/users/karan.negi/www/html/prestashop1761/controllers/admin/AdminCartsController.php:753
[09-Jan-2020 20:29:59 Asia/Kolkata] PHP Notice:  Undefined index:  in /home/users/karan.negi/www/html/prestashop1761/classes/order/Order.php on line 945
[09-Jan-2020 20:29:59 Asia/Kolkata] PHP Stack trace:
[09-Jan-2020 20:29:59 Asia/Kolkata] PHP   1. {main}() /home/users/karan.negi/www/html/prestashop1761/admin7349hjnt3/index.php:0
[09-Jan-2020 20:29:59 Asia/Kolkata] PHP   2. Dispatcher->dispatch() /home/users/karan.negi/www/html/prestashop1761/admin7349hjnt3/index.php:97
[09-Jan-2020 20:29:59 Asia/Kolkata] PHP   3. AdminCartsController->run() /home/users/karan.negi/www/html/prestashop1761/classes/Dispatcher.php:515
[09-Jan-2020 20:29:59 Asia/Kolkata] PHP   4. AdminCartsController->displayAjaxSearchCarts() /home/users/karan.negi/www/html/prestashop1761/classes/controller/Controller.php:307
[09-Jan-2020 20:29:59 Asia/Kolkata] PHP   5. OrderCore::getCustomerOrders() /home/users/karan.negi/www/html/prestashop1761/controllers/admin/AdminCartsController.php:753
[09-Jan-2020 20:29:59 Asia/Kolkata] PHP Notice:  Undefined index:  in /home/users/karan.negi/www/html/prestashop1761/classes/order/Order.php on line 946
[09-Jan-2020 20:29:59 Asia/Kolkata] PHP Stack trace:
[09-Jan-2020 20:29:59 Asia/Kolkata] PHP   1. {main}() /home/users/karan.negi/www/html/prestashop1761/admin7349hjnt3/index.php:0
[09-Jan-2020 20:29:59 Asia/Kolkata] PHP   2. Dispatcher->dispatch() /home/users/karan.negi/www/html/prestashop1761/admin7349hjnt3/index.php:97
[09-Jan-2020 20:29:59 Asia/Kolkata] PHP   3. AdminCartsController->run() /home/users/karan.negi/www/html/prestashop1761/classes/Dispatcher.php:515
[09-Jan-2020 20:29:59 Asia/Kolkata] PHP   4. AdminCartsController->displayAjaxSearchCarts() /home/users/karan.negi/www/html/prestashop1761/classes/controller/Controller.php:307
[09-Jan-2020 20:29:59 Asia/Kolkata] PHP   5. OrderCore::getCustomerOrders() /home/users/karan.negi/www/html/prestashop1761/controllers/admin/AdminCartsController.php:753
[09-Jan-2020 20:29:59 Asia/Kolkata] PHP Notice:  Undefined index:  in /home/users/karan.negi/www/html/prestashop1761/classes/order/Order.php on line 944
[09-Jan-2020 20:29:59 Asia/Kolkata] PHP Stack trace:
[09-Jan-2020 20:29:59 Asia/Kolkata] PHP   1. {main}() /home/users/karan.negi/www/html/prestashop1761/admin7349hjnt3/index.php:0
[09-Jan-2020 20:29:59 Asia/Kolkata] PHP   2. Dispatcher->dispatch() /home/users/karan.negi/www/html/prestashop1761/admin7349hjnt3/index.php:97
[09-Jan-2020 20:29:59 Asia/Kolkata] PHP   3. AdminCartsController->run() /home/users/karan.negi/www/html/prestashop1761/classes/Dispatcher.php:515
[09-Jan-2020 20:29:59 Asia/Kolkata] PHP   4. AdminCartsController->displayAjaxSearchCarts() /home/users/karan.negi/www/html/prestashop1761/classes/controller/Controller.php:307
[09-Jan-2020 20:29:59 Asia/Kolkata] PHP   5. OrderCore::getCustomerOrders() /home/users/karan.negi/www/html/prestashop1761/controllers/admin/AdminCartsController.php:753
[09-Jan-2020 20:29:59 Asia/Kolkata] PHP Notice:  Undefined index:  in /home/users/karan.negi/www/html/prestashop1761/classes/order/Order.php on line 945
[09-Jan-2020 20:29:59 Asia/Kolkata] PHP Stack trace:
[09-Jan-2020 20:29:59 Asia/Kolkata] PHP   1. {main}() /home/users/karan.negi/www/html/prestashop1761/admin7349hjnt3/index.php:0
[09-Jan-2020 20:29:59 Asia/Kolkata] PHP   2. Dispatcher->dispatch() /home/users/karan.negi/www/html/prestashop1761/admin7349hjnt3/index.php:97
[09-Jan-2020 20:29:59 Asia/Kolkata] PHP   3. AdminCartsController->run() /home/users/karan.negi/www/html/prestashop1761/classes/Dispatcher.php:515
[09-Jan-2020 20:29:59 Asia/Kolkata] PHP   4. AdminCartsController->displayAjaxSearchCarts() /home/users/karan.negi/www/html/prestashop1761/classes/controller/Controller.php:307
[09-Jan-2020 20:29:59 Asia/Kolkata] PHP   5. OrderCore::getCustomerOrders() /home/users/karan.negi/www/html/prestashop1761/controllers/admin/AdminCartsController.php:753
[09-Jan-2020 20:29:59 Asia/Kolkata] PHP Notice:  Undefined index:  in /home/users/karan.negi/www/html/prestashop1761/classes/order/Order.php on line 946
[09-Jan-2020 20:29:59 Asia/Kolkata] PHP Stack trace:
[09-Jan-2020 20:29:59 Asia/Kolkata] PHP   1. {main}() /home/users/karan.negi/www/html/prestashop1761/admin7349hjnt3/index.php:0
[09-Jan-2020 20:29:59 Asia/Kolkata] PHP   2. Dispatcher->dispatch() /home/users/karan.negi/www/html/prestashop1761/admin7349hjnt3/index.php:97
[09-Jan-2020 20:29:59 Asia/Kolkata] PHP   3. AdminCartsController->run() /home/users/karan.negi/www/html/prestashop1761/classes/Dispatcher.php:515
[09-Jan-2020 20:29:59 Asia/Kolkata] PHP   4. AdminCartsController->displayAjaxSearchCarts() /home/users/karan.negi/www/html/prestashop1761/classes/controller/Controller.php:307
[09-Jan-2020 20:29:59 Asia/Kolkata] PHP   5. OrderCore::getCustomerOrders() /home/users/karan.negi/www/html/prestashop1761/controllers/admin/AdminCartsController.php:753
[09-Jan-2020 20:29:59 Asia/Kolkata] PHP Notice:  Undefined index:  in /home/users/karan.negi/www/html/prestashop1761/classes/order/Order.php on line 944
[09-Jan-2020 20:29:59 Asia/Kolkata] PHP Stack trace:
[09-Jan-2020 20:29:59 Asia/Kolkata] PHP   1. {main}() /home/users/karan.negi/www/html/prestashop1761/admin7349hjnt3/index.php:0
[09-Jan-2020 20:29:59 Asia/Kolkata] PHP   2. Dispatcher->dispatch() /home/users/karan.negi/www/html/prestashop1761/admin7349hjnt3/index.php:97
[09-Jan-2020 20:29:59 Asia/Kolkata] PHP   3. AdminCartsController->run() /home/users/karan.negi/www/html/prestashop1761/classes/Dispatcher.php:515
[09-Jan-2020 20:29:59 Asia/Kolkata] PHP   4. AdminCartsController->displayAjaxSearchCarts() /home/users/karan.negi/www/html/prestashop1761/classes/controller/Controller.php:307
[09-Jan-2020 20:29:59 Asia/Kolkata] PHP   5. OrderCore::getCustomerOrders() /home/users/karan.negi/www/html/prestashop1761/controllers/admin/AdminCartsController.php:753
[09-Jan-2020 20:29:59 Asia/Kolkata] PHP Notice:  Undefined index:  in /home/users/karan.negi/www/html/prestashop1761/classes/order/Order.php on line 945
[09-Jan-2020 20:29:59 Asia/Kolkata] PHP Stack trace:
[09-Jan-2020 20:29:59 Asia/Kolkata] PHP   1. {main}() /home/users/karan.negi/www/html/prestashop1761/admin7349hjnt3/index.php:0
[09-Jan-2020 20:29:59 Asia/Kolkata] PHP   2. Dispatcher->dispatch() /home/users/karan.negi/www/html/prestashop1761/admin7349hjnt3/index.php:97
[09-Jan-2020 20:29:59 Asia/Kolkata] PHP   3. AdminCartsController->run() /home/users/karan.negi/www/html/prestashop1761/classes/Dispatcher.php:515
[09-Jan-2020 20:29:59 Asia/Kolkata] PHP   4. AdminCartsController->displayAjaxSearchCarts() /home/users/karan.negi/www/html/prestashop1761/classes/controller/Controller.php:307
[09-Jan-2020 20:29:59 Asia/Kolkata] PHP   5. OrderCore::getCustomerOrders() /home/users/karan.negi/www/html/prestashop1761/controllers/admin/AdminCartsController.php:753
[09-Jan-2020 20:29:59 Asia/Kolkata] PHP Notice:  Undefined index:  in /home/users/karan.negi/www/html/prestashop1761/classes/order/Order.php on line 946
[09-Jan-2020 20:29:59 Asia/Kolkata] PHP Stack trace:
[09-Jan-2020 20:29:59 Asia/Kolkata] PHP   1. {main}() /home/users/karan.negi/www/html/prestashop1761/admin7349hjnt3/index.php:0
[09-Jan-2020 20:29:59 Asia/Kolkata] PHP   2. Dispatcher->dispatch() /home/users/karan.negi/www/html/prestashop1761/admin7349hjnt3/index.php:97
[09-Jan-2020 20:29:59 Asia/Kolkata] PHP   3. AdminCartsController->run() /home/users/karan.negi/www/html/prestashop1761/classes/Dispatcher.php:515
[09-Jan-2020 20:29:59 Asia/Kolkata] PHP   4. AdminCartsController->displayAjaxSearchCarts() /home/users/karan.negi/www/html/prestashop1761/classes/controller/Controller.php:307
[09-Jan-2020 20:29:59 Asia/Kolkata] PHP   5. OrderCore::getCustomerOrders() /home/users/karan.negi/www/html/prestashop1761/controllers/admin/AdminCartsController.php:753
[09-Jan-2020 20:29:59 Asia/Kolkata] PHP Notice:  Undefined index:  in /home/users/karan.negi/www/html/prestashop1761/classes/order/Order.php on line 944
[09-Jan-2020 20:29:59 Asia/Kolkata] PHP Stack trace:
[09-Jan-2020 20:29:59 Asia/Kolkata] PHP   1. {main}() /home/users/karan.negi/www/html/prestashop1761/admin7349hjnt3/index.php:0
[09-Jan-2020 20:29:59 Asia/Kolkata] PHP   2. Dispatcher->dispatch() /home/users/karan.negi/www/html/prestashop1761/admin7349hjnt3/index.php:97
[09-Jan-2020 20:29:59 Asia/Kolkata] PHP   3. AdminCartsController->run() /home/users/karan.negi/www/html/prestashop1761/classes/Dispatcher.php:515
[09-Jan-2020 20:29:59 Asia/Kolkata] PHP   4. AdminCartsController->displayAjaxSearchCarts() /home/users/karan.negi/www/html/prestashop1761/classes/controller/Controller.php:307
[09-Jan-2020 20:29:59 Asia/Kolkata] PHP   5. OrderCore::getCustomerOrders() /home/users/karan.negi/www/html/prestashop1761/controllers/admin/AdminCartsController.php:753
[09-Jan-2020 20:29:59 Asia/Kolkata] PHP Notice:  Undefined index:  in /home/users/karan.negi/www/html/prestashop1761/classes/order/Order.php on line 945
[09-Jan-2020 20:29:59 Asia/Kolkata] PHP Stack trace:
[09-Jan-2020 20:29:59 Asia/Kolkata] PHP   1. {main}() /home/users/karan.negi/www/html/prestashop1761/admin7349hjnt3/index.php:0
[09-Jan-2020 20:29:59 Asia/Kolkata] PHP   2. Dispatcher->dispatch() /home/users/karan.negi/www/html/prestashop1761/admin7349hjnt3/index.php:97
[09-Jan-2020 20:29:59 Asia/Kolkata] PHP   3. AdminCartsController->run() /home/users/karan.negi/www/html/prestashop1761/classes/Dispatcher.php:515
[09-Jan-2020 20:29:59 Asia/Kolkata] PHP   4. AdminCartsController->displayAjaxSearchCarts() /home/users/karan.negi/www/html/prestashop1761/classes/controller/Controller.php:307
[09-Jan-2020 20:29:59 Asia/Kolkata] PHP   5. OrderCore::getCustomerOrders() /home/users/karan.negi/www/html/prestashop1761/controllers/admin/AdminCartsController.php:753
[09-Jan-2020 20:29:59 Asia/Kolkata] PHP Notice:  Undefined index:  in /home/users/karan.negi/www/html/prestashop1761/classes/order/Order.php on line 946
[09-Jan-2020 20:29:59 Asia/Kolkata] PHP Stack trace:
[09-Jan-2020 20:29:59 Asia/Kolkata] PHP   1. {main}() /home/users/karan.negi/www/html/prestashop1761/admin7349hjnt3/index.php:0
[09-Jan-2020 20:29:59 Asia/Kolkata] PHP   2. Dispatcher->dispatch() /home/users/karan.negi/www/html/prestashop1761/admin7349hjnt3/index.php:97
[09-Jan-2020 20:29:59 Asia/Kolkata] PHP   3. AdminCartsController->run() /home/users/karan.negi/www/html/prestashop1761/classes/Dispatcher.php:515
[09-Jan-2020 20:29:59 Asia/Kolkata] PHP   4. AdminCartsController->displayAjaxSearchCarts() /home/users/karan.negi/www/html/prestashop1761/classes/controller/Controller.php:307
[09-Jan-2020 20:29:59 Asia/Kolkata] PHP   5. OrderCore::getCustomerOrders() /home/users/karan.negi/www/html/prestashop1761/controllers/admin/AdminCartsController.php:753
[09-Jan-2020 20:29:59 Asia/Kolkata] PHP Notice:  Undefined index:  in /home/users/karan.negi/www/html/prestashop1761/classes/order/Order.php on line 944
[09-Jan-2020 20:29:59 Asia/Kolkata] PHP Stack trace:
[09-Jan-2020 20:29:59 Asia/Kolkata] PHP   1. {main}() /home/users/karan.negi/www/html/prestashop1761/admin7349hjnt3/index.php:0
[09-Jan-2020 20:29:59 Asia/Kolkata] PHP   2. Dispatcher->dispatch() /home/users/karan.negi/www/html/prestashop1761/admin7349hjnt3/index.php:97
[09-Jan-2020 20:29:59 Asia/Kolkata] PHP   3. AdminCartsController->run() /home/users/karan.negi/www/html/prestashop1761/classes/Dispatcher.php:515
[09-Jan-2020 20:29:59 Asia/Kolkata] PHP   4. AdminCartsController->displayAjaxSearchCarts() /home/users/karan.negi/www/html/prestashop1761/classes/controller/Controller.php:307
[09-Jan-2020 20:29:59 Asia/Kolkata] PHP   5. OrderCore::getCustomerOrders() /home/users/karan.negi/www/html/prestashop1761/controllers/admin/AdminCartsController.php:753
[09-Jan-2020 20:29:59 Asia/Kolkata] PHP Notice:  Undefined index:  in /home/users/karan.negi/www/html/prestashop1761/classes/order/Order.php on line 945
[09-Jan-2020 20:29:59 Asia/Kolkata] PHP Stack trace:
[09-Jan-2020 20:29:59 Asia/Kolkata] PHP   1. {main}() /home/users/karan.negi/www/html/prestashop1761/admin7349hjnt3/index.php:0
[09-Jan-2020 20:29:59 Asia/Kolkata] PHP   2. Dispatcher->dispatch() /home/users/karan.negi/www/html/prestashop1761/admin7349hjnt3/index.php:97
[09-Jan-2020 20:29:59 Asia/Kolkata] PHP   3. AdminCartsController->run() /home/users/karan.negi/www/html/prestashop1761/classes/Dispatcher.php:515
[09-Jan-2020 20:29:59 Asia/Kolkata] PHP   4. AdminCartsController->displayAjaxSearchCarts() /home/users/karan.negi/www/html/prestashop1761/classes/controller/Controller.php:307
[09-Jan-2020 20:29:59 Asia/Kolkata] PHP   5. OrderCore::getCustomerOrders() /home/users/karan.negi/www/html/prestashop1761/controllers/admin/AdminCartsController.php:753
[09-Jan-2020 20:29:59 Asia/Kolkata] PHP Notice:  Undefined index:  in /home/users/karan.negi/www/html/prestashop1761/classes/order/Order.php on line 946
[09-Jan-2020 20:29:59 Asia/Kolkata] PHP Stack trace:
[09-Jan-2020 20:29:59 Asia/Kolkata] PHP   1. {main}() /home/users/karan.negi/www/html/prestashop1761/admin7349hjnt3/index.php:0
[09-Jan-2020 20:29:59 Asia/Kolkata] PHP   2. Dispatcher->dispatch() /home/users/karan.negi/www/html/prestashop1761/admin7349hjnt3/index.php:97
[09-Jan-2020 20:29:59 Asia/Kolkata] PHP   3. AdminCartsController->run() /home/users/karan.negi/www/html/prestashop1761/classes/Dispatcher.php:515
[09-Jan-2020 20:29:59 Asia/Kolkata] PHP   4. AdminCartsController->displayAjaxSearchCarts() /home/users/karan.negi/www/html/prestashop1761/classes/controller/Controller.php:307
[09-Jan-2020 20:29:59 Asia/Kolkata] PHP   5. OrderCore::getCustomerOrders() /home/users/karan.negi/www/html/prestashop1761/controllers/admin/AdminCartsController.php:753
[09-Jan-2020 20:29:59 Asia/Kolkata] PHP Notice:  Undefined index:  in /home/users/karan.negi/www/html/prestashop1761/classes/order/Order.php on line 944
[09-Jan-2020 20:29:59 Asia/Kolkata] PHP Stack trace:
[09-Jan-2020 20:29:59 Asia/Kolkata] PHP   1. {main}() /home/users/karan.negi/www/html/prestashop1761/admin7349hjnt3/index.php:0
[09-Jan-2020 20:29:59 Asia/Kolkata] PHP   2. Dispatcher->dispatch() /home/users/karan.negi/www/html/prestashop1761/admin7349hjnt3/index.php:97
[09-Jan-2020 20:29:59 Asia/Kolkata] PHP   3. AdminCartsController->run() /home/users/karan.negi/www/html/prestashop1761/classes/Dispatcher.php:515
[09-Jan-2020 20:29:59 Asia/Kolkata] PHP   4. AdminCartsController->displayAjaxSearchCarts() /home/users/karan.negi/www/html/prestashop1761/classes/controller/Controller.php:307
[09-Jan-2020 20:29:59 Asia/Kolkata] PHP   5. OrderCore::getCustomerOrders() /home/users/karan.negi/www/html/prestashop1761/controllers/admin/AdminCartsController.php:753
[09-Jan-2020 20:29:59 Asia/Kolkata] PHP Notice:  Undefined index:  in /home/users/karan.negi/www/html/prestashop1761/classes/order/Order.php on line 945
[09-Jan-2020 20:29:59 Asia/Kolkata] PHP Stack trace:
[09-Jan-2020 20:29:59 Asia/Kolkata] PHP   1. {main}() /home/users/karan.negi/www/html/prestashop1761/admin7349hjnt3/index.php:0
[09-Jan-2020 20:29:59 Asia/Kolkata] PHP   2. Dispatcher->dispatch() /home/users/karan.negi/www/html/prestashop1761/admin7349hjnt3/index.php:97
[09-Jan-2020 20:29:59 Asia/Kolkata] PHP   3. AdminCartsController->run() /home/users/karan.negi/www/html/prestashop1761/classes/Dispatcher.php:515
[09-Jan-2020 20:29:59 Asia/Kolkata] PHP   4. AdminCartsController->displayAjaxSearchCarts() /home/users/karan.negi/www/html/prestashop1761/classes/controller/Controller.php:307
[09-Jan-2020 20:29:59 Asia/Kolkata] PHP   5. OrderCore::getCustomerOrders() /home/users/karan.negi/www/html/prestashop1761/controllers/admin/AdminCartsController.php:753
[09-Jan-2020 20:29:59 Asia/Kolkata] PHP Notice:  Undefined index:  in /home/users/karan.negi/www/html/prestashop1761/classes/order/Order.php on line 946
[09-Jan-2020 20:29:59 Asia/Kolkata] PHP Stack trace:
[09-Jan-2020 20:29:59 Asia/Kolkata] PHP   1. {main}() /home/users/karan.negi/www/html/prestashop1761/admin7349hjnt3/index.php:0
[09-Jan-2020 20:29:59 Asia/Kolkata] PHP   2. Dispatcher->dispatch() /home/users/karan.negi/www/html/prestashop1761/admin7349hjnt3/index.php:97
[09-Jan-2020 20:29:59 Asia/Kolkata] PHP   3. AdminCartsController->run() /home/users/karan.negi/www/html/prestashop1761/classes/Dispatcher.php:515
[09-Jan-2020 20:29:59 Asia/Kolkata] PHP   4. AdminCartsController->displayAjaxSearchCarts() /home/users/karan.negi/www/html/prestashop1761/classes/controller/Controller.php:307
[09-Jan-2020 20:29:59 Asia/Kolkata] PHP   5. OrderCore::getCustomerOrders() /home/users/karan.negi/www/html/prestashop1761/controllers/admin/AdminCartsController.php:753
[09-Jan-2020 20:29:59 Asia/Kolkata] PHP Notice:  Undefined index:  in /home/users/karan.negi/www/html/prestashop1761/classes/order/Order.php on line 944
[09-Jan-2020 20:29:59 Asia/Kolkata] PHP Stack trace:
[09-Jan-2020 20:29:59 Asia/Kolkata] PHP   1. {main}() /home/users/karan.negi/www/html/prestashop1761/admin7349hjnt3/index.php:0
[09-Jan-2020 20:29:59 Asia/Kolkata] PHP   2. Dispatcher->dispatch() /home/users/karan.negi/www/html/prestashop1761/admin7349hjnt3/index.php:97
[09-Jan-2020 20:29:59 Asia/Kolkata] PHP   3. AdminCartsController->run() /home/users/karan.negi/www/html/prestashop1761/classes/Dispatcher.php:515
[09-Jan-2020 20:29:59 Asia/Kolkata] PHP   4. AdminCartsController->displayAjaxSearchCarts() /home/users/karan.negi/www/html/prestashop1761/classes/controller/Controller.php:307
[09-Jan-2020 20:29:59 Asia/Kolkata] PHP   5. OrderCore::getCustomerOrders() /home/users/karan.negi/www/html/prestashop1761/controllers/admin/AdminCartsController.php:753
[09-Jan-2020 20:29:59 Asia/Kolkata] PHP Notice:  Undefined index:  in /home/users/karan.negi/www/html/prestashop1761/classes/order/Order.php on line 945
[09-Jan-2020 20:29:59 Asia/Kolkata] PHP Stack trace:
[09-Jan-2020 20:29:59 Asia/Kolkata] PHP   1. {main}() /home/users/karan.negi/www/html/prestashop1761/admin7349hjnt3/index.php:0
[09-Jan-2020 20:29:59 Asia/Kolkata] PHP   2. Dispatcher->dispatch() /home/users/karan.negi/www/html/prestashop1761/admin7349hjnt3/index.php:97
[09-Jan-2020 20:29:59 Asia/Kolkata] PHP   3. AdminCartsController->run() /home/users/karan.negi/www/html/prestashop1761/classes/Dispatcher.php:515
[09-Jan-2020 20:29:59 Asia/Kolkata] PHP   4. AdminCartsController->displayAjaxSearchCarts() /home/users/karan.negi/www/html/prestashop1761/classes/controller/Controller.php:307
[09-Jan-2020 20:29:59 Asia/Kolkata] PHP   5. OrderCore::getCustomerOrders() /home/users/karan.negi/www/html/prestashop1761/controllers/admin/AdminCartsController.php:753
[09-Jan-2020 20:29:59 Asia/Kolkata] PHP Notice:  Undefined index:  in /home/users/karan.negi/www/html/prestashop1761/classes/order/Order.php on line 946
[09-Jan-2020 20:29:59 Asia/Kolkata] PHP Stack trace:
[09-Jan-2020 20:29:59 Asia/Kolkata] PHP   1. {main}() /home/users/karan.negi/www/html/prestashop1761/admin7349hjnt3/index.php:0
[09-Jan-2020 20:29:59 Asia/Kolkata] PHP   2. Dispatcher->dispatch() /home/users/karan.negi/www/html/prestashop1761/admin7349hjnt3/index.php:97
[09-Jan-2020 20:29:59 Asia/Kolkata] PHP   3. AdminCartsController->run() /home/users/karan.negi/www/html/prestashop1761/classes/Dispatcher.php:515
[09-Jan-2020 20:29:59 Asia/Kolkata] PHP   4. AdminCartsController->displayAjaxSearchCarts() /home/users/karan.negi/www/html/prestashop1761/classes/controller/Controller.php:307
[09-Jan-2020 20:29:59 Asia/Kolkata] PHP   5. OrderCore::getCustomerOrders() /home/users/karan.negi/www/html/prestashop1761/controllers/admin/AdminCartsController.php:753
[09-Jan-2020 20:29:59 Asia/Kolkata] PHP Notice:  Undefined index:  in /home/users/karan.negi/www/html/prestashop1761/classes/order/Order.php on line 944
[09-Jan-2020 20:29:59 Asia/Kolkata] PHP Stack trace:
[09-Jan-2020 20:29:59 Asia/Kolkata] PHP   1. {main}() /home/users/karan.negi/www/html/prestashop1761/admin7349hjnt3/index.php:0
[09-Jan-2020 20:29:59 Asia/Kolkata] PHP   2. Dispatcher->dispatch() /home/users/karan.negi/www/html/prestashop1761/admin7349hjnt3/index.php:97
[09-Jan-2020 20:29:59 Asia/Kolkata] PHP   3. AdminCartsController->run() /home/users/karan.negi/www/html/prestashop1761/classes/Dispatcher.php:515
[09-Jan-2020 20:29:59 Asia/Kolkata] PHP   4. AdminCartsController->displayAjaxSearchCarts() /home/users/karan.negi/www/html/prestashop1761/classes/controller/Controller.php:307
[09-Jan-2020 20:29:59 Asia/Kolkata] PHP   5. OrderCore::getCustomerOrders() /home/users/karan.negi/www/html/prestashop1761/controllers/admin/AdminCartsController.php:753
[09-Jan-2020 20:29:59 Asia/Kolkata] PHP Notice:  Undefined index:  in /home/users/karan.negi/www/html/prestashop1761/classes/order/Order.php on line 945
[09-Jan-2020 20:29:59 Asia/Kolkata] PHP Stack trace:
[09-Jan-2020 20:29:59 Asia/Kolkata] PHP   1. {main}() /home/users/karan.negi/www/html/prestashop1761/admin7349hjnt3/index.php:0
[09-Jan-2020 20:29:59 Asia/Kolkata] PHP   2. Dispatcher->dispatch() /home/users/karan.negi/www/html/prestashop1761/admin7349hjnt3/index.php:97
[09-Jan-2020 20:29:59 Asia/Kolkata] PHP   3. AdminCartsController->run() /home/users/karan.negi/www/html/prestashop1761/classes/Dispatcher.php:515
[09-Jan-2020 20:29:59 Asia/Kolkata] PHP   4. AdminCartsController->displayAjaxSearchCarts() /home/users/karan.negi/www/html/prestashop1761/classes/controller/Controller.php:307
[09-Jan-2020 20:29:59 Asia/Kolkata] PHP   5. OrderCore::getCustomerOrders() /home/users/karan.negi/www/html/prestashop1761/controllers/admin/AdminCartsController.php:753
[09-Jan-2020 20:29:59 Asia/Kolkata] PHP Notice:  Undefined index:  in /home/users/karan.negi/www/html/prestashop1761/classes/order/Order.php on line 946
[09-Jan-2020 20:29:59 Asia/Kolkata] PHP Stack trace:
[09-Jan-2020 20:29:59 Asia/Kolkata] PHP   1. {main}() /home/users/karan.negi/www/html/prestashop1761/admin7349hjnt3/index.php:0
[09-Jan-2020 20:29:59 Asia/Kolkata] PHP   2. Dispatcher->dispatch() /home/users/karan.negi/www/html/prestashop1761/admin7349hjnt3/index.php:97
[09-Jan-2020 20:29:59 Asia/Kolkata] PHP   3. AdminCartsController->run() /home/users/karan.negi/www/html/prestashop1761/classes/Dispatcher.php:515
[09-Jan-2020 20:29:59 Asia/Kolkata] PHP   4. AdminCartsController->displayAjaxSearchCarts() /home/users/karan.negi/www/html/prestashop1761/classes/controller/Controller.php:307
[09-Jan-2020 20:29:59 Asia/Kolkata] PHP   5. OrderCore::getCustomerOrders() /home/users/karan.negi/www/html/prestashop1761/controllers/admin/AdminCartsController.php:753
[09-Jan-2020 20:29:59 Asia/Kolkata] PHP Notice:  Undefined index:  in /home/users/karan.negi/www/html/prestashop1761/classes/order/Order.php on line 944
[09-Jan-2020 20:29:59 Asia/Kolkata] PHP Stack trace:
[09-Jan-2020 20:29:59 Asia/Kolkata] PHP   1. {main}() /home/users/karan.negi/www/html/prestashop1761/admin7349hjnt3/index.php:0
[09-Jan-2020 20:29:59 Asia/Kolkata] PHP   2. Dispatcher->dispatch() /home/users/karan.negi/www/html/prestashop1761/admin7349hjnt3/index.php:97
[09-Jan-2020 20:29:59 Asia/Kolkata] PHP   3. AdminCartsController->run() /home/users/karan.negi/www/html/prestashop1761/classes/Dispatcher.php:515
[09-Jan-2020 20:29:59 Asia/Kolkata] PHP   4. AdminCartsController->displayAjaxSearchCarts() /home/users/karan.negi/www/html/prestashop1761/classes/controller/Controller.php:307
[09-Jan-2020 20:29:59 Asia/Kolkata] PHP   5. OrderCore::getCustomerOrders() /home/users/karan.negi/www/html/prestashop1761/controllers/admin/AdminCartsController.php:753
[09-Jan-2020 20:29:59 Asia/Kolkata] PHP Notice:  Undefined index:  in /home/users/karan.negi/www/html/prestashop1761/classes/order/Order.php on line 945
[09-Jan-2020 20:29:59 Asia/Kolkata] PHP Stack trace:
[09-Jan-2020 20:29:59 Asia/Kolkata] PHP   1. {main}() /home/users/karan.negi/www/html/prestashop1761/admin7349hjnt3/index.php:0
[09-Jan-2020 20:29:59 Asia/Kolkata] PHP   2. Dispatcher->dispatch() /home/users/karan.negi/www/html/prestashop1761/admin7349hjnt3/index.php:97
[09-Jan-2020 20:29:59 Asia/Kolkata] PHP   3. AdminCartsController->run() /home/users/karan.negi/www/html/prestashop1761/classes/Dispatcher.php:515
[09-Jan-2020 20:29:59 Asia/Kolkata] PHP   4. AdminCartsController->displayAjaxSearchCarts() /home/users/karan.negi/www/html/prestashop1761/classes/controller/Controller.php:307
[09-Jan-2020 20:29:59 Asia/Kolkata] PHP   5. OrderCore::getCustomerOrders() /home/users/karan.negi/www/html/prestashop1761/controllers/admin/AdminCartsController.php:753
[09-Jan-2020 20:29:59 Asia/Kolkata] PHP Notice:  Undefined index:  in /home/users/karan.negi/www/html/prestashop1761/classes/order/Order.php on line 946
[09-Jan-2020 20:29:59 Asia/Kolkata] PHP Stack trace:
[09-Jan-2020 20:29:59 Asia/Kolkata] PHP   1. {main}() /home/users/karan.negi/www/html/prestashop1761/admin7349hjnt3/index.php:0
[09-Jan-2020 20:29:59 Asia/Kolkata] PHP   2. Dispatcher->dispatch() /home/users/karan.negi/www/html/prestashop1761/admin7349hjnt3/index.php:97
[09-Jan-2020 20:29:59 Asia/Kolkata] PHP   3. AdminCartsController->run() /home/users/karan.negi/www/html/prestashop1761/classes/Dispatcher.php:515
[09-Jan-2020 20:29:59 Asia/Kolkata] PHP   4. AdminCartsController->displayAjaxSearchCarts() /home/users/karan.negi/www/html/prestashop1761/classes/controller/Controller.php:307
[09-Jan-2020 20:29:59 Asia/Kolkata] PHP   5. OrderCore::getCustomerOrders() /home/users/karan.negi/www/html/prestashop1761/controllers/admin/AdminCartsController.php:753
[09-Jan-2020 20:29:59 Asia/Kolkata] PHP Notice:  Undefined index:  in /home/users/karan.negi/www/html/prestashop1761/classes/order/Order.php on line 944
[09-Jan-2020 20:29:59 Asia/Kolkata] PHP Stack trace:
[09-Jan-2020 20:29:59 Asia/Kolkata] PHP   1. {main}() /home/users/karan.negi/www/html/prestashop1761/admin7349hjnt3/index.php:0
[09-Jan-2020 20:29:59 Asia/Kolkata] PHP   2. Dispatcher->dispatch() /home/users/karan.negi/www/html/prestashop1761/admin7349hjnt3/index.php:97
[09-Jan-2020 20:29:59 Asia/Kolkata] PHP   3. AdminCartsController->run() /home/users/karan.negi/www/html/prestashop1761/classes/Dispatcher.php:515
[09-Jan-2020 20:29:59 Asia/Kolkata] PHP   4. AdminCartsController->displayAjaxSearchCarts() /home/users/karan.negi/www/html/prestashop1761/classes/controller/Controller.php:307
[09-Jan-2020 20:29:59 Asia/Kolkata] PHP   5. OrderCore::getCustomerOrders() /home/users/karan.negi/www/html/prestashop1761/controllers/admin/AdminCartsController.php:753
[09-Jan-2020 20:29:59 Asia/Kolkata] PHP Notice:  Undefined index:  in /home/users/karan.negi/www/html/prestashop1761/classes/order/Order.php on line 945
[09-Jan-2020 20:29:59 Asia/Kolkata] PHP Stack trace:
[09-Jan-2020 20:29:59 Asia/Kolkata] PHP   1. {main}() /home/users/karan.negi/www/html/prestashop1761/admin7349hjnt3/index.php:0
[09-Jan-2020 20:29:59 Asia/Kolkata] PHP   2. Dispatcher->dispatch() /home/users/karan.negi/www/html/prestashop1761/admin7349hjnt3/index.php:97
[09-Jan-2020 20:29:59 Asia/Kolkata] PHP   3. AdminCartsController->run() /home/users/karan.negi/www/html/prestashop1761/classes/Dispatcher.php:515
[09-Jan-2020 20:29:59 Asia/Kolkata] PHP   4. AdminCartsController->displayAjaxSearchCarts() /home/users/karan.negi/www/html/prestashop1761/classes/controller/Controller.php:307
[09-Jan-2020 20:29:59 Asia/Kolkata] PHP   5. OrderCore::getCustomerOrders() /home/users/karan.negi/www/html/prestashop1761/controllers/admin/AdminCartsController.php:753
[09-Jan-2020 20:29:59 Asia/Kolkata] PHP Notice:  Undefined index:  in /home/users/karan.negi/www/html/prestashop1761/classes/order/Order.php on line 946
[09-Jan-2020 20:29:59 Asia/Kolkata] PHP Stack trace:
[09-Jan-2020 20:29:59 Asia/Kolkata] PHP   1. {main}() /home/users/karan.negi/www/html/prestashop1761/admin7349hjnt3/index.php:0
[09-Jan-2020 20:29:59 Asia/Kolkata] PHP   2. Dispatcher->dispatch() /home/users/karan.negi/www/html/prestashop1761/admin7349hjnt3/index.php:97
[09-Jan-2020 20:29:59 Asia/Kolkata] PHP   3. AdminCartsController->run() /home/users/karan.negi/www/html/prestashop1761/classes/Dispatcher.php:515
[09-Jan-2020 20:29:59 Asia/Kolkata] PHP   4. AdminCartsController->displayAjaxSearchCarts() /home/users/karan.negi/www/html/prestashop1761/classes/controller/Controller.php:307
[09-Jan-2020 20:29:59 Asia/Kolkata] PHP   5. OrderCore::getCustomerOrders() /home/users/karan.negi/www/html/prestashop1761/controllers/admin/AdminCartsController.php:753
[09-Jan-2020 20:29:59 Asia/Kolkata] PHP Notice:  Undefined index:  in /home/users/karan.negi/www/html/prestashop1761/classes/order/Order.php on line 944
[09-Jan-2020 20:29:59 Asia/Kolkata] PHP Stack trace:
[09-Jan-2020 20:29:59 Asia/Kolkata] PHP   1. {main}() /home/users/karan.negi/www/html/prestashop1761/admin7349hjnt3/index.php:0
[09-Jan-2020 20:29:59 Asia/Kolkata] PHP   2. Dispatcher->dispatch() /home/users/karan.negi/www/html/prestashop1761/admin7349hjnt3/index.php:97
[09-Jan-2020 20:29:59 Asia/Kolkata] PHP   3. AdminCartsController->run() /home/users/karan.negi/www/html/prestashop1761/classes/Dispatcher.php:515
[09-Jan-2020 20:29:59 Asia/Kolkata] PHP   4. AdminCartsController->displayAjaxSearchCarts() /home/users/karan.negi/www/html/prestashop1761/classes/controller/Controller.php:307
[09-Jan-2020 20:29:59 Asia/Kolkata] PHP   5. OrderCore::getCustomerOrders() /home/users/karan.negi/www/html/prestashop1761/controllers/admin/AdminCartsController.php:753
[09-Jan-2020 20:29:59 Asia/Kolkata] PHP Notice:  Undefined index:  in /home/users/karan.negi/www/html/prestashop1761/classes/order/Order.php on line 945
[09-Jan-2020 20:29:59 Asia/Kolkata] PHP Stack trace:
[09-Jan-2020 20:29:59 Asia/Kolkata] PHP   1. {main}() /home/users/karan.negi/www/html/prestashop1761/admin7349hjnt3/index.php:0
[09-Jan-2020 20:29:59 Asia/Kolkata] PHP   2. Dispatcher->dispatch() /home/users/karan.negi/www/html/prestashop1761/admin7349hjnt3/index.php:97
[09-Jan-2020 20:29:59 Asia/Kolkata] PHP   3. AdminCartsController->run() /home/users/karan.negi/www/html/prestashop1761/classes/Dispatcher.php:515
[09-Jan-2020 20:29:59 Asia/Kolkata] PHP   4. AdminCartsController->displayAjaxSearchCarts() /home/users/karan.negi/www/html/prestashop1761/classes/controller/Controller.php:307
[09-Jan-2020 20:29:59 Asia/Kolkata] PHP   5. OrderCore::getCustomerOrders() /home/users/karan.negi/www/html/prestashop1761/controllers/admin/AdminCartsController.php:753
[09-Jan-2020 20:29:59 Asia/Kolkata] PHP Notice:  Undefined index:  in /home/users/karan.negi/www/html/prestashop1761/classes/order/Order.php on line 946
[09-Jan-2020 20:29:59 Asia/Kolkata] PHP Stack trace:
[09-Jan-2020 20:29:59 Asia/Kolkata] PHP   1. {main}() /home/users/karan.negi/www/html/prestashop1761/admin7349hjnt3/index.php:0
[09-Jan-2020 20:29:59 Asia/Kolkata] PHP   2. Dispatcher->dispatch() /home/users/karan.negi/www/html/prestashop1761/admin7349hjnt3/index.php:97
[09-Jan-2020 20:29:59 Asia/Kolkata] PHP   3. AdminCartsController->run() /home/users/karan.negi/www/html/prestashop1761/classes/Dispatcher.php:515
[09-Jan-2020 20:29:59 Asia/Kolkata] PHP   4. AdminCartsController->displayAjaxSearchCarts() /home/users/karan.negi/www/html/prestashop1761/classes/controller/Controller.php:307
[09-Jan-2020 20:29:59 Asia/Kolkata] PHP   5. OrderCore::getCustomerOrders() /home/users/karan.negi/www/html/prestashop1761/controllers/admin/AdminCartsController.php:753
[09-Jan-2020 20:29:59 Asia/Kolkata] PHP Notice:  Undefined index:  in /home/users/karan.negi/www/html/prestashop1761/classes/order/Order.php on line 944
[09-Jan-2020 20:29:59 Asia/Kolkata] PHP Stack trace:
[09-Jan-2020 20:29:59 Asia/Kolkata] PHP   1. {main}() /home/users/karan.negi/www/html/prestashop1761/admin7349hjnt3/index.php:0
[09-Jan-2020 20:29:59 Asia/Kolkata] PHP   2. Dispatcher->dispatch() /home/users/karan.negi/www/html/prestashop1761/admin7349hjnt3/index.php:97
[09-Jan-2020 20:29:59 Asia/Kolkata] PHP   3. AdminCartsController->run() /home/users/karan.negi/www/html/prestashop1761/classes/Dispatcher.php:515
[09-Jan-2020 20:29:59 Asia/Kolkata] PHP   4. AdminCartsController->displayAjaxSearchCarts() /home/users/karan.negi/www/html/prestashop1761/classes/controller/Controller.php:307
[09-Jan-2020 20:29:59 Asia/Kolkata] PHP   5. OrderCore::getCustomerOrders() /home/users/karan.negi/www/html/prestashop1761/controllers/admin/AdminCartsController.php:753
[09-Jan-2020 20:29:59 Asia/Kolkata] PHP Notice:  Undefined index:  in /home/users/karan.negi/www/html/prestashop1761/classes/order/Order.php on line 945
[09-Jan-2020 20:29:59 Asia/Kolkata] PHP Stack trace:
[09-Jan-2020 20:29:59 Asia/Kolkata] PHP   1. {main}() /home/users/karan.negi/www/html/prestashop1761/admin7349hjnt3/index.php:0
[09-Jan-2020 20:29:59 Asia/Kolkata] PHP   2. Dispatcher->dispatch() /home/users/karan.negi/www/html/prestashop1761/admin7349hjnt3/index.php:97
[09-Jan-2020 20:29:59 Asia/Kolkata] PHP   3. AdminCartsController->run() /home/users/karan.negi/www/html/prestashop1761/classes/Dispatcher.php:515
[09-Jan-2020 20:29:59 Asia/Kolkata] PHP   4. AdminCartsController->displayAjaxSearchCarts() /home/users/karan.negi/www/html/prestashop1761/classes/controller/Controller.php:307
[09-Jan-2020 20:29:59 Asia/Kolkata] PHP   5. OrderCore::getCustomerOrders() /home/users/karan.negi/www/html/prestashop1761/controllers/admin/AdminCartsController.php:753
[09-Jan-2020 20:29:59 Asia/Kolkata] PHP Notice:  Undefined index:  in /home/users/karan.negi/www/html/prestashop1761/classes/order/Order.php on line 946
[09-Jan-2020 20:29:59 Asia/Kolkata] PHP Stack trace:
[09-Jan-2020 20:29:59 Asia/Kolkata] PHP   1. {main}() /home/users/karan.negi/www/html/prestashop1761/admin7349hjnt3/index.php:0
[09-Jan-2020 20:29:59 Asia/Kolkata] PHP   2. Dispatcher->dispatch() /home/users/karan.negi/www/html/prestashop1761/admin7349hjnt3/index.php:97
[09-Jan-2020 20:29:59 Asia/Kolkata] PHP   3. AdminCartsController->run() /home/users/karan.negi/www/html/prestashop1761/classes/Dispatcher.php:515
[09-Jan-2020 20:29:59 Asia/Kolkata] PHP   4. AdminCartsController->displayAjaxSearchCarts() /home/users/karan.negi/www/html/prestashop1761/classes/controller/Controller.php:307
[09-Jan-2020 20:29:59 Asia/Kolkata] PHP   5. OrderCore::getCustomerOrders() /home/users/karan.negi/www/html/prestashop1761/controllers/admin/AdminCartsController.php:753
[09-Jan-2020 20:29:59 Asia/Kolkata] PHP Notice:  Undefined index:  in /home/users/karan.negi/www/html/prestashop1761/classes/order/Order.php on line 944
[09-Jan-2020 20:29:59 Asia/Kolkata] PHP Stack trace:
[09-Jan-2020 20:29:59 Asia/Kolkata] PHP   1. {main}() /home/users/karan.negi/www/html/prestashop1761/admin7349hjnt3/index.php:0
[09-Jan-2020 20:29:59 Asia/Kolkata] PHP   2. Dispatcher->dispatch() /home/users/karan.negi/www/html/prestashop1761/admin7349hjnt3/index.php:97
[09-Jan-2020 20:29:59 Asia/Kolkata] PHP   3. AdminCartsController->run() /home/users/karan.negi/www/html/prestashop1761/classes/Dispatcher.php:515
[09-Jan-2020 20:29:59 Asia/Kolkata] PHP   4. AdminCartsController->displayAjaxSearchCarts() /home/users/karan.negi/www/html/prestashop1761/classes/controller/Controller.php:307
[09-Jan-2020 20:29:59 Asia/Kolkata] PHP   5. OrderCore::getCustomerOrders() /home/users/karan.negi/www/html/prestashop1761/controllers/admin/AdminCartsController.php:753
[09-Jan-2020 20:29:59 Asia/Kolkata] PHP Notice:  Undefined index:  in /home/users/karan.negi/www/html/prestashop1761/classes/order/Order.php on line 945
[09-Jan-2020 20:29:59 Asia/Kolkata] PHP Stack trace:
[09-Jan-2020 20:29:59 Asia/Kolkata] PHP   1. {main}() /home/users/karan.negi/www/html/prestashop1761/admin7349hjnt3/index.php:0
[09-Jan-2020 20:29:59 Asia/Kolkata] PHP   2. Dispatcher->dispatch() /home/users/karan.negi/www/html/prestashop1761/admin7349hjnt3/index.php:97
[09-Jan-2020 20:29:59 Asia/Kolkata] PHP   3. AdminCartsController->run() /home/users/karan.negi/www/html/prestashop1761/classes/Dispatcher.php:515
[09-Jan-2020 20:29:59 Asia/Kolkata] PHP   4. AdminCartsController->displayAjaxSearchCarts() /home/users/karan.negi/www/html/prestashop1761/classes/controller/Controller.php:307
[09-Jan-2020 20:29:59 Asia/Kolkata] PHP   5. OrderCore::getCustomerOrders() /home/users/karan.negi/www/html/prestashop1761/controllers/admin/AdminCartsController.php:753
[09-Jan-2020 20:29:59 Asia/Kolkata] PHP Notice:  Undefined index:  in /home/users/karan.negi/www/html/prestashop1761/classes/order/Order.php on line 946
[09-Jan-2020 20:29:59 Asia/Kolkata] PHP Stack trace:
[09-Jan-2020 20:29:59 Asia/Kolkata] PHP   1. {main}() /home/users/karan.negi/www/html/prestashop1761/admin7349hjnt3/index.php:0
[09-Jan-2020 20:29:59 Asia/Kolkata] PHP   2. Dispatcher->dispatch() /home/users/karan.negi/www/html/prestashop1761/admin7349hjnt3/index.php:97
[09-Jan-2020 20:29:59 Asia/Kolkata] PHP   3. AdminCartsController->run() /home/users/karan.negi/www/html/prestashop1761/classes/Dispatcher.php:515
[09-Jan-2020 20:29:59 Asia/Kolkata] PHP   4. AdminCartsController->displayAjaxSearchCarts() /home/users/karan.negi/www/html/prestashop1761/classes/controller/Controller.php:307
[09-Jan-2020 20:29:59 Asia/Kolkata] PHP   5. OrderCore::getCustomerOrders() /home/users/karan.negi/www/html/prestashop1761/controllers/admin/AdminCartsController.php:753
[09-Jan-2020 20:29:59 Asia/Kolkata] PHP Notice:  Undefined index:  in /home/users/karan.negi/www/html/prestashop1761/classes/order/Order.php on line 944
[09-Jan-2020 20:29:59 Asia/Kolkata] PHP Stack trace:
[09-Jan-2020 20:29:59 Asia/Kolkata] PHP   1. {main}() /home/users/karan.negi/www/html/prestashop1761/admin7349hjnt3/index.php:0
[09-Jan-2020 20:29:59 Asia/Kolkata] PHP   2. Dispatcher->dispatch() /home/users/karan.negi/www/html/prestashop1761/admin7349hjnt3/index.php:97
[09-Jan-2020 20:29:59 Asia/Kolkata] PHP   3. AdminCartsController->run() /home/users/karan.negi/www/html/prestashop1761/classes/Dispatcher.php:515
[09-Jan-2020 20:29:59 Asia/Kolkata] PHP   4. AdminCartsController->displayAjaxSearchCarts() /home/users/karan.negi/www/html/prestashop1761/classes/controller/Controller.php:307
[09-Jan-2020 20:29:59 Asia/Kolkata] PHP   5. OrderCore::getCustomerOrders() /home/users/karan.negi/www/html/prestashop1761/controllers/admin/AdminCartsController.php:753
[09-Jan-2020 20:29:59 Asia/Kolkata] PHP Notice:  Undefined index:  in /home/users/karan.negi/www/html/prestashop1761/classes/order/Order.php on line 945
[09-Jan-2020 20:29:59 Asia/Kolkata] PHP Stack trace:
[09-Jan-2020 20:29:59 Asia/Kolkata] PHP   1. {main}() /home/users/karan.negi/www/html/prestashop1761/admin7349hjnt3/index.php:0
[09-Jan-2020 20:29:59 Asia/Kolkata] PHP   2. Dispatcher->dispatch() /home/users/karan.negi/www/html/prestashop1761/admin7349hjnt3/index.php:97
[09-Jan-2020 20:29:59 Asia/Kolkata] PHP   3. AdminCartsController->run() /home/users/karan.negi/www/html/prestashop1761/classes/Dispatcher.php:515
[09-Jan-2020 20:29:59 Asia/Kolkata] PHP   4. AdminCartsController->displayAjaxSearchCarts() /home/users/karan.negi/www/html/prestashop1761/classes/controller/Controller.php:307
[09-Jan-2020 20:29:59 Asia/Kolkata] PHP   5. OrderCore::getCustomerOrders() /home/users/karan.negi/www/html/prestashop1761/controllers/admin/AdminCartsController.php:753
[09-Jan-2020 20:29:59 Asia/Kolkata] PHP Notice:  Undefined index:  in /home/users/karan.negi/www/html/prestashop1761/classes/order/Order.php on line 946
[09-Jan-2020 20:29:59 Asia/Kolkata] PHP Stack trace:
[09-Jan-2020 20:29:59 Asia/Kolkata] PHP   1. {main}() /home/users/karan.negi/www/html/prestashop1761/admin7349hjnt3/index.php:0
[09-Jan-2020 20:29:59 Asia/Kolkata] PHP   2. Dispatcher->dispatch() /home/users/karan.negi/www/html/prestashop1761/admin7349hjnt3/index.php:97
[09-Jan-2020 20:29:59 Asia/Kolkata] PHP   3. AdminCartsController->run() /home/users/karan.negi/www/html/prestashop1761/classes/Dispatcher.php:515
[09-Jan-2020 20:29:59 Asia/Kolkata] PHP   4. AdminCartsController->displayAjaxSearchCarts() /home/users/karan.negi/www/html/prestashop1761/classes/controller/Controller.php:307
[09-Jan-2020 20:29:59 Asia/Kolkata] PHP   5. OrderCore::getCustomerOrders() /home/users/karan.negi/www/html/prestashop1761/controllers/admin/AdminCartsController.php:753
[09-Jan-2020 20:30:00 Asia/Kolkata] PHP Notice:  Undefined index: PS_CATALOG_MODE in /home/users/karan.negi/www/html/prestashop1761/var/cache/prod/smarty/compile/fe/7d/d0/fe7dd02f51054784f0cf32f599e89f6e6b17102d_0.file._select_payment.tpl.php on line 25
[09-Jan-2020 20:30:00 Asia/Kolkata] PHP Stack trace:
[09-Jan-2020 20:30:00 Asia/Kolkata] PHP   1. {main}() /home/users/karan.negi/www/html/prestashop1761/admin7349hjnt3/index.php:0
[09-Jan-2020 20:30:00 Asia/Kolkata] PHP   2. Dispatcher->dispatch() /home/users/karan.negi/www/html/prestashop1761/admin7349hjnt3/index.php:97
[09-Jan-2020 20:30:00 Asia/Kolkata] PHP   3. AdminOrdersController->run() /home/users/karan.negi/www/html/prestashop1761/classes/Dispatcher.php:515
[09-Jan-2020 20:30:00 Asia/Kolkata] PHP   4. AdminOrdersController->postProcess() /home/users/karan.negi/www/html/prestashop1761/classes/controller/Controller.php:281
[09-Jan-2020 20:30:00 Asia/Kolkata] PHP   5. AdminOrdersController->postProcess() /home/users/karan.negi/www/html/prestashop1761/controllers/admin/AdminOrdersController.php:1629
[09-Jan-2020 20:30:00 Asia/Kolkata] PHP   6. AdminOrdersController->ajaxProcessChangePaymentMethod() /home/users/karan.negi/www/html/prestashop1761/classes/controller/AdminController.php:944
[09-Jan-2020 20:30:00 Asia/Kolkata] PHP   7. Smarty_Internal_Template->fetch() /home/users/karan.negi/www/html/prestashop1761/controllers/admin/AdminOrdersController.php:3058
[09-Jan-2020 20:30:00 Asia/Kolkata] PHP   8. Smarty_Internal_Template->_execute() /home/users/karan.negi/www/html/prestashop1761/vendor/smarty/smarty/libs/sysplugins/smarty_internal_templatebase.php:116
[09-Jan-2020 20:30:00 Asia/Kolkata] PHP   9. Smarty_Internal_Template->render() /home/users/karan.negi/www/html/prestashop1761/vendor/smarty/smarty/libs/sysplugins/smarty_internal_templatebase.php:232
[09-Jan-2020 20:30:00 Asia/Kolkata] PHP  10. Smarty_Template_Compiled->render() /home/users/karan.negi/www/html/prestashop1761/vendor/smarty/smarty/libs/sysplugins/smarty_internal_template.php:216
[09-Jan-2020 20:30:00 Asia/Kolkata] PHP  11. Smarty_Template_Compiled->getRenderedTemplateCode() /home/users/karan.negi/www/html/prestashop1761/vendor/smarty/smarty/libs/sysplugins/smarty_template_compiled.php:114
[09-Jan-2020 20:30:00 Asia/Kolkata] PHP  12. content_5e16ddfac2a4d5_87153169() /home/users/karan.negi/www/html/prestashop1761/vendor/smarty/smarty/libs/sysplugins/smarty_template_resource_base.php:123
[09-Jan-2020 20:30:00 Asia/Kolkata] PHP Notice:  Trying to get property 'value' of non-object in /home/users/karan.negi/www/html/prestashop1761/var/cache/prod/smarty/compile/fe/7d/d0/fe7dd02f51054784f0cf32f599e89f6e6b17102d_0.file._select_payment.tpl.php on line 25
[09-Jan-2020 20:30:00 Asia/Kolkata] PHP Stack trace:
[09-Jan-2020 20:30:00 Asia/Kolkata] PHP   1. {main}() /home/users/karan.negi/www/html/prestashop1761/admin7349hjnt3/index.php:0
[09-Jan-2020 20:30:00 Asia/Kolkata] PHP   2. Dispatcher->dispatch() /home/users/karan.negi/www/html/prestashop1761/admin7349hjnt3/index.php:97
[09-Jan-2020 20:30:00 Asia/Kolkata] PHP   3. AdminOrdersController->run() /home/users/karan.negi/www/html/prestashop1761/classes/Dispatcher.php:515
[09-Jan-2020 20:30:00 Asia/Kolkata] PHP   4. AdminOrdersController->postProcess() /home/users/karan.negi/www/html/prestashop1761/classes/controller/Controller.php:281
[09-Jan-2020 20:30:00 Asia/Kolkata] PHP   5. AdminOrdersController->postProcess() /home/users/karan.negi/www/html/prestashop1761/controllers/admin/AdminOrdersController.php:1629
[09-Jan-2020 20:30:00 Asia/Kolkata] PHP   6. AdminOrdersController->ajaxProcessChangePaymentMethod() /home/users/karan.negi/www/html/prestashop1761/classes/controller/AdminController.php:944
[09-Jan-2020 20:30:00 Asia/Kolkata] PHP   7. Smarty_Internal_Template->fetch() /home/users/karan.negi/www/html/prestashop1761/controllers/admin/AdminOrdersController.php:3058
[09-Jan-2020 20:30:00 Asia/Kolkata] PHP   8. Smarty_Internal_Template->_execute() /home/users/karan.negi/www/html/prestashop1761/vendor/smarty/smarty/libs/sysplugins/smarty_internal_templatebase.php:116
[09-Jan-2020 20:30:00 Asia/Kolkata] PHP   9. Smarty_Internal_Template->render() /home/users/karan.negi/www/html/prestashop1761/vendor/smarty/smarty/libs/sysplugins/smarty_internal_templatebase.php:232
[09-Jan-2020 20:30:00 Asia/Kolkata] PHP  10. Smarty_Template_Compiled->render() /home/users/karan.negi/www/html/prestashop1761/vendor/smarty/smarty/libs/sysplugins/smarty_internal_template.php:216
[09-Jan-2020 20:30:00 Asia/Kolkata] PHP  11. Smarty_Template_Compiled->getRenderedTemplateCode() /home/users/karan.negi/www/html/prestashop1761/vendor/smarty/smarty/libs/sysplugins/smarty_template_compiled.php:114
[09-Jan-2020 20:30:00 Asia/Kolkata] PHP  12. content_5e16ddfac2a4d5_87153169() /home/users/karan.negi/www/html/prestashop1761/vendor/smarty/smarty/libs/sysplugins/smarty_template_resource_base.php:123
[09-Jan-2020 20:34:43 Asia/Kolkata] PHP Notice:  Trying to get property 'id' of non-object in /home/users/karan.negi/www/html/prestashop1761/controllers/admin/AdminOrdersController.php on line 533
[09-Jan-2020 20:34:43 Asia/Kolkata] PHP Stack trace:
[09-Jan-2020 20:34:43 Asia/Kolkata] PHP   1. {main}() /home/users/karan.negi/www/html/prestashop1761/admin7349hjnt3/index.php:0
[09-Jan-2020 20:34:43 Asia/Kolkata] PHP   2. Dispatcher->dispatch() /home/users/karan.negi/www/html/prestashop1761/admin7349hjnt3/index.php:97
[09-Jan-2020 20:34:43 Asia/Kolkata] PHP   3. AdminOrdersController->run() /home/users/karan.negi/www/html/prestashop1761/classes/Dispatcher.php:515
[09-Jan-2020 20:34:43 Asia/Kolkata] PHP   4. AdminOrdersController->postProcess() /home/users/karan.negi/www/html/prestashop1761/classes/controller/Controller.php:281
[09-Jan-2020 20:39:39 Asia/Kolkata] PHP Notice:  Undefined index:  in /home/users/karan.negi/www/html/prestashop1761/classes/order/Order.php on line 944
[09-Jan-2020 20:39:39 Asia/Kolkata] PHP Stack trace:
[09-Jan-2020 20:39:39 Asia/Kolkata] PHP   1. {main}() /home/users/karan.negi/www/html/prestashop1761/admin7349hjnt3/index.php:0
[09-Jan-2020 20:39:39 Asia/Kolkata] PHP   2. Dispatcher->dispatch() /home/users/karan.negi/www/html/prestashop1761/admin7349hjnt3/index.php:97
[09-Jan-2020 20:39:39 Asia/Kolkata] PHP   3. AdminCartsController->run() /home/users/karan.negi/www/html/prestashop1761/classes/Dispatcher.php:515
[09-Jan-2020 20:39:39 Asia/Kolkata] PHP   4. AdminCartsController->displayAjaxSearchCarts() /home/users/karan.negi/www/html/prestashop1761/classes/controller/Controller.php:307
[09-Jan-2020 20:39:39 Asia/Kolkata] PHP   5. OrderCore::getCustomerOrders() /home/users/karan.negi/www/html/prestashop1761/controllers/admin/AdminCartsController.php:753
[09-Jan-2020 20:39:39 Asia/Kolkata] PHP Notice:  Undefined index:  in /home/users/karan.negi/www/html/prestashop1761/classes/order/Order.php on line 945
[09-Jan-2020 20:39:39 Asia/Kolkata] PHP Stack trace:
[09-Jan-2020 20:39:39 Asia/Kolkata] PHP   1. {main}() /home/users/karan.negi/www/html/prestashop1761/admin7349hjnt3/index.php:0
[09-Jan-2020 20:39:39 Asia/Kolkata] PHP   2. Dispatcher->dispatch() /home/users/karan.negi/www/html/prestashop1761/admin7349hjnt3/index.php:97
[09-Jan-2020 20:39:39 Asia/Kolkata] PHP   3. AdminCartsController->run() /home/users/karan.negi/www/html/prestashop1761/classes/Dispatcher.php:515
[09-Jan-2020 20:39:39 Asia/Kolkata] PHP   4. AdminCartsController->displayAjaxSearchCarts() /home/users/karan.negi/www/html/prestashop1761/classes/controller/Controller.php:307
[09-Jan-2020 20:39:39 Asia/Kolkata] PHP   5. OrderCore::getCustomerOrders() /home/users/karan.negi/www/html/prestashop1761/controllers/admin/AdminCartsController.php:753
[09-Jan-2020 20:39:39 Asia/Kolkata] PHP Notice:  Undefined index:  in /home/users/karan.negi/www/html/prestashop1761/classes/order/Order.php on line 946
[09-Jan-2020 20:39:39 Asia/Kolkata] PHP Stack trace:
[09-Jan-2020 20:39:39 Asia/Kolkata] PHP   1. {main}() /home/users/karan.negi/www/html/prestashop1761/admin7349hjnt3/index.php:0
[09-Jan-2020 20:39:39 Asia/Kolkata] PHP   2. Dispatcher->dispatch() /home/users/karan.negi/www/html/prestashop1761/admin7349hjnt3/index.php:97
[09-Jan-2020 20:39:39 Asia/Kolkata] PHP   3. AdminCartsController->run() /home/users/karan.negi/www/html/prestashop1761/classes/Dispatcher.php:515
[09-Jan-2020 20:39:39 Asia/Kolkata] PHP   4. AdminCartsController->displayAjaxSearchCarts() /home/users/karan.negi/www/html/prestashop1761/classes/controller/Controller.php:307
[09-Jan-2020 20:39:39 Asia/Kolkata] PHP   5. OrderCore::getCustomerOrders() /home/users/karan.negi/www/html/prestashop1761/controllers/admin/AdminCartsController.php:753
[09-Jan-2020 20:39:39 Asia/Kolkata] PHP Notice:  Undefined index:  in /home/users/karan.negi/www/html/prestashop1761/classes/order/Order.php on line 944
[09-Jan-2020 20:39:39 Asia/Kolkata] PHP Stack trace:
[09-Jan-2020 20:39:39 Asia/Kolkata] PHP   1. {main}() /home/users/karan.negi/www/html/prestashop1761/admin7349hjnt3/index.php:0
[09-Jan-2020 20:39:39 Asia/Kolkata] PHP   2. Dispatcher->dispatch() /home/users/karan.negi/www/html/prestashop1761/admin7349hjnt3/index.php:97
[09-Jan-2020 20:39:39 Asia/Kolkata] PHP   3. AdminCartsController->run() /home/users/karan.negi/www/html/prestashop1761/classes/Dispatcher.php:515
[09-Jan-2020 20:39:39 Asia/Kolkata] PHP   4. AdminCartsController->displayAjaxSearchCarts() /home/users/karan.negi/www/html/prestashop1761/classes/controller/Controller.php:307
[09-Jan-2020 20:39:39 Asia/Kolkata] PHP   5. OrderCore::getCustomerOrders() /home/users/karan.negi/www/html/prestashop1761/controllers/admin/AdminCartsController.php:753
[09-Jan-2020 20:39:39 Asia/Kolkata] PHP Notice:  Undefined index:  in /home/users/karan.negi/www/html/prestashop1761/classes/order/Order.php on line 945
[09-Jan-2020 20:39:39 Asia/Kolkata] PHP Stack trace:
[09-Jan-2020 20:39:39 Asia/Kolkata] PHP   1. {main}() /home/users/karan.negi/www/html/prestashop1761/admin7349hjnt3/index.php:0
[09-Jan-2020 20:39:39 Asia/Kolkata] PHP   2. Dispatcher->dispatch() /home/users/karan.negi/www/html/prestashop1761/admin7349hjnt3/index.php:97
[09-Jan-2020 20:39:39 Asia/Kolkata] PHP   3. AdminCartsController->run() /home/users/karan.negi/www/html/prestashop1761/classes/Dispatcher.php:515
[09-Jan-2020 20:39:39 Asia/Kolkata] PHP   4. AdminCartsController->displayAjaxSearchCarts() /home/users/karan.negi/www/html/prestashop1761/classes/controller/Controller.php:307
[09-Jan-2020 20:39:39 Asia/Kolkata] PHP   5. OrderCore::getCustomerOrders() /home/users/karan.negi/www/html/prestashop1761/controllers/admin/AdminCartsController.php:753
[09-Jan-2020 20:39:39 Asia/Kolkata] PHP Notice:  Undefined index:  in /home/users/karan.negi/www/html/prestashop1761/classes/order/Order.php on line 946
[09-Jan-2020 20:39:39 Asia/Kolkata] PHP Stack trace:
[09-Jan-2020 20:39:39 Asia/Kolkata] PHP   1. {main}() /home/users/karan.negi/www/html/prestashop1761/admin7349hjnt3/index.php:0
[09-Jan-2020 20:39:39 Asia/Kolkata] PHP   2. Dispatcher->dispatch() /home/users/karan.negi/www/html/prestashop1761/admin7349hjnt3/index.php:97
[09-Jan-2020 20:39:39 Asia/Kolkata] PHP   3. AdminCartsController->run() /home/users/karan.negi/www/html/prestashop1761/classes/Dispatcher.php:515
[09-Jan-2020 20:39:39 Asia/Kolkata] PHP   4. AdminCartsController->displayAjaxSearchCarts() /home/users/karan.negi/www/html/prestashop1761/classes/controller/Controller.php:307
[09-Jan-2020 20:39:39 Asia/Kolkata] PHP   5. OrderCore::getCustomerOrders() /home/users/karan.negi/www/html/prestashop1761/controllers/admin/AdminCartsController.php:753
[09-Jan-2020 20:39:39 Asia/Kolkata] PHP Notice:  Undefined index:  in /home/users/karan.negi/www/html/prestashop1761/classes/order/Order.php on line 944
[09-Jan-2020 20:39:39 Asia/Kolkata] PHP Stack trace:
[09-Jan-2020 20:39:39 Asia/Kolkata] PHP   1. {main}() /home/users/karan.negi/www/html/prestashop1761/admin7349hjnt3/index.php:0
[09-Jan-2020 20:39:39 Asia/Kolkata] PHP   2. Dispatcher->dispatch() /home/users/karan.negi/www/html/prestashop1761/admin7349hjnt3/index.php:97
[09-Jan-2020 20:39:39 Asia/Kolkata] PHP   3. AdminCartsController->run() /home/users/karan.negi/www/html/prestashop1761/classes/Dispatcher.php:515
[09-Jan-2020 20:39:39 Asia/Kolkata] PHP   4. AdminCartsController->displayAjaxSearchCarts() /home/users/karan.negi/www/html/prestashop1761/classes/controller/Controller.php:307
[09-Jan-2020 20:39:39 Asia/Kolkata] PHP   5. OrderCore::getCustomerOrders() /home/users/karan.negi/www/html/prestashop1761/controllers/admin/AdminCartsController.php:753
[09-Jan-2020 20:39:39 Asia/Kolkata] PHP Notice:  Undefined index:  in /home/users/karan.negi/www/html/prestashop1761/classes/order/Order.php on line 945
[09-Jan-2020 20:39:39 Asia/Kolkata] PHP Stack trace:
[09-Jan-2020 20:39:39 Asia/Kolkata] PHP   1. {main}() /home/users/karan.negi/www/html/prestashop1761/admin7349hjnt3/index.php:0
[09-Jan-2020 20:39:39 Asia/Kolkata] PHP   2. Dispatcher->dispatch() /home/users/karan.negi/www/html/prestashop1761/admin7349hjnt3/index.php:97
[09-Jan-2020 20:39:39 Asia/Kolkata] PHP   3. AdminCartsController->run() /home/users/karan.negi/www/html/prestashop1761/classes/Dispatcher.php:515
[09-Jan-2020 20:39:39 Asia/Kolkata] PHP   4. AdminCartsController->displayAjaxSearchCarts() /home/users/karan.negi/www/html/prestashop1761/classes/controller/Controller.php:307
[09-Jan-2020 20:39:39 Asia/Kolkata] PHP   5. OrderCore::getCustomerOrders() /home/users/karan.negi/www/html/prestashop1761/controllers/admin/AdminCartsController.php:753
[09-Jan-2020 20:39:39 Asia/Kolkata] PHP Notice:  Undefined index:  in /home/users/karan.negi/www/html/prestashop1761/classes/order/Order.php on line 946
[09-Jan-2020 20:39:39 Asia/Kolkata] PHP Stack trace:
[09-Jan-2020 20:39:39 Asia/Kolkata] PHP   1. {main}() /home/users/karan.negi/www/html/prestashop1761/admin7349hjnt3/index.php:0
[09-Jan-2020 20:39:39 Asia/Kolkata] PHP   2. Dispatcher->dispatch() /home/users/karan.negi/www/html/prestashop1761/admin7349hjnt3/index.php:97
[09-Jan-2020 20:39:39 Asia/Kolkata] PHP   3. AdminCartsController->run() /home/users/karan.negi/www/html/prestashop1761/classes/Dispatcher.php:515
[09-Jan-2020 20:39:39 Asia/Kolkata] PHP   4. AdminCartsController->displayAjaxSearchCarts() /home/users/karan.negi/www/html/prestashop1761/classes/controller/Controller.php:307
[09-Jan-2020 20:39:39 Asia/Kolkata] PHP   5. OrderCore::getCustomerOrders() /home/users/karan.negi/www/html/prestashop1761/controllers/admin/AdminCartsController.php:753
[09-Jan-2020 20:39:39 Asia/Kolkata] PHP Notice:  Undefined index:  in /home/users/karan.negi/www/html/prestashop1761/classes/order/Order.php on line 944
[09-Jan-2020 20:39:39 Asia/Kolkata] PHP Stack trace:
[09-Jan-2020 20:39:39 Asia/Kolkata] PHP   1. {main}() /home/users/karan.negi/www/html/prestashop1761/admin7349hjnt3/index.php:0
[09-Jan-2020 20:39:39 Asia/Kolkata] PHP   2. Dispatcher->dispatch() /home/users/karan.negi/www/html/prestashop1761/admin7349hjnt3/index.php:97
[09-Jan-2020 20:39:39 Asia/Kolkata] PHP   3. AdminCartsController->run() /home/users/karan.negi/www/html/prestashop1761/classes/Dispatcher.php:515
[09-Jan-2020 20:39:39 Asia/Kolkata] PHP   4. AdminCartsController->displayAjaxSearchCarts() /home/users/karan.negi/www/html/prestashop1761/classes/controller/Controller.php:307
[09-Jan-2020 20:39:39 Asia/Kolkata] PHP   5. OrderCore::getCustomerOrders() /home/users/karan.negi/www/html/prestashop1761/controllers/admin/AdminCartsController.php:753
[09-Jan-2020 20:39:39 Asia/Kolkata] PHP Notice:  Undefined index:  in /home/users/karan.negi/www/html/prestashop1761/classes/order/Order.php on line 945
[09-Jan-2020 20:39:39 Asia/Kolkata] PHP Stack trace:
[09-Jan-2020 20:39:39 Asia/Kolkata] PHP   1. {main}() /home/users/karan.negi/www/html/prestashop1761/admin7349hjnt3/index.php:0
[09-Jan-2020 20:39:39 Asia/Kolkata] PHP   2. Dispatcher->dispatch() /home/users/karan.negi/www/html/prestashop1761/admin7349hjnt3/index.php:97
[09-Jan-2020 20:39:39 Asia/Kolkata] PHP   3. AdminCartsController->run() /home/users/karan.negi/www/html/prestashop1761/classes/Dispatcher.php:515
[09-Jan-2020 20:39:39 Asia/Kolkata] PHP   4. AdminCartsController->displayAjaxSearchCarts() /home/users/karan.negi/www/html/prestashop1761/classes/controller/Controller.php:307
[09-Jan-2020 20:39:39 Asia/Kolkata] PHP   5. OrderCore::getCustomerOrders() /home/users/karan.negi/www/html/prestashop1761/controllers/admin/AdminCartsController.php:753
[09-Jan-2020 20:39:39 Asia/Kolkata] PHP Notice:  Undefined index:  in /home/users/karan.negi/www/html/prestashop1761/classes/order/Order.php on line 946
[09-Jan-2020 20:39:39 Asia/Kolkata] PHP Stack trace:
[09-Jan-2020 20:39:39 Asia/Kolkata] PHP   1. {main}() /home/users/karan.negi/www/html/prestashop1761/admin7349hjnt3/index.php:0
[09-Jan-2020 20:39:39 Asia/Kolkata] PHP   2. Dispatcher->dispatch() /home/users/karan.negi/www/html/prestashop1761/admin7349hjnt3/index.php:97
[09-Jan-2020 20:39:39 Asia/Kolkata] PHP   3. AdminCartsController->run() /home/users/karan.negi/www/html/prestashop1761/classes/Dispatcher.php:515
[09-Jan-2020 20:39:39 Asia/Kolkata] PHP   4. AdminCartsController->displayAjaxSearchCarts() /home/users/karan.negi/www/html/prestashop1761/classes/controller/Controller.php:307
[09-Jan-2020 20:39:39 Asia/Kolkata] PHP   5. OrderCore::getCustomerOrders() /home/users/karan.negi/www/html/prestashop1761/controllers/admin/AdminCartsController.php:753
[09-Jan-2020 20:39:39 Asia/Kolkata] PHP Notice:  Undefined index:  in /home/users/karan.negi/www/html/prestashop1761/classes/order/Order.php on line 944
[09-Jan-2020 20:39:39 Asia/Kolkata] PHP Stack trace:
[09-Jan-2020 20:39:39 Asia/Kolkata] PHP   1. {main}() /home/users/karan.negi/www/html/prestashop1761/admin7349hjnt3/index.php:0
[09-Jan-2020 20:39:39 Asia/Kolkata] PHP   2. Dispatcher->dispatch() /home/users/karan.negi/www/html/prestashop1761/admin7349hjnt3/index.php:97
[09-Jan-2020 20:39:39 Asia/Kolkata] PHP   3. AdminCartsController->run() /home/users/karan.negi/www/html/prestashop1761/classes/Dispatcher.php:515
[09-Jan-2020 20:39:39 Asia/Kolkata] PHP   4. AdminCartsController->displayAjaxSearchCarts() /home/users/karan.negi/www/html/prestashop1761/classes/controller/Controller.php:307
[09-Jan-2020 20:39:39 Asia/Kolkata] PHP   5. OrderCore::getCustomerOrders() /home/users/karan.negi/www/html/prestashop1761/controllers/admin/AdminCartsController.php:753
[09-Jan-2020 20:39:39 Asia/Kolkata] PHP Notice:  Undefined index:  in /home/users/karan.negi/www/html/prestashop1761/classes/order/Order.php on line 945
[09-Jan-2020 20:39:39 Asia/Kolkata] PHP Stack trace:
[09-Jan-2020 20:39:39 Asia/Kolkata] PHP   1. {main}() /home/users/karan.negi/www/html/prestashop1761/admin7349hjnt3/index.php:0
[09-Jan-2020 20:39:39 Asia/Kolkata] PHP   2. Dispatcher->dispatch() /home/users/karan.negi/www/html/prestashop1761/admin7349hjnt3/index.php:97
[09-Jan-2020 20:39:39 Asia/Kolkata] PHP   3. AdminCartsController->run() /home/users/karan.negi/www/html/prestashop1761/classes/Dispatcher.php:515
[09-Jan-2020 20:39:39 Asia/Kolkata] PHP   4. AdminCartsController->displayAjaxSearchCarts() /home/users/karan.negi/www/html/prestashop1761/classes/controller/Controller.php:307
[09-Jan-2020 20:39:39 Asia/Kolkata] PHP   5. OrderCore::getCustomerOrders() /home/users/karan.negi/www/html/prestashop1761/controllers/admin/AdminCartsController.php:753
[09-Jan-2020 20:39:39 Asia/Kolkata] PHP Notice:  Undefined index:  in /home/users/karan.negi/www/html/prestashop1761/classes/order/Order.php on line 946
[09-Jan-2020 20:39:39 Asia/Kolkata] PHP Stack trace:
[09-Jan-2020 20:39:39 Asia/Kolkata] PHP   1. {main}() /home/users/karan.negi/www/html/prestashop1761/admin7349hjnt3/index.php:0
[09-Jan-2020 20:39:39 Asia/Kolkata] PHP   2. Dispatcher->dispatch() /home/users/karan.negi/www/html/prestashop1761/admin7349hjnt3/index.php:97
[09-Jan-2020 20:39:39 Asia/Kolkata] PHP   3. AdminCartsController->run() /home/users/karan.negi/www/html/prestashop1761/classes/Dispatcher.php:515
[09-Jan-2020 20:39:39 Asia/Kolkata] PHP   4. AdminCartsController->displayAjaxSearchCarts() /home/users/karan.negi/www/html/prestashop1761/classes/controller/Controller.php:307
[09-Jan-2020 20:39:39 Asia/Kolkata] PHP   5. OrderCore::getCustomerOrders() /home/users/karan.negi/www/html/prestashop1761/controllers/admin/AdminCartsController.php:753
[09-Jan-2020 20:39:39 Asia/Kolkata] PHP Notice:  Undefined index:  in /home/users/karan.negi/www/html/prestashop1761/classes/order/Order.php on line 944
[09-Jan-2020 20:39:39 Asia/Kolkata] PHP Stack trace:
[09-Jan-2020 20:39:39 Asia/Kolkata] PHP   1. {main}() /home/users/karan.negi/www/html/prestashop1761/admin7349hjnt3/index.php:0
[09-Jan-2020 20:39:39 Asia/Kolkata] PHP   2. Dispatcher->dispatch() /home/users/karan.negi/www/html/prestashop1761/admin7349hjnt3/index.php:97
[09-Jan-2020 20:39:39 Asia/Kolkata] PHP   3. AdminCartsController->run() /home/users/karan.negi/www/html/prestashop1761/classes/Dispatcher.php:515
[09-Jan-2020 20:39:39 Asia/Kolkata] PHP   4. AdminCartsController->displayAjaxSearchCarts() /home/users/karan.negi/www/html/prestashop1761/classes/controller/Controller.php:307
[09-Jan-2020 20:39:39 Asia/Kolkata] PHP   5. OrderCore::getCustomerOrders() /home/users/karan.negi/www/html/prestashop1761/controllers/admin/AdminCartsController.php:753
[09-Jan-2020 20:39:39 Asia/Kolkata] PHP Notice:  Undefined index:  in /home/users/karan.negi/www/html/prestashop1761/classes/order/Order.php on line 945
[09-Jan-2020 20:39:39 Asia/Kolkata] PHP Stack trace:
[09-Jan-2020 20:39:39 Asia/Kolkata] PHP   1. {main}() /home/users/karan.negi/www/html/prestashop1761/admin7349hjnt3/index.php:0
[09-Jan-2020 20:39:39 Asia/Kolkata] PHP   2. Dispatcher->dispatch() /home/users/karan.negi/www/html/prestashop1761/admin7349hjnt3/index.php:97
[09-Jan-2020 20:39:39 Asia/Kolkata] PHP   3. AdminCartsController->run() /home/users/karan.negi/www/html/prestashop1761/classes/Dispatcher.php:515
[09-Jan-2020 20:39:39 Asia/Kolkata] PHP   4. AdminCartsController->displayAjaxSearchCarts() /home/users/karan.negi/www/html/prestashop1761/classes/controller/Controller.php:307
[09-Jan-2020 20:39:39 Asia/Kolkata] PHP   5. OrderCore::getCustomerOrders() /home/users/karan.negi/www/html/prestashop1761/controllers/admin/AdminCartsController.php:753
[09-Jan-2020 20:39:39 Asia/Kolkata] PHP Notice:  Undefined index:  in /home/users/karan.negi/www/html/prestashop1761/classes/order/Order.php on line 946
[09-Jan-2020 20:39:39 Asia/Kolkata] PHP Stack trace:
[09-Jan-2020 20:39:39 Asia/Kolkata] PHP   1. {main}() /home/users/karan.negi/www/html/prestashop1761/admin7349hjnt3/index.php:0
[09-Jan-2020 20:39:39 Asia/Kolkata] PHP   2. Dispatcher->dispatch() /home/users/karan.negi/www/html/prestashop1761/admin7349hjnt3/index.php:97
[09-Jan-2020 20:39:39 Asia/Kolkata] PHP   3. AdminCartsController->run() /home/users/karan.negi/www/html/prestashop1761/classes/Dispatcher.php:515
[09-Jan-2020 20:39:39 Asia/Kolkata] PHP   4. AdminCartsController->displayAjaxSearchCarts() /home/users/karan.negi/www/html/prestashop1761/classes/controller/Controller.php:307
[09-Jan-2020 20:39:39 Asia/Kolkata] PHP   5. OrderCore::getCustomerOrders() /home/users/karan.negi/www/html/prestashop1761/controllers/admin/AdminCartsController.php:753
[09-Jan-2020 20:39:39 Asia/Kolkata] PHP Notice:  Undefined index:  in /home/users/karan.negi/www/html/prestashop1761/classes/order/Order.php on line 944
[09-Jan-2020 20:39:39 Asia/Kolkata] PHP Stack trace:
[09-Jan-2020 20:39:39 Asia/Kolkata] PHP   1. {main}() /home/users/karan.negi/www/html/prestashop1761/admin7349hjnt3/index.php:0
[09-Jan-2020 20:39:39 Asia/Kolkata] PHP   2. Dispatcher->dispatch() /home/users/karan.negi/www/html/prestashop1761/admin7349hjnt3/index.php:97
[09-Jan-2020 20:39:39 Asia/Kolkata] PHP   3. AdminCartsController->run() /home/users/karan.negi/www/html/prestashop1761/classes/Dispatcher.php:515
[09-Jan-2020 20:39:39 Asia/Kolkata] PHP   4. AdminCartsController->displayAjaxSearchCarts() /home/users/karan.negi/www/html/prestashop1761/classes/controller/Controller.php:307
[09-Jan-2020 20:39:39 Asia/Kolkata] PHP   5. OrderCore::getCustomerOrders() /home/users/karan.negi/www/html/prestashop1761/controllers/admin/AdminCartsController.php:753
[09-Jan-2020 20:39:39 Asia/Kolkata] PHP Notice:  Undefined index:  in /home/users/karan.negi/www/html/prestashop1761/classes/order/Order.php on line 945
[09-Jan-2020 20:39:39 Asia/Kolkata] PHP Stack trace:
[09-Jan-2020 20:39:39 Asia/Kolkata] PHP   1. {main}() /home/users/karan.negi/www/html/prestashop1761/admin7349hjnt3/index.php:0
[09-Jan-2020 20:39:39 Asia/Kolkata] PHP   2. Dispatcher->dispatch() /home/users/karan.negi/www/html/prestashop1761/admin7349hjnt3/index.php:97
[09-Jan-2020 20:39:39 Asia/Kolkata] PHP   3. AdminCartsController->run() /home/users/karan.negi/www/html/prestashop1761/classes/Dispatcher.php:515
[09-Jan-2020 20:39:39 Asia/Kolkata] PHP   4. AdminCartsController->displayAjaxSearchCarts() /home/users/karan.negi/www/html/prestashop1761/classes/controller/Controller.php:307
[09-Jan-2020 20:39:39 Asia/Kolkata] PHP   5. OrderCore::getCustomerOrders() /home/users/karan.negi/www/html/prestashop1761/controllers/admin/AdminCartsController.php:753
[09-Jan-2020 20:39:39 Asia/Kolkata] PHP Notice:  Undefined index:  in /home/users/karan.negi/www/html/prestashop1761/classes/order/Order.php on line 946
[09-Jan-2020 20:39:39 Asia/Kolkata] PHP Stack trace:
[09-Jan-2020 20:39:39 Asia/Kolkata] PHP   1. {main}() /home/users/karan.negi/www/html/prestashop1761/admin7349hjnt3/index.php:0
[09-Jan-2020 20:39:39 Asia/Kolkata] PHP   2. Dispatcher->dispatch() /home/users/karan.negi/www/html/prestashop1761/admin7349hjnt3/index.php:97
[09-Jan-2020 20:39:39 Asia/Kolkata] PHP   3. AdminCartsController->run() /home/users/karan.negi/www/html/prestashop1761/classes/Dispatcher.php:515
[09-Jan-2020 20:39:39 Asia/Kolkata] PHP   4. AdminCartsController->displayAjaxSearchCarts() /home/users/karan.negi/www/html/prestashop1761/classes/controller/Controller.php:307
[09-Jan-2020 20:39:39 Asia/Kolkata] PHP   5. OrderCore::getCustomerOrders() /home/users/karan.negi/www/html/prestashop1761/controllers/admin/AdminCartsController.php:753
[09-Jan-2020 20:39:39 Asia/Kolkata] PHP Notice:  Undefined index:  in /home/users/karan.negi/www/html/prestashop1761/classes/order/Order.php on line 944
[09-Jan-2020 20:39:39 Asia/Kolkata] PHP Stack trace:
[09-Jan-2020 20:39:39 Asia/Kolkata] PHP   1. {main}() /home/users/karan.negi/www/html/prestashop1761/admin7349hjnt3/index.php:0
[09-Jan-2020 20:39:39 Asia/Kolkata] PHP   2. Dispatcher->dispatch() /home/users/karan.negi/www/html/prestashop1761/admin7349hjnt3/index.php:97
[09-Jan-2020 20:39:39 Asia/Kolkata] PHP   3. AdminCartsController->run() /home/users/karan.negi/www/html/prestashop1761/classes/Dispatcher.php:515
[09-Jan-2020 20:39:39 Asia/Kolkata] PHP   4. AdminCartsController->displayAjaxSearchCarts() /home/users/karan.negi/www/html/prestashop1761/classes/controller/Controller.php:307
[09-Jan-2020 20:39:39 Asia/Kolkata] PHP   5. OrderCore::getCustomerOrders() /home/users/karan.negi/www/html/prestashop1761/controllers/admin/AdminCartsController.php:753
[09-Jan-2020 20:39:39 Asia/Kolkata] PHP Notice:  Undefined index:  in /home/users/karan.negi/www/html/prestashop1761/classes/order/Order.php on line 945
[09-Jan-2020 20:39:39 Asia/Kolkata] PHP Stack trace:
[09-Jan-2020 20:39:39 Asia/Kolkata] PHP   1. {main}() /home/users/karan.negi/www/html/prestashop1761/admin7349hjnt3/index.php:0
[09-Jan-2020 20:39:39 Asia/Kolkata] PHP   2. Dispatcher->dispatch() /home/users/karan.negi/www/html/prestashop1761/admin7349hjnt3/index.php:97
[09-Jan-2020 20:39:39 Asia/Kolkata] PHP   3. AdminCartsController->run() /home/users/karan.negi/www/html/prestashop1761/classes/Dispatcher.php:515
[09-Jan-2020 20:39:39 Asia/Kolkata] PHP   4. AdminCartsController->displayAjaxSearchCarts() /home/users/karan.negi/www/html/prestashop1761/classes/controller/Controller.php:307
[09-Jan-2020 20:39:39 Asia/Kolkata] PHP   5. OrderCore::getCustomerOrders() /home/users/karan.negi/www/html/prestashop1761/controllers/admin/AdminCartsController.php:753
[09-Jan-2020 20:39:39 Asia/Kolkata] PHP Notice:  Undefined index:  in /home/users/karan.negi/www/html/prestashop1761/classes/order/Order.php on line 946
[09-Jan-2020 20:39:39 Asia/Kolkata] PHP Stack trace:
[09-Jan-2020 20:39:39 Asia/Kolkata] PHP   1. {main}() /home/users/karan.negi/www/html/prestashop1761/admin7349hjnt3/index.php:0
[09-Jan-2020 20:39:39 Asia/Kolkata] PHP   2. Dispatcher->dispatch() /home/users/karan.negi/www/html/prestashop1761/admin7349hjnt3/index.php:97
[09-Jan-2020 20:39:39 Asia/Kolkata] PHP   3. AdminCartsController->run() /home/users/karan.negi/www/html/prestashop1761/classes/Dispatcher.php:515
[09-Jan-2020 20:39:39 Asia/Kolkata] PHP   4. AdminCartsController->displayAjaxSearchCarts() /home/users/karan.negi/www/html/prestashop1761/classes/controller/Controller.php:307
[09-Jan-2020 20:39:39 Asia/Kolkata] PHP   5. OrderCore::getCustomerOrders() /home/users/karan.negi/www/html/prestashop1761/controllers/admin/AdminCartsController.php:753
[09-Jan-2020 20:39:39 Asia/Kolkata] PHP Notice:  Undefined index:  in /home/users/karan.negi/www/html/prestashop1761/classes/order/Order.php on line 944
[09-Jan-2020 20:39:39 Asia/Kolkata] PHP Stack trace:
[09-Jan-2020 20:39:39 Asia/Kolkata] PHP   1. {main}() /home/users/karan.negi/www/html/prestashop1761/admin7349hjnt3/index.php:0
[09-Jan-2020 20:39:39 Asia/Kolkata] PHP   2. Dispatcher->dispatch() /home/users/karan.negi/www/html/prestashop1761/admin7349hjnt3/index.php:97
[09-Jan-2020 20:39:39 Asia/Kolkata] PHP   3. AdminCartsController->run() /home/users/karan.negi/www/html/prestashop1761/classes/Dispatcher.php:515
[09-Jan-2020 20:39:39 Asia/Kolkata] PHP   4. AdminCartsController->displayAjaxSearchCarts() /home/users/karan.negi/www/html/prestashop1761/classes/controller/Controller.php:307
[09-Jan-2020 20:39:39 Asia/Kolkata] PHP   5. OrderCore::getCustomerOrders() /home/users/karan.negi/www/html/prestashop1761/controllers/admin/AdminCartsController.php:753
[09-Jan-2020 20:39:39 Asia/Kolkata] PHP Notice:  Undefined index:  in /home/users/karan.negi/www/html/prestashop1761/classes/order/Order.php on line 945
[09-Jan-2020 20:39:39 Asia/Kolkata] PHP Stack trace:
[09-Jan-2020 20:39:39 Asia/Kolkata] PHP   1. {main}() /home/users/karan.negi/www/html/prestashop1761/admin7349hjnt3/index.php:0
[09-Jan-2020 20:39:39 Asia/Kolkata] PHP   2. Dispatcher->dispatch() /home/users/karan.negi/www/html/prestashop1761/admin7349hjnt3/index.php:97
[09-Jan-2020 20:39:39 Asia/Kolkata] PHP   3. AdminCartsController->run() /home/users/karan.negi/www/html/prestashop1761/classes/Dispatcher.php:515
[09-Jan-2020 20:39:39 Asia/Kolkata] PHP   4. AdminCartsController->displayAjaxSearchCarts() /home/users/karan.negi/www/html/prestashop1761/classes/controller/Controller.php:307
[09-Jan-2020 20:39:39 Asia/Kolkata] PHP   5. OrderCore::getCustomerOrders() /home/users/karan.negi/www/html/prestashop1761/controllers/admin/AdminCartsController.php:753
[09-Jan-2020 20:39:39 Asia/Kolkata] PHP Notice:  Undefined index:  in /home/users/karan.negi/www/html/prestashop1761/classes/order/Order.php on line 946
[09-Jan-2020 20:39:39 Asia/Kolkata] PHP Stack trace:
[09-Jan-2020 20:39:39 Asia/Kolkata] PHP   1. {main}() /home/users/karan.negi/www/html/prestashop1761/admin7349hjnt3/index.php:0
[09-Jan-2020 20:39:39 Asia/Kolkata] PHP   2. Dispatcher->dispatch() /home/users/karan.negi/www/html/prestashop1761/admin7349hjnt3/index.php:97
[09-Jan-2020 20:39:39 Asia/Kolkata] PHP   3. AdminCartsController->run() /home/users/karan.negi/www/html/prestashop1761/classes/Dispatcher.php:515
[09-Jan-2020 20:39:39 Asia/Kolkata] PHP   4. AdminCartsController->displayAjaxSearchCarts() /home/users/karan.negi/www/html/prestashop1761/classes/controller/Controller.php:307
[09-Jan-2020 20:39:39 Asia/Kolkata] PHP   5. OrderCore::getCustomerOrders() /home/users/karan.negi/www/html/prestashop1761/controllers/admin/AdminCartsController.php:753
[09-Jan-2020 20:39:39 Asia/Kolkata] PHP Notice:  Undefined index:  in /home/users/karan.negi/www/html/prestashop1761/classes/order/Order.php on line 944
[09-Jan-2020 20:39:39 Asia/Kolkata] PHP Stack trace:
[09-Jan-2020 20:39:39 Asia/Kolkata] PHP   1. {main}() /home/users/karan.negi/www/html/prestashop1761/admin7349hjnt3/index.php:0
[09-Jan-2020 20:39:39 Asia/Kolkata] PHP   2. Dispatcher->dispatch() /home/users/karan.negi/www/html/prestashop1761/admin7349hjnt3/index.php:97
[09-Jan-2020 20:39:39 Asia/Kolkata] PHP   3. AdminCartsController->run() /home/users/karan.negi/www/html/prestashop1761/classes/Dispatcher.php:515
[09-Jan-2020 20:39:39 Asia/Kolkata] PHP   4. AdminCartsController->displayAjaxSearchCarts() /home/users/karan.negi/www/html/prestashop1761/classes/controller/Controller.php:307
[09-Jan-2020 20:39:39 Asia/Kolkata] PHP   5. OrderCore::getCustomerOrders() /home/users/karan.negi/www/html/prestashop1761/controllers/admin/AdminCartsController.php:753
[09-Jan-2020 20:39:39 Asia/Kolkata] PHP Notice:  Undefined index:  in /home/users/karan.negi/www/html/prestashop1761/classes/order/Order.php on line 945
[09-Jan-2020 20:39:39 Asia/Kolkata] PHP Stack trace:
[09-Jan-2020 20:39:39 Asia/Kolkata] PHP   1. {main}() /home/users/karan.negi/www/html/prestashop1761/admin7349hjnt3/index.php:0
[09-Jan-2020 20:39:39 Asia/Kolkata] PHP   2. Dispatcher->dispatch() /home/users/karan.negi/www/html/prestashop1761/admin7349hjnt3/index.php:97
[09-Jan-2020 20:39:39 Asia/Kolkata] PHP   3. AdminCartsController->run() /home/users/karan.negi/www/html/prestashop1761/classes/Dispatcher.php:515
[09-Jan-2020 20:39:39 Asia/Kolkata] PHP   4. AdminCartsController->displayAjaxSearchCarts() /home/users/karan.negi/www/html/prestashop1761/classes/controller/Controller.php:307
[09-Jan-2020 20:39:39 Asia/Kolkata] PHP   5. OrderCore::getCustomerOrders() /home/users/karan.negi/www/html/prestashop1761/controllers/admin/AdminCartsController.php:753
[09-Jan-2020 20:39:39 Asia/Kolkata] PHP Notice:  Undefined index:  in /home/users/karan.negi/www/html/prestashop1761/classes/order/Order.php on line 946
[09-Jan-2020 20:39:39 Asia/Kolkata] PHP Stack trace:
[09-Jan-2020 20:39:39 Asia/Kolkata] PHP   1. {main}() /home/users/karan.negi/www/html/prestashop1761/admin7349hjnt3/index.php:0
[09-Jan-2020 20:39:39 Asia/Kolkata] PHP   2. Dispatcher->dispatch() /home/users/karan.negi/www/html/prestashop1761/admin7349hjnt3/index.php:97
[09-Jan-2020 20:39:39 Asia/Kolkata] PHP   3. AdminCartsController->run() /home/users/karan.negi/www/html/prestashop1761/classes/Dispatcher.php:515
[09-Jan-2020 20:39:39 Asia/Kolkata] PHP   4. AdminCartsController->displayAjaxSearchCarts() /home/users/karan.negi/www/html/prestashop1761/classes/controller/Controller.php:307
[09-Jan-2020 20:39:39 Asia/Kolkata] PHP   5. OrderCore::getCustomerOrders() /home/users/karan.negi/www/html/prestashop1761/controllers/admin/AdminCartsController.php:753
[09-Jan-2020 20:39:39 Asia/Kolkata] PHP Notice:  Undefined index:  in /home/users/karan.negi/www/html/prestashop1761/classes/order/Order.php on line 944
[09-Jan-2020 20:39:39 Asia/Kolkata] PHP Stack trace:
[09-Jan-2020 20:39:39 Asia/Kolkata] PHP   1. {main}() /home/users/karan.negi/www/html/prestashop1761/admin7349hjnt3/index.php:0
[09-Jan-2020 20:39:39 Asia/Kolkata] PHP   2. Dispatcher->dispatch() /home/users/karan.negi/www/html/prestashop1761/admin7349hjnt3/index.php:97
[09-Jan-2020 20:39:39 Asia/Kolkata] PHP   3. AdminCartsController->run() /home/users/karan.negi/www/html/prestashop1761/classes/Dispatcher.php:515
[09-Jan-2020 20:39:39 Asia/Kolkata] PHP   4. AdminCartsController->displayAjaxSearchCarts() /home/users/karan.negi/www/html/prestashop1761/classes/controller/Controller.php:307
[09-Jan-2020 20:39:39 Asia/Kolkata] PHP   5. OrderCore::getCustomerOrders() /home/users/karan.negi/www/html/prestashop1761/controllers/admin/AdminCartsController.php:753
[09-Jan-2020 20:39:39 Asia/Kolkata] PHP Notice:  Undefined index:  in /home/users/karan.negi/www/html/prestashop1761/classes/order/Order.php on line 945
[09-Jan-2020 20:39:39 Asia/Kolkata] PHP Stack trace:
[09-Jan-2020 20:39:39 Asia/Kolkata] PHP   1. {main}() /home/users/karan.negi/www/html/prestashop1761/admin7349hjnt3/index.php:0
[09-Jan-2020 20:39:39 Asia/Kolkata] PHP   2. Dispatcher->dispatch() /home/users/karan.negi/www/html/prestashop1761/admin7349hjnt3/index.php:97
[09-Jan-2020 20:39:39 Asia/Kolkata] PHP   3. AdminCartsController->run() /home/users/karan.negi/www/html/prestashop1761/classes/Dispatcher.php:515
[09-Jan-2020 20:39:39 Asia/Kolkata] PHP   4. AdminCartsController->displayAjaxSearchCarts() /home/users/karan.negi/www/html/prestashop1761/classes/controller/Controller.php:307
[09-Jan-2020 20:39:39 Asia/Kolkata] PHP   5. OrderCore::getCustomerOrders() /home/users/karan.negi/www/html/prestashop1761/controllers/admin/AdminCartsController.php:753
[09-Jan-2020 20:39:39 Asia/Kolkata] PHP Notice:  Undefined index:  in /home/users/karan.negi/www/html/prestashop1761/classes/order/Order.php on line 946
[09-Jan-2020 20:39:39 Asia/Kolkata] PHP Stack trace:
[09-Jan-2020 20:39:39 Asia/Kolkata] PHP   1. {main}() /home/users/karan.negi/www/html/prestashop1761/admin7349hjnt3/index.php:0
[09-Jan-2020 20:39:39 Asia/Kolkata] PHP   2. Dispatcher->dispatch() /home/users/karan.negi/www/html/prestashop1761/admin7349hjnt3/index.php:97
[09-Jan-2020 20:39:39 Asia/Kolkata] PHP   3. AdminCartsController->run() /home/users/karan.negi/www/html/prestashop1761/classes/Dispatcher.php:515
[09-Jan-2020 20:39:39 Asia/Kolkata] PHP   4. AdminCartsController->displayAjaxSearchCarts() /home/users/karan.negi/www/html/prestashop1761/classes/controller/Controller.php:307
[09-Jan-2020 20:39:39 Asia/Kolkata] PHP   5. OrderCore::getCustomerOrders() /home/users/karan.negi/www/html/prestashop1761/controllers/admin/AdminCartsController.php:753
[09-Jan-2020 20:39:39 Asia/Kolkata] PHP Notice:  Undefined index:  in /home/users/karan.negi/www/html/prestashop1761/classes/order/Order.php on line 944
[09-Jan-2020 20:39:39 Asia/Kolkata] PHP Stack trace:
[09-Jan-2020 20:39:39 Asia/Kolkata] PHP   1. {main}() /home/users/karan.negi/www/html/prestashop1761/admin7349hjnt3/index.php:0
[09-Jan-2020 20:39:39 Asia/Kolkata] PHP   2. Dispatcher->dispatch() /home/users/karan.negi/www/html/prestashop1761/admin7349hjnt3/index.php:97
[09-Jan-2020 20:39:39 Asia/Kolkata] PHP   3. AdminCartsController->run() /home/users/karan.negi/www/html/prestashop1761/classes/Dispatcher.php:515
[09-Jan-2020 20:39:39 Asia/Kolkata] PHP   4. AdminCartsController->displayAjaxSearchCarts() /home/users/karan.negi/www/html/prestashop1761/classes/controller/Controller.php:307
[09-Jan-2020 20:39:39 Asia/Kolkata] PHP   5. OrderCore::getCustomerOrders() /home/users/karan.negi/www/html/prestashop1761/controllers/admin/AdminCartsController.php:753
[09-Jan-2020 20:39:39 Asia/Kolkata] PHP Notice:  Undefined index:  in /home/users/karan.negi/www/html/prestashop1761/classes/order/Order.php on line 945
[09-Jan-2020 20:39:39 Asia/Kolkata] PHP Stack trace:
[09-Jan-2020 20:39:39 Asia/Kolkata] PHP   1. {main}() /home/users/karan.negi/www/html/prestashop1761/admin7349hjnt3/index.php:0
[09-Jan-2020 20:39:39 Asia/Kolkata] PHP   2. Dispatcher->dispatch() /home/users/karan.negi/www/html/prestashop1761/admin7349hjnt3/index.php:97
[09-Jan-2020 20:39:39 Asia/Kolkata] PHP   3. AdminCartsController->run() /home/users/karan.negi/www/html/prestashop1761/classes/Dispatcher.php:515
[09-Jan-2020 20:39:39 Asia/Kolkata] PHP   4. AdminCartsController->displayAjaxSearchCarts() /home/users/karan.negi/www/html/prestashop1761/classes/controller/Controller.php:307
[09-Jan-2020 20:39:39 Asia/Kolkata] PHP   5. OrderCore::getCustomerOrders() /home/users/karan.negi/www/html/prestashop1761/controllers/admin/AdminCartsController.php:753
[09-Jan-2020 20:39:39 Asia/Kolkata] PHP Notice:  Undefined index:  in /home/users/karan.negi/www/html/prestashop1761/classes/order/Order.php on line 946
[09-Jan-2020 20:39:39 Asia/Kolkata] PHP Stack trace:
[09-Jan-2020 20:39:39 Asia/Kolkata] PHP   1. {main}() /home/users/karan.negi/www/html/prestashop1761/admin7349hjnt3/index.php:0
[09-Jan-2020 20:39:39 Asia/Kolkata] PHP   2. Dispatcher->dispatch() /home/users/karan.negi/www/html/prestashop1761/admin7349hjnt3/index.php:97
[09-Jan-2020 20:39:39 Asia/Kolkata] PHP   3. AdminCartsController->run() /home/users/karan.negi/www/html/prestashop1761/classes/Dispatcher.php:515
[09-Jan-2020 20:39:39 Asia/Kolkata] PHP   4. AdminCartsController->displayAjaxSearchCarts() /home/users/karan.negi/www/html/prestashop1761/classes/controller/Controller.php:307
[09-Jan-2020 20:39:39 Asia/Kolkata] PHP   5. OrderCore::getCustomerOrders() /home/users/karan.negi/www/html/prestashop1761/controllers/admin/AdminCartsController.php:753
[09-Jan-2020 20:39:39 Asia/Kolkata] PHP Notice:  Undefined index:  in /home/users/karan.negi/www/html/prestashop1761/classes/order/Order.php on line 944
[09-Jan-2020 20:39:39 Asia/Kolkata] PHP Stack trace:
[09-Jan-2020 20:39:39 Asia/Kolkata] PHP   1. {main}() /home/users/karan.negi/www/html/prestashop1761/admin7349hjnt3/index.php:0
[09-Jan-2020 20:39:39 Asia/Kolkata] PHP   2. Dispatcher->dispatch() /home/users/karan.negi/www/html/prestashop1761/admin7349hjnt3/index.php:97
[09-Jan-2020 20:39:39 Asia/Kolkata] PHP   3. AdminCartsController->run() /home/users/karan.negi/www/html/prestashop1761/classes/Dispatcher.php:515
[09-Jan-2020 20:39:39 Asia/Kolkata] PHP   4. AdminCartsController->displayAjaxSearchCarts() /home/users/karan.negi/www/html/prestashop1761/classes/controller/Controller.php:307
[09-Jan-2020 20:39:39 Asia/Kolkata] PHP   5. OrderCore::getCustomerOrders() /home/users/karan.negi/www/html/prestashop1761/controllers/admin/AdminCartsController.php:753
[09-Jan-2020 20:39:39 Asia/Kolkata] PHP Notice:  Undefined index:  in /home/users/karan.negi/www/html/prestashop1761/classes/order/Order.php on line 945
[09-Jan-2020 20:39:39 Asia/Kolkata] PHP Stack trace:
[09-Jan-2020 20:39:39 Asia/Kolkata] PHP   1. {main}() /home/users/karan.negi/www/html/prestashop1761/admin7349hjnt3/index.php:0
[09-Jan-2020 20:39:39 Asia/Kolkata] PHP   2. Dispatcher->dispatch() /home/users/karan.negi/www/html/prestashop1761/admin7349hjnt3/index.php:97
[09-Jan-2020 20:39:39 Asia/Kolkata] PHP   3. AdminCartsController->run() /home/users/karan.negi/www/html/prestashop1761/classes/Dispatcher.php:515
[09-Jan-2020 20:39:39 Asia/Kolkata] PHP   4. AdminCartsController->displayAjaxSearchCarts() /home/users/karan.negi/www/html/prestashop1761/classes/controller/Controller.php:307
[09-Jan-2020 20:39:39 Asia/Kolkata] PHP   5. OrderCore::getCustomerOrders() /home/users/karan.negi/www/html/prestashop1761/controllers/admin/AdminCartsController.php:753
[09-Jan-2020 20:39:39 Asia/Kolkata] PHP Notice:  Undefined index:  in /home/users/karan.negi/www/html/prestashop1761/classes/order/Order.php on line 946
[09-Jan-2020 20:39:39 Asia/Kolkata] PHP Stack trace:
[09-Jan-2020 20:39:39 Asia/Kolkata] PHP   1. {main}() /home/users/karan.negi/www/html/prestashop1761/admin7349hjnt3/index.php:0
[09-Jan-2020 20:39:39 Asia/Kolkata] PHP   2. Dispatcher->dispatch() /home/users/karan.negi/www/html/prestashop1761/admin7349hjnt3/index.php:97
[09-Jan-2020 20:39:39 Asia/Kolkata] PHP   3. AdminCartsController->run() /home/users/karan.negi/www/html/prestashop1761/classes/Dispatcher.php:515
[09-Jan-2020 20:39:39 Asia/Kolkata] PHP   4. AdminCartsController->displayAjaxSearchCarts() /home/users/karan.negi/www/html/prestashop1761/classes/controller/Controller.php:307
[09-Jan-2020 20:39:39 Asia/Kolkata] PHP   5. OrderCore::getCustomerOrders() /home/users/karan.negi/www/html/prestashop1761/controllers/admin/AdminCartsController.php:753
[09-Jan-2020 20:39:39 Asia/Kolkata] PHP Notice:  Undefined index:  in /home/users/karan.negi/www/html/prestashop1761/classes/order/Order.php on line 944
[09-Jan-2020 20:39:39 Asia/Kolkata] PHP Stack trace:
[09-Jan-2020 20:39:39 Asia/Kolkata] PHP   1. {main}() /home/users/karan.negi/www/html/prestashop1761/admin7349hjnt3/index.php:0
[09-Jan-2020 20:39:39 Asia/Kolkata] PHP   2. Dispatcher->dispatch() /home/users/karan.negi/www/html/prestashop1761/admin7349hjnt3/index.php:97
[09-Jan-2020 20:39:39 Asia/Kolkata] PHP   3. AdminCartsController->run() /home/users/karan.negi/www/html/prestashop1761/classes/Dispatcher.php:515
[09-Jan-2020 20:39:39 Asia/Kolkata] PHP   4. AdminCartsController->displayAjaxSearchCarts() /home/users/karan.negi/www/html/prestashop1761/classes/controller/Controller.php:307
[09-Jan-2020 20:39:39 Asia/Kolkata] PHP   5. OrderCore::getCustomerOrders() /home/users/karan.negi/www/html/prestashop1761/controllers/admin/AdminCartsController.php:753
[09-Jan-2020 20:39:39 Asia/Kolkata] PHP Notice:  Undefined index:  in /home/users/karan.negi/www/html/prestashop1761/classes/order/Order.php on line 945
[09-Jan-2020 20:39:39 Asia/Kolkata] PHP Stack trace:
[09-Jan-2020 20:39:39 Asia/Kolkata] PHP   1. {main}() /home/users/karan.negi/www/html/prestashop1761/admin7349hjnt3/index.php:0
[09-Jan-2020 20:39:39 Asia/Kolkata] PHP   2. Dispatcher->dispatch() /home/users/karan.negi/www/html/prestashop1761/admin7349hjnt3/index.php:97
[09-Jan-2020 20:39:39 Asia/Kolkata] PHP   3. AdminCartsController->run() /home/users/karan.negi/www/html/prestashop1761/classes/Dispatcher.php:515
[09-Jan-2020 20:39:39 Asia/Kolkata] PHP   4. AdminCartsController->displayAjaxSearchCarts() /home/users/karan.negi/www/html/prestashop1761/classes/controller/Controller.php:307
[09-Jan-2020 20:39:39 Asia/Kolkata] PHP   5. OrderCore::getCustomerOrders() /home/users/karan.negi/www/html/prestashop1761/controllers/admin/AdminCartsController.php:753
[09-Jan-2020 20:39:39 Asia/Kolkata] PHP Notice:  Undefined index:  in /home/users/karan.negi/www/html/prestashop1761/classes/order/Order.php on line 946
[09-Jan-2020 20:39:39 Asia/Kolkata] PHP Stack trace:
[09-Jan-2020 20:39:39 Asia/Kolkata] PHP   1. {main}() /home/users/karan.negi/www/html/prestashop1761/admin7349hjnt3/index.php:0
[09-Jan-2020 20:39:39 Asia/Kolkata] PHP   2. Dispatcher->dispatch() /home/users/karan.negi/www/html/prestashop1761/admin7349hjnt3/index.php:97
[09-Jan-2020 20:39:39 Asia/Kolkata] PHP   3. AdminCartsController->run() /home/users/karan.negi/www/html/prestashop1761/classes/Dispatcher.php:515
[09-Jan-2020 20:39:39 Asia/Kolkata] PHP   4. AdminCartsController->displayAjaxSearchCarts() /home/users/karan.negi/www/html/prestashop1761/classes/controller/Controller.php:307
[09-Jan-2020 20:39:39 Asia/Kolkata] PHP   5. OrderCore::getCustomerOrders() /home/users/karan.negi/www/html/prestashop1761/controllers/admin/AdminCartsController.php:753
[09-Jan-2020 20:39:39 Asia/Kolkata] PHP Notice:  Undefined index:  in /home/users/karan.negi/www/html/prestashop1761/classes/order/Order.php on line 944
[09-Jan-2020 20:39:39 Asia/Kolkata] PHP Stack trace:
[09-Jan-2020 20:39:39 Asia/Kolkata] PHP   1. {main}() /home/users/karan.negi/www/html/prestashop1761/admin7349hjnt3/index.php:0
[09-Jan-2020 20:39:39 Asia/Kolkata] PHP   2. Dispatcher->dispatch() /home/users/karan.negi/www/html/prestashop1761/admin7349hjnt3/index.php:97
[09-Jan-2020 20:39:39 Asia/Kolkata] PHP   3. AdminCartsController->run() /home/users/karan.negi/www/html/prestashop1761/classes/Dispatcher.php:515
[09-Jan-2020 20:39:39 Asia/Kolkata] PHP   4. AdminCartsController->displayAjaxSearchCarts() /home/users/karan.negi/www/html/prestashop1761/classes/controller/Controller.php:307
[09-Jan-2020 20:39:39 Asia/Kolkata] PHP   5. OrderCore::getCustomerOrders() /home/users/karan.negi/www/html/prestashop1761/controllers/admin/AdminCartsController.php:753
[09-Jan-2020 20:39:39 Asia/Kolkata] PHP Notice:  Undefined index:  in /home/users/karan.negi/www/html/prestashop1761/classes/order/Order.php on line 945
[09-Jan-2020 20:39:39 Asia/Kolkata] PHP Stack trace:
[09-Jan-2020 20:39:39 Asia/Kolkata] PHP   1. {main}() /home/users/karan.negi/www/html/prestashop1761/admin7349hjnt3/index.php:0
[09-Jan-2020 20:39:39 Asia/Kolkata] PHP   2. Dispatcher->dispatch() /home/users/karan.negi/www/html/prestashop1761/admin7349hjnt3/index.php:97
[09-Jan-2020 20:39:39 Asia/Kolkata] PHP   3. AdminCartsController->run() /home/users/karan.negi/www/html/prestashop1761/classes/Dispatcher.php:515
[09-Jan-2020 20:39:39 Asia/Kolkata] PHP   4. AdminCartsController->displayAjaxSearchCarts() /home/users/karan.negi/www/html/prestashop1761/classes/controller/Controller.php:307
[09-Jan-2020 20:39:39 Asia/Kolkata] PHP   5. OrderCore::getCustomerOrders() /home/users/karan.negi/www/html/prestashop1761/controllers/admin/AdminCartsController.php:753
[09-Jan-2020 20:39:39 Asia/Kolkata] PHP Notice:  Undefined index:  in /home/users/karan.negi/www/html/prestashop1761/classes/order/Order.php on line 946
[09-Jan-2020 20:39:39 Asia/Kolkata] PHP Stack trace:
[09-Jan-2020 20:39:39 Asia/Kolkata] PHP   1. {main}() /home/users/karan.negi/www/html/prestashop1761/admin7349hjnt3/index.php:0
[09-Jan-2020 20:39:39 Asia/Kolkata] PHP   2. Dispatcher->dispatch() /home/users/karan.negi/www/html/prestashop1761/admin7349hjnt3/index.php:97
[09-Jan-2020 20:39:39 Asia/Kolkata] PHP   3. AdminCartsController->run() /home/users/karan.negi/www/html/prestashop1761/classes/Dispatcher.php:515
[09-Jan-2020 20:39:39 Asia/Kolkata] PHP   4. AdminCartsController->displayAjaxSearchCarts() /home/users/karan.negi/www/html/prestashop1761/classes/controller/Controller.php:307
[09-Jan-2020 20:39:39 Asia/Kolkata] PHP   5. OrderCore::getCustomerOrders() /home/users/karan.negi/www/html/prestashop1761/controllers/admin/AdminCartsController.php:753
[09-Jan-2020 20:39:39 Asia/Kolkata] PHP Notice:  Undefined index:  in /home/users/karan.negi/www/html/prestashop1761/classes/order/Order.php on line 944
[09-Jan-2020 20:39:39 Asia/Kolkata] PHP Stack trace:
[09-Jan-2020 20:39:39 Asia/Kolkata] PHP   1. {main}() /home/users/karan.negi/www/html/prestashop1761/admin7349hjnt3/index.php:0
[09-Jan-2020 20:39:39 Asia/Kolkata] PHP   2. Dispatcher->dispatch() /home/users/karan.negi/www/html/prestashop1761/admin7349hjnt3/index.php:97
[09-Jan-2020 20:39:39 Asia/Kolkata] PHP   3. AdminCartsController->run() /home/users/karan.negi/www/html/prestashop1761/classes/Dispatcher.php:515
[09-Jan-2020 20:39:39 Asia/Kolkata] PHP   4. AdminCartsController->displayAjaxSearchCarts() /home/users/karan.negi/www/html/prestashop1761/classes/controller/Controller.php:307
[09-Jan-2020 20:39:39 Asia/Kolkata] PHP   5. OrderCore::getCustomerOrders() /home/users/karan.negi/www/html/prestashop1761/controllers/admin/AdminCartsController.php:753
[09-Jan-2020 20:39:39 Asia/Kolkata] PHP Notice:  Undefined index:  in /home/users/karan.negi/www/html/prestashop1761/classes/order/Order.php on line 945
[09-Jan-2020 20:39:39 Asia/Kolkata] PHP Stack trace:
[09-Jan-2020 20:39:39 Asia/Kolkata] PHP   1. {main}() /home/users/karan.negi/www/html/prestashop1761/admin7349hjnt3/index.php:0
[09-Jan-2020 20:39:39 Asia/Kolkata] PHP   2. Dispatcher->dispatch() /home/users/karan.negi/www/html/prestashop1761/admin7349hjnt3/index.php:97
[09-Jan-2020 20:39:39 Asia/Kolkata] PHP   3. AdminCartsController->run() /home/users/karan.negi/www/html/prestashop1761/classes/Dispatcher.php:515
[09-Jan-2020 20:39:39 Asia/Kolkata] PHP   4. AdminCartsController->displayAjaxSearchCarts() /home/users/karan.negi/www/html/prestashop1761/classes/controller/Controller.php:307
[09-Jan-2020 20:39:39 Asia/Kolkata] PHP   5. OrderCore::getCustomerOrders() /home/users/karan.negi/www/html/prestashop1761/controllers/admin/AdminCartsController.php:753
[09-Jan-2020 20:39:39 Asia/Kolkata] PHP Notice:  Undefined index:  in /home/users/karan.negi/www/html/prestashop1761/classes/order/Order.php on line 946
[09-Jan-2020 20:39:39 Asia/Kolkata] PHP Stack trace:
[09-Jan-2020 20:39:39 Asia/Kolkata] PHP   1. {main}() /home/users/karan.negi/www/html/prestashop1761/admin7349hjnt3/index.php:0
[09-Jan-2020 20:39:39 Asia/Kolkata] PHP   2. Dispatcher->dispatch() /home/users/karan.negi/www/html/prestashop1761/admin7349hjnt3/index.php:97
[09-Jan-2020 20:39:39 Asia/Kolkata] PHP   3. AdminCartsController->run() /home/users/karan.negi/www/html/prestashop1761/classes/Dispatcher.php:515
[09-Jan-2020 20:39:39 Asia/Kolkata] PHP   4. AdminCartsController->displayAjaxSearchCarts() /home/users/karan.negi/www/html/prestashop1761/classes/controller/Controller.php:307
[09-Jan-2020 20:39:39 Asia/Kolkata] PHP   5. OrderCore::getCustomerOrders() /home/users/karan.negi/www/html/prestashop1761/controllers/admin/AdminCartsController.php:753
[09-Jan-2020 20:39:39 Asia/Kolkata] PHP Notice:  Undefined index:  in /home/users/karan.negi/www/html/prestashop1761/classes/order/Order.php on line 944
[09-Jan-2020 20:39:39 Asia/Kolkata] PHP Stack trace:
[09-Jan-2020 20:39:39 Asia/Kolkata] PHP   1. {main}() /home/users/karan.negi/www/html/prestashop1761/admin7349hjnt3/index.php:0
[09-Jan-2020 20:39:39 Asia/Kolkata] PHP   2. Dispatcher->dispatch() /home/users/karan.negi/www/html/prestashop1761/admin7349hjnt3/index.php:97
[09-Jan-2020 20:39:39 Asia/Kolkata] PHP   3. AdminCartsController->run() /home/users/karan.negi/www/html/prestashop1761/classes/Dispatcher.php:515
[09-Jan-2020 20:39:39 Asia/Kolkata] PHP   4. AdminCartsController->displayAjaxSearchCarts() /home/users/karan.negi/www/html/prestashop1761/classes/controller/Controller.php:307
[09-Jan-2020 20:39:39 Asia/Kolkata] PHP   5. OrderCore::getCustomerOrders() /home/users/karan.negi/www/html/prestashop1761/controllers/admin/AdminCartsController.php:753
[09-Jan-2020 20:39:39 Asia/Kolkata] PHP Notice:  Undefined index:  in /home/users/karan.negi/www/html/prestashop1761/classes/order/Order.php on line 945
[09-Jan-2020 20:39:39 Asia/Kolkata] PHP Stack trace:
[09-Jan-2020 20:39:39 Asia/Kolkata] PHP   1. {main}() /home/users/karan.negi/www/html/prestashop1761/admin7349hjnt3/index.php:0
[09-Jan-2020 20:39:39 Asia/Kolkata] PHP   2. Dispatcher->dispatch() /home/users/karan.negi/www/html/prestashop1761/admin7349hjnt3/index.php:97
[09-Jan-2020 20:39:39 Asia/Kolkata] PHP   3. AdminCartsController->run() /home/users/karan.negi/www/html/prestashop1761/classes/Dispatcher.php:515
[09-Jan-2020 20:39:39 Asia/Kolkata] PHP   4. AdminCartsController->displayAjaxSearchCarts() /home/users/karan.negi/www/html/prestashop1761/classes/controller/Controller.php:307
[09-Jan-2020 20:39:39 Asia/Kolkata] PHP   5. OrderCore::getCustomerOrders() /home/users/karan.negi/www/html/prestashop1761/controllers/admin/AdminCartsController.php:753
[09-Jan-2020 20:39:39 Asia/Kolkata] PHP Notice:  Undefined index:  in /home/users/karan.negi/www/html/prestashop1761/classes/order/Order.php on line 946
[09-Jan-2020 20:39:39 Asia/Kolkata] PHP Stack trace:
[09-Jan-2020 20:39:39 Asia/Kolkata] PHP   1. {main}() /home/users/karan.negi/www/html/prestashop1761/admin7349hjnt3/index.php:0
[09-Jan-2020 20:39:39 Asia/Kolkata] PHP   2. Dispatcher->dispatch() /home/users/karan.negi/www/html/prestashop1761/admin7349hjnt3/index.php:97
[09-Jan-2020 20:39:39 Asia/Kolkata] PHP   3. AdminCartsController->run() /home/users/karan.negi/www/html/prestashop1761/classes/Dispatcher.php:515
[09-Jan-2020 20:39:39 Asia/Kolkata] PHP   4. AdminCartsController->displayAjaxSearchCarts() /home/users/karan.negi/www/html/prestashop1761/classes/controller/Controller.php:307
[09-Jan-2020 20:39:39 Asia/Kolkata] PHP   5. OrderCore::getCustomerOrders() /home/users/karan.negi/www/html/prestashop1761/controllers/admin/AdminCartsController.php:753
[09-Jan-2020 20:39:39 Asia/Kolkata] PHP Notice:  Undefined index:  in /home/users/karan.negi/www/html/prestashop1761/classes/order/Order.php on line 944
[09-Jan-2020 20:39:39 Asia/Kolkata] PHP Stack trace:
[09-Jan-2020 20:39:39 Asia/Kolkata] PHP   1. {main}() /home/users/karan.negi/www/html/prestashop1761/admin7349hjnt3/index.php:0
[09-Jan-2020 20:39:39 Asia/Kolkata] PHP   2. Dispatcher->dispatch() /home/users/karan.negi/www/html/prestashop1761/admin7349hjnt3/index.php:97
[09-Jan-2020 20:39:39 Asia/Kolkata] PHP   3. AdminCartsController->run() /home/users/karan.negi/www/html/prestashop1761/classes/Dispatcher.php:515
[09-Jan-2020 20:39:39 Asia/Kolkata] PHP   4. AdminCartsController->displayAjaxSearchCarts() /home/users/karan.negi/www/html/prestashop1761/classes/controller/Controller.php:307
[09-Jan-2020 20:39:39 Asia/Kolkata] PHP   5. OrderCore::getCustomerOrders() /home/users/karan.negi/www/html/prestashop1761/controllers/admin/AdminCartsController.php:753
[09-Jan-2020 20:39:39 Asia/Kolkata] PHP Notice:  Undefined index:  in /home/users/karan.negi/www/html/prestashop1761/classes/order/Order.php on line 945
[09-Jan-2020 20:39:39 Asia/Kolkata] PHP Stack trace:
[09-Jan-2020 20:39:39 Asia/Kolkata] PHP   1. {main}() /home/users/karan.negi/www/html/prestashop1761/admin7349hjnt3/index.php:0
[09-Jan-2020 20:39:39 Asia/Kolkata] PHP   2. Dispatcher->dispatch() /home/users/karan.negi/www/html/prestashop1761/admin7349hjnt3/index.php:97
[09-Jan-2020 20:39:39 Asia/Kolkata] PHP   3. AdminCartsController->run() /home/users/karan.negi/www/html/prestashop1761/classes/Dispatcher.php:515
[09-Jan-2020 20:39:39 Asia/Kolkata] PHP   4. AdminCartsController->displayAjaxSearchCarts() /home/users/karan.negi/www/html/prestashop1761/classes/controller/Controller.php:307
[09-Jan-2020 20:39:39 Asia/Kolkata] PHP   5. OrderCore::getCustomerOrders() /home/users/karan.negi/www/html/prestashop1761/controllers/admin/AdminCartsController.php:753
[09-Jan-2020 20:39:39 Asia/Kolkata] PHP Notice:  Undefined index:  in /home/users/karan.negi/www/html/prestashop1761/classes/order/Order.php on line 946
[09-Jan-2020 20:39:39 Asia/Kolkata] PHP Stack trace:
[09-Jan-2020 20:39:39 Asia/Kolkata] PHP   1. {main}() /home/users/karan.negi/www/html/prestashop1761/admin7349hjnt3/index.php:0
[09-Jan-2020 20:39:39 Asia/Kolkata] PHP   2. Dispatcher->dispatch() /home/users/karan.negi/www/html/prestashop1761/admin7349hjnt3/index.php:97
[09-Jan-2020 20:39:39 Asia/Kolkata] PHP   3. AdminCartsController->run() /home/users/karan.negi/www/html/prestashop1761/classes/Dispatcher.php:515
[09-Jan-2020 20:39:39 Asia/Kolkata] PHP   4. AdminCartsController->displayAjaxSearchCarts() /home/users/karan.negi/www/html/prestashop1761/classes/controller/Controller.php:307
[09-Jan-2020 20:39:39 Asia/Kolkata] PHP   5. OrderCore::getCustomerOrders() /home/users/karan.negi/www/html/prestashop1761/controllers/admin/AdminCartsController.php:753
[09-Jan-2020 20:39:39 Asia/Kolkata] PHP Notice:  Undefined index:  in /home/users/karan.negi/www/html/prestashop1761/classes/order/Order.php on line 944
[09-Jan-2020 20:39:39 Asia/Kolkata] PHP Stack trace:
[09-Jan-2020 20:39:39 Asia/Kolkata] PHP   1. {main}() /home/users/karan.negi/www/html/prestashop1761/admin7349hjnt3/index.php:0
[09-Jan-2020 20:39:39 Asia/Kolkata] PHP   2. Dispatcher->dispatch() /home/users/karan.negi/www/html/prestashop1761/admin7349hjnt3/index.php:97
[09-Jan-2020 20:39:39 Asia/Kolkata] PHP   3. AdminCartsController->run() /home/users/karan.negi/www/html/prestashop1761/classes/Dispatcher.php:515
[09-Jan-2020 20:39:39 Asia/Kolkata] PHP   4. AdminCartsController->displayAjaxSearchCarts() /home/users/karan.negi/www/html/prestashop1761/classes/controller/Controller.php:307
[09-Jan-2020 20:39:39 Asia/Kolkata] PHP   5. OrderCore::getCustomerOrders() /home/users/karan.negi/www/html/prestashop1761/controllers/admin/AdminCartsController.php:753
[09-Jan-2020 20:39:39 Asia/Kolkata] PHP Notice:  Undefined index:  in /home/users/karan.negi/www/html/prestashop1761/classes/order/Order.php on line 945
[09-Jan-2020 20:39:39 Asia/Kolkata] PHP Stack trace:
[09-Jan-2020 20:39:39 Asia/Kolkata] PHP   1. {main}() /home/users/karan.negi/www/html/prestashop1761/admin7349hjnt3/index.php:0
[09-Jan-2020 20:39:39 Asia/Kolkata] PHP   2. Dispatcher->dispatch() /home/users/karan.negi/www/html/prestashop1761/admin7349hjnt3/index.php:97
[09-Jan-2020 20:39:39 Asia/Kolkata] PHP   3. AdminCartsController->run() /home/users/karan.negi/www/html/prestashop1761/classes/Dispatcher.php:515
[09-Jan-2020 20:39:39 Asia/Kolkata] PHP   4. AdminCartsController->displayAjaxSearchCarts() /home/users/karan.negi/www/html/prestashop1761/classes/controller/Controller.php:307
[09-Jan-2020 20:39:39 Asia/Kolkata] PHP   5. OrderCore::getCustomerOrders() /home/users/karan.negi/www/html/prestashop1761/controllers/admin/AdminCartsController.php:753
[09-Jan-2020 20:39:39 Asia/Kolkata] PHP Notice:  Undefined index:  in /home/users/karan.negi/www/html/prestashop1761/classes/order/Order.php on line 946
[09-Jan-2020 20:39:39 Asia/Kolkata] PHP Stack trace:
[09-Jan-2020 20:39:39 Asia/Kolkata] PHP   1. {main}() /home/users/karan.negi/www/html/prestashop1761/admin7349hjnt3/index.php:0
[09-Jan-2020 20:39:39 Asia/Kolkata] PHP   2. Dispatcher->dispatch() /home/users/karan.negi/www/html/prestashop1761/admin7349hjnt3/index.php:97
[09-Jan-2020 20:39:39 Asia/Kolkata] PHP   3. AdminCartsController->run() /home/users/karan.negi/www/html/prestashop1761/classes/Dispatcher.php:515
[09-Jan-2020 20:39:39 Asia/Kolkata] PHP   4. AdminCartsController->displayAjaxSearchCarts() /home/users/karan.negi/www/html/prestashop1761/classes/controller/Controller.php:307
[09-Jan-2020 20:39:39 Asia/Kolkata] PHP   5. OrderCore::getCustomerOrders() /home/users/karan.negi/www/html/prestashop1761/controllers/admin/AdminCartsController.php:753
[09-Jan-2020 20:39:39 Asia/Kolkata] PHP Notice:  Undefined index:  in /home/users/karan.negi/www/html/prestashop1761/classes/order/Order.php on line 944
[09-Jan-2020 20:39:39 Asia/Kolkata] PHP Stack trace:
[09-Jan-2020 20:39:39 Asia/Kolkata] PHP   1. {main}() /home/users/karan.negi/www/html/prestashop1761/admin7349hjnt3/index.php:0
[09-Jan-2020 20:39:39 Asia/Kolkata] PHP   2. Dispatcher->dispatch() /home/users/karan.negi/www/html/prestashop1761/admin7349hjnt3/index.php:97
[09-Jan-2020 20:39:39 Asia/Kolkata] PHP   3. AdminCartsController->run() /home/users/karan.negi/www/html/prestashop1761/classes/Dispatcher.php:515
[09-Jan-2020 20:39:39 Asia/Kolkata] PHP   4. AdminCartsController->displayAjaxSearchCarts() /home/users/karan.negi/www/html/prestashop1761/classes/controller/Controller.php:307
[09-Jan-2020 20:39:39 Asia/Kolkata] PHP   5. OrderCore::getCustomerOrders() /home/users/karan.negi/www/html/prestashop1761/controllers/admin/AdminCartsController.php:753
[09-Jan-2020 20:39:39 Asia/Kolkata] PHP Notice:  Undefined index:  in /home/users/karan.negi/www/html/prestashop1761/classes/order/Order.php on line 945
[09-Jan-2020 20:39:39 Asia/Kolkata] PHP Stack trace:
[09-Jan-2020 20:39:39 Asia/Kolkata] PHP   1. {main}() /home/users/karan.negi/www/html/prestashop1761/admin7349hjnt3/index.php:0
[09-Jan-2020 20:39:39 Asia/Kolkata] PHP   2. Dispatcher->dispatch() /home/users/karan.negi/www/html/prestashop1761/admin7349hjnt3/index.php:97
[09-Jan-2020 20:39:39 Asia/Kolkata] PHP   3. AdminCartsController->run() /home/users/karan.negi/www/html/prestashop1761/classes/Dispatcher.php:515
[09-Jan-2020 20:39:39 Asia/Kolkata] PHP   4. AdminCartsController->displayAjaxSearchCarts() /home/users/karan.negi/www/html/prestashop1761/classes/controller/Controller.php:307
[09-Jan-2020 20:39:39 Asia/Kolkata] PHP   5. OrderCore::getCustomerOrders() /home/users/karan.negi/www/html/prestashop1761/controllers/admin/AdminCartsController.php:753
[09-Jan-2020 20:39:39 Asia/Kolkata] PHP Notice:  Undefined index:  in /home/users/karan.negi/www/html/prestashop1761/classes/order/Order.php on line 946
[09-Jan-2020 20:39:39 Asia/Kolkata] PHP Stack trace:
[09-Jan-2020 20:39:39 Asia/Kolkata] PHP   1. {main}() /home/users/karan.negi/www/html/prestashop1761/admin7349hjnt3/index.php:0
[09-Jan-2020 20:39:39 Asia/Kolkata] PHP   2. Dispatcher->dispatch() /home/users/karan.negi/www/html/prestashop1761/admin7349hjnt3/index.php:97
[09-Jan-2020 20:39:39 Asia/Kolkata] PHP   3. AdminCartsController->run() /home/users/karan.negi/www/html/prestashop1761/classes/Dispatcher.php:515
[09-Jan-2020 20:39:39 Asia/Kolkata] PHP   4. AdminCartsController->displayAjaxSearchCarts() /home/users/karan.negi/www/html/prestashop1761/classes/controller/Controller.php:307
[09-Jan-2020 20:39:39 Asia/Kolkata] PHP   5. OrderCore::getCustomerOrders() /home/users/karan.negi/www/html/prestashop1761/controllers/admin/AdminCartsController.php:753
[09-Jan-2020 20:39:39 Asia/Kolkata] PHP Notice:  Undefined index:  in /home/users/karan.negi/www/html/prestashop1761/classes/order/Order.php on line 944
[09-Jan-2020 20:39:39 Asia/Kolkata] PHP Stack trace:
[09-Jan-2020 20:39:39 Asia/Kolkata] PHP   1. {main}() /home/users/karan.negi/www/html/prestashop1761/admin7349hjnt3/index.php:0
[09-Jan-2020 20:39:39 Asia/Kolkata] PHP   2. Dispatcher->dispatch() /home/users/karan.negi/www/html/prestashop1761/admin7349hjnt3/index.php:97
[09-Jan-2020 20:39:39 Asia/Kolkata] PHP   3. AdminCartsController->run() /home/users/karan.negi/www/html/prestashop1761/classes/Dispatcher.php:515
[09-Jan-2020 20:39:39 Asia/Kolkata] PHP   4. AdminCartsController->displayAjaxSearchCarts() /home/users/karan.negi/www/html/prestashop1761/classes/controller/Controller.php:307
[09-Jan-2020 20:39:39 Asia/Kolkata] PHP   5. OrderCore::getCustomerOrders() /home/users/karan.negi/www/html/prestashop1761/controllers/admin/AdminCartsController.php:753
[09-Jan-2020 20:39:39 Asia/Kolkata] PHP Notice:  Undefined index:  in /home/users/karan.negi/www/html/prestashop1761/classes/order/Order.php on line 945
[09-Jan-2020 20:39:39 Asia/Kolkata] PHP Stack trace:
[09-Jan-2020 20:39:39 Asia/Kolkata] PHP   1. {main}() /home/users/karan.negi/www/html/prestashop1761/admin7349hjnt3/index.php:0
[09-Jan-2020 20:39:39 Asia/Kolkata] PHP   2. Dispatcher->dispatch() /home/users/karan.negi/www/html/prestashop1761/admin7349hjnt3/index.php:97
[09-Jan-2020 20:39:39 Asia/Kolkata] PHP   3. AdminCartsController->run() /home/users/karan.negi/www/html/prestashop1761/classes/Dispatcher.php:515
[09-Jan-2020 20:39:39 Asia/Kolkata] PHP   4. AdminCartsController->displayAjaxSearchCarts() /home/users/karan.negi/www/html/prestashop1761/classes/controller/Controller.php:307
[09-Jan-2020 20:39:39 Asia/Kolkata] PHP   5. OrderCore::getCustomerOrders() /home/users/karan.negi/www/html/prestashop1761/controllers/admin/AdminCartsController.php:753
[09-Jan-2020 20:39:39 Asia/Kolkata] PHP Notice:  Undefined index:  in /home/users/karan.negi/www/html/prestashop1761/classes/order/Order.php on line 946
[09-Jan-2020 20:39:39 Asia/Kolkata] PHP Stack trace:
[09-Jan-2020 20:39:39 Asia/Kolkata] PHP   1. {main}() /home/users/karan.negi/www/html/prestashop1761/admin7349hjnt3/index.php:0
[09-Jan-2020 20:39:39 Asia/Kolkata] PHP   2. Dispatcher->dispatch() /home/users/karan.negi/www/html/prestashop1761/admin7349hjnt3/index.php:97
[09-Jan-2020 20:39:39 Asia/Kolkata] PHP   3. AdminCartsController->run() /home/users/karan.negi/www/html/prestashop1761/classes/Dispatcher.php:515
[09-Jan-2020 20:39:39 Asia/Kolkata] PHP   4. AdminCartsController->displayAjaxSearchCarts() /home/users/karan.negi/www/html/prestashop1761/classes/controller/Controller.php:307
[09-Jan-2020 20:39:39 Asia/Kolkata] PHP   5. OrderCore::getCustomerOrders() /home/users/karan.negi/www/html/prestashop1761/controllers/admin/AdminCartsController.php:753
[09-Jan-2020 20:39:39 Asia/Kolkata] PHP Notice:  Undefined index:  in /home/users/karan.negi/www/html/prestashop1761/classes/order/Order.php on line 944
[09-Jan-2020 20:39:39 Asia/Kolkata] PHP Stack trace:
[09-Jan-2020 20:39:39 Asia/Kolkata] PHP   1. {main}() /home/users/karan.negi/www/html/prestashop1761/admin7349hjnt3/index.php:0
[09-Jan-2020 20:39:39 Asia/Kolkata] PHP   2. Dispatcher->dispatch() /home/users/karan.negi/www/html/prestashop1761/admin7349hjnt3/index.php:97
[09-Jan-2020 20:39:39 Asia/Kolkata] PHP   3. AdminCartsController->run() /home/users/karan.negi/www/html/prestashop1761/classes/Dispatcher.php:515
[09-Jan-2020 20:39:39 Asia/Kolkata] PHP   4. AdminCartsController->displayAjaxSearchCarts() /home/users/karan.negi/www/html/prestashop1761/classes/controller/Controller.php:307
[09-Jan-2020 20:39:39 Asia/Kolkata] PHP   5. OrderCore::getCustomerOrders() /home/users/karan.negi/www/html/prestashop1761/controllers/admin/AdminCartsController.php:753
[09-Jan-2020 20:39:39 Asia/Kolkata] PHP Notice:  Undefined index:  in /home/users/karan.negi/www/html/prestashop1761/classes/order/Order.php on line 945
[09-Jan-2020 20:39:39 Asia/Kolkata] PHP Stack trace:
[09-Jan-2020 20:39:39 Asia/Kolkata] PHP   1. {main}() /home/users/karan.negi/www/html/prestashop1761/admin7349hjnt3/index.php:0
[09-Jan-2020 20:39:39 Asia/Kolkata] PHP   2. Dispatcher->dispatch() /home/users/karan.negi/www/html/prestashop1761/admin7349hjnt3/index.php:97
[09-Jan-2020 20:39:39 Asia/Kolkata] PHP   3. AdminCartsController->run() /home/users/karan.negi/www/html/prestashop1761/classes/Dispatcher.php:515
[09-Jan-2020 20:39:39 Asia/Kolkata] PHP   4. AdminCartsController->displayAjaxSearchCarts() /home/users/karan.negi/www/html/prestashop1761/classes/controller/Controller.php:307
[09-Jan-2020 20:39:39 Asia/Kolkata] PHP   5. OrderCore::getCustomerOrders() /home/users/karan.negi/www/html/prestashop1761/controllers/admin/AdminCartsController.php:753
[09-Jan-2020 20:39:39 Asia/Kolkata] PHP Notice:  Undefined index:  in /home/users/karan.negi/www/html/prestashop1761/classes/order/Order.php on line 946
[09-Jan-2020 20:39:39 Asia/Kolkata] PHP Stack trace:
[09-Jan-2020 20:39:39 Asia/Kolkata] PHP   1. {main}() /home/users/karan.negi/www/html/prestashop1761/admin7349hjnt3/index.php:0
[09-Jan-2020 20:39:39 Asia/Kolkata] PHP   2. Dispatcher->dispatch() /home/users/karan.negi/www/html/prestashop1761/admin7349hjnt3/index.php:97
[09-Jan-2020 20:39:39 Asia/Kolkata] PHP   3. AdminCartsController->run() /home/users/karan.negi/www/html/prestashop1761/classes/Dispatcher.php:515
[09-Jan-2020 20:39:39 Asia/Kolkata] PHP   4. AdminCartsController->displayAjaxSearchCarts() /home/users/karan.negi/www/html/prestashop1761/classes/controller/Controller.php:307
[09-Jan-2020 20:39:39 Asia/Kolkata] PHP   5. OrderCore::getCustomerOrders() /home/users/karan.negi/www/html/prestashop1761/controllers/admin/AdminCartsController.php:753
[09-Jan-2020 20:39:39 Asia/Kolkata] PHP Notice:  Undefined index:  in /home/users/karan.negi/www/html/prestashop1761/classes/order/Order.php on line 944
[09-Jan-2020 20:39:39 Asia/Kolkata] PHP Stack trace:
[09-Jan-2020 20:39:39 Asia/Kolkata] PHP   1. {main}() /home/users/karan.negi/www/html/prestashop1761/admin7349hjnt3/index.php:0
[09-Jan-2020 20:39:39 Asia/Kolkata] PHP   2. Dispatcher->dispatch() /home/users/karan.negi/www/html/prestashop1761/admin7349hjnt3/index.php:97
[09-Jan-2020 20:39:39 Asia/Kolkata] PHP   3. AdminCartsController->run() /home/users/karan.negi/www/html/prestashop1761/classes/Dispatcher.php:515
[09-Jan-2020 20:39:39 Asia/Kolkata] PHP   4. AdminCartsController->displayAjaxSearchCarts() /home/users/karan.negi/www/html/prestashop1761/classes/controller/Controller.php:307
[09-Jan-2020 20:39:39 Asia/Kolkata] PHP   5. OrderCore::getCustomerOrders() /home/users/karan.negi/www/html/prestashop1761/controllers/admin/AdminCartsController.php:753
[09-Jan-2020 20:39:39 Asia/Kolkata] PHP Notice:  Undefined index:  in /home/users/karan.negi/www/html/prestashop1761/classes/order/Order.php on line 945
[09-Jan-2020 20:39:39 Asia/Kolkata] PHP Stack trace:
[09-Jan-2020 20:39:39 Asia/Kolkata] PHP   1. {main}() /home/users/karan.negi/www/html/prestashop1761/admin7349hjnt3/index.php:0
[09-Jan-2020 20:39:39 Asia/Kolkata] PHP   2. Dispatcher->dispatch() /home/users/karan.negi/www/html/prestashop1761/admin7349hjnt3/index.php:97
[09-Jan-2020 20:39:39 Asia/Kolkata] PHP   3. AdminCartsController->run() /home/users/karan.negi/www/html/prestashop1761/classes/Dispatcher.php:515
[09-Jan-2020 20:39:39 Asia/Kolkata] PHP   4. AdminCartsController->displayAjaxSearchCarts() /home/users/karan.negi/www/html/prestashop1761/classes/controller/Controller.php:307
[09-Jan-2020 20:39:39 Asia/Kolkata] PHP   5. OrderCore::getCustomerOrders() /home/users/karan.negi/www/html/prestashop1761/controllers/admin/AdminCartsController.php:753
[09-Jan-2020 20:39:39 Asia/Kolkata] PHP Notice:  Undefined index:  in /home/users/karan.negi/www/html/prestashop1761/classes/order/Order.php on line 946
[09-Jan-2020 20:39:39 Asia/Kolkata] PHP Stack trace:
[09-Jan-2020 20:39:39 Asia/Kolkata] PHP   1. {main}() /home/users/karan.negi/www/html/prestashop1761/admin7349hjnt3/index.php:0
[09-Jan-2020 20:39:39 Asia/Kolkata] PHP   2. Dispatcher->dispatch() /home/users/karan.negi/www/html/prestashop1761/admin7349hjnt3/index.php:97
[09-Jan-2020 20:39:39 Asia/Kolkata] PHP   3. AdminCartsController->run() /home/users/karan.negi/www/html/prestashop1761/classes/Dispatcher.php:515
[09-Jan-2020 20:39:39 Asia/Kolkata] PHP   4. AdminCartsController->displayAjaxSearchCarts() /home/users/karan.negi/www/html/prestashop1761/classes/controller/Controller.php:307
[09-Jan-2020 20:39:39 Asia/Kolkata] PHP   5. OrderCore::getCustomerOrders() /home/users/karan.negi/www/html/prestashop1761/controllers/admin/AdminCartsController.php:753
[09-Jan-2020 20:39:39 Asia/Kolkata] PHP Notice:  Undefined index:  in /home/users/karan.negi/www/html/prestashop1761/classes/order/Order.php on line 944
[09-Jan-2020 20:39:39 Asia/Kolkata] PHP Stack trace:
[09-Jan-2020 20:39:39 Asia/Kolkata] PHP   1. {main}() /home/users/karan.negi/www/html/prestashop1761/admin7349hjnt3/index.php:0
[09-Jan-2020 20:39:39 Asia/Kolkata] PHP   2. Dispatcher->dispatch() /home/users/karan.negi/www/html/prestashop1761/admin7349hjnt3/index.php:97
[09-Jan-2020 20:39:39 Asia/Kolkata] PHP   3. AdminCartsController->run() /home/users/karan.negi/www/html/prestashop1761/classes/Dispatcher.php:515
[09-Jan-2020 20:39:39 Asia/Kolkata] PHP   4. AdminCartsController->displayAjaxSearchCarts() /home/users/karan.negi/www/html/prestashop1761/classes/controller/Controller.php:307
[09-Jan-2020 20:39:39 Asia/Kolkata] PHP   5. OrderCore::getCustomerOrders() /home/users/karan.negi/www/html/prestashop1761/controllers/admin/AdminCartsController.php:753
[09-Jan-2020 20:39:39 Asia/Kolkata] PHP Notice:  Undefined index:  in /home/users/karan.negi/www/html/prestashop1761/classes/order/Order.php on line 945
[09-Jan-2020 20:39:39 Asia/Kolkata] PHP Stack trace:
[09-Jan-2020 20:39:39 Asia/Kolkata] PHP   1. {main}() /home/users/karan.negi/www/html/prestashop1761/admin7349hjnt3/index.php:0
[09-Jan-2020 20:39:39 Asia/Kolkata] PHP   2. Dispatcher->dispatch() /home/users/karan.negi/www/html/prestashop1761/admin7349hjnt3/index.php:97
[09-Jan-2020 20:39:39 Asia/Kolkata] PHP   3. AdminCartsController->run() /home/users/karan.negi/www/html/prestashop1761/classes/Dispatcher.php:515
[09-Jan-2020 20:39:39 Asia/Kolkata] PHP   4. AdminCartsController->displayAjaxSearchCarts() /home/users/karan.negi/www/html/prestashop1761/classes/controller/Controller.php:307
[09-Jan-2020 20:39:39 Asia/Kolkata] PHP   5. OrderCore::getCustomerOrders() /home/users/karan.negi/www/html/prestashop1761/controllers/admin/AdminCartsController.php:753
[09-Jan-2020 20:39:39 Asia/Kolkata] PHP Notice:  Undefined index:  in /home/users/karan.negi/www/html/prestashop1761/classes/order/Order.php on line 946
[09-Jan-2020 20:39:39 Asia/Kolkata] PHP Stack trace:
[09-Jan-2020 20:39:39 Asia/Kolkata] PHP   1. {main}() /home/users/karan.negi/www/html/prestashop1761/admin7349hjnt3/index.php:0
[09-Jan-2020 20:39:39 Asia/Kolkata] PHP   2. Dispatcher->dispatch() /home/users/karan.negi/www/html/prestashop1761/admin7349hjnt3/index.php:97
[09-Jan-2020 20:39:39 Asia/Kolkata] PHP   3. AdminCartsController->run() /home/users/karan.negi/www/html/prestashop1761/classes/Dispatcher.php:515
[09-Jan-2020 20:39:39 Asia/Kolkata] PHP   4. AdminCartsController->displayAjaxSearchCarts() /home/users/karan.negi/www/html/prestashop1761/classes/controller/Controller.php:307
[09-Jan-2020 20:39:39 Asia/Kolkata] PHP   5. OrderCore::getCustomerOrders() /home/users/karan.negi/www/html/prestashop1761/controllers/admin/AdminCartsController.php:753
[09-Jan-2020 20:39:39 Asia/Kolkata] PHP Notice:  Undefined index:  in /home/users/karan.negi/www/html/prestashop1761/classes/order/Order.php on line 944
[09-Jan-2020 20:39:39 Asia/Kolkata] PHP Stack trace:
[09-Jan-2020 20:39:39 Asia/Kolkata] PHP   1. {main}() /home/users/karan.negi/www/html/prestashop1761/admin7349hjnt3/index.php:0
[09-Jan-2020 20:39:39 Asia/Kolkata] PHP   2. Dispatcher->dispatch() /home/users/karan.negi/www/html/prestashop1761/admin7349hjnt3/index.php:97
[09-Jan-2020 20:39:39 Asia/Kolkata] PHP   3. AdminCartsController->run() /home/users/karan.negi/www/html/prestashop1761/classes/Dispatcher.php:515
[09-Jan-2020 20:39:39 Asia/Kolkata] PHP   4. AdminCartsController->displayAjaxSearchCarts() /home/users/karan.negi/www/html/prestashop1761/classes/controller/Controller.php:307
[09-Jan-2020 20:39:39 Asia/Kolkata] PHP   5. OrderCore::getCustomerOrders() /home/users/karan.negi/www/html/prestashop1761/controllers/admin/AdminCartsController.php:753
[09-Jan-2020 20:39:39 Asia/Kolkata] PHP Notice:  Undefined index:  in /home/users/karan.negi/www/html/prestashop1761/classes/order/Order.php on line 945
[09-Jan-2020 20:39:39 Asia/Kolkata] PHP Stack trace:
[09-Jan-2020 20:39:39 Asia/Kolkata] PHP   1. {main}() /home/users/karan.negi/www/html/prestashop1761/admin7349hjnt3/index.php:0
[09-Jan-2020 20:39:39 Asia/Kolkata] PHP   2. Dispatcher->dispatch() /home/users/karan.negi/www/html/prestashop1761/admin7349hjnt3/index.php:97
[09-Jan-2020 20:39:39 Asia/Kolkata] PHP   3. AdminCartsController->run() /home/users/karan.negi/www/html/prestashop1761/classes/Dispatcher.php:515
[09-Jan-2020 20:39:39 Asia/Kolkata] PHP   4. AdminCartsController->displayAjaxSearchCarts() /home/users/karan.negi/www/html/prestashop1761/classes/controller/Controller.php:307
[09-Jan-2020 20:39:39 Asia/Kolkata] PHP   5. OrderCore::getCustomerOrders() /home/users/karan.negi/www/html/prestashop1761/controllers/admin/AdminCartsController.php:753
[09-Jan-2020 20:39:39 Asia/Kolkata] PHP Notice:  Undefined index:  in /home/users/karan.negi/www/html/prestashop1761/classes/order/Order.php on line 946
[09-Jan-2020 20:39:39 Asia/Kolkata] PHP Stack trace:
[09-Jan-2020 20:39:39 Asia/Kolkata] PHP   1. {main}() /home/users/karan.negi/www/html/prestashop1761/admin7349hjnt3/index.php:0
[09-Jan-2020 20:39:39 Asia/Kolkata] PHP   2. Dispatcher->dispatch() /home/users/karan.negi/www/html/prestashop1761/admin7349hjnt3/index.php:97
[09-Jan-2020 20:39:39 Asia/Kolkata] PHP   3. AdminCartsController->run() /home/users/karan.negi/www/html/prestashop1761/classes/Dispatcher.php:515
[09-Jan-2020 20:39:39 Asia/Kolkata] PHP   4. AdminCartsController->displayAjaxSearchCarts() /home/users/karan.negi/www/html/prestashop1761/classes/controller/Controller.php:307
[09-Jan-2020 20:39:39 Asia/Kolkata] PHP   5. OrderCore::getCustomerOrders() /home/users/karan.negi/www/html/prestashop1761/controllers/admin/AdminCartsController.php:753
[09-Jan-2020 20:39:39 Asia/Kolkata] PHP Notice:  Undefined index:  in /home/users/karan.negi/www/html/prestashop1761/classes/order/Order.php on line 944
[09-Jan-2020 20:39:39 Asia/Kolkata] PHP Stack trace:
[09-Jan-2020 20:39:39 Asia/Kolkata] PHP   1. {main}() /home/users/karan.negi/www/html/prestashop1761/admin7349hjnt3/index.php:0
[09-Jan-2020 20:39:39 Asia/Kolkata] PHP   2. Dispatcher->dispatch() /home/users/karan.negi/www/html/prestashop1761/admin7349hjnt3/index.php:97
[09-Jan-2020 20:39:39 Asia/Kolkata] PHP   3. AdminCartsController->run() /home/users/karan.negi/www/html/prestashop1761/classes/Dispatcher.php:515
[09-Jan-2020 20:39:39 Asia/Kolkata] PHP   4. AdminCartsController->displayAjaxSearchCarts() /home/users/karan.negi/www/html/prestashop1761/classes/controller/Controller.php:307
[09-Jan-2020 20:39:39 Asia/Kolkata] PHP   5. OrderCore::getCustomerOrders() /home/users/karan.negi/www/html/prestashop1761/controllers/admin/AdminCartsController.php:753
[09-Jan-2020 20:39:39 Asia/Kolkata] PHP Notice:  Undefined index:  in /home/users/karan.negi/www/html/prestashop1761/classes/order/Order.php on line 945
[09-Jan-2020 20:39:39 Asia/Kolkata] PHP Stack trace:
[09-Jan-2020 20:39:39 Asia/Kolkata] PHP   1. {main}() /home/users/karan.negi/www/html/prestashop1761/admin7349hjnt3/index.php:0
[09-Jan-2020 20:39:39 Asia/Kolkata] PHP   2. Dispatcher->dispatch() /home/users/karan.negi/www/html/prestashop1761/admin7349hjnt3/index.php:97
[09-Jan-2020 20:39:39 Asia/Kolkata] PHP   3. AdminCartsController->run() /home/users/karan.negi/www/html/prestashop1761/classes/Dispatcher.php:515
[09-Jan-2020 20:39:39 Asia/Kolkata] PHP   4. AdminCartsController->displayAjaxSearchCarts() /home/users/karan.negi/www/html/prestashop1761/classes/controller/Controller.php:307
[09-Jan-2020 20:39:39 Asia/Kolkata] PHP   5. OrderCore::getCustomerOrders() /home/users/karan.negi/www/html/prestashop1761/controllers/admin/AdminCartsController.php:753
[09-Jan-2020 20:39:39 Asia/Kolkata] PHP Notice:  Undefined index:  in /home/users/karan.negi/www/html/prestashop1761/classes/order/Order.php on line 946
[09-Jan-2020 20:39:39 Asia/Kolkata] PHP Stack trace:
[09-Jan-2020 20:39:39 Asia/Kolkata] PHP   1. {main}() /home/users/karan.negi/www/html/prestashop1761/admin7349hjnt3/index.php:0
[09-Jan-2020 20:39:39 Asia/Kolkata] PHP   2. Dispatcher->dispatch() /home/users/karan.negi/www/html/prestashop1761/admin7349hjnt3/index.php:97
[09-Jan-2020 20:39:39 Asia/Kolkata] PHP   3. AdminCartsController->run() /home/users/karan.negi/www/html/prestashop1761/classes/Dispatcher.php:515
[09-Jan-2020 20:39:39 Asia/Kolkata] PHP   4. AdminCartsController->displayAjaxSearchCarts() /home/users/karan.negi/www/html/prestashop1761/classes/controller/Controller.php:307
[09-Jan-2020 20:39:39 Asia/Kolkata] PHP   5. OrderCore::getCustomerOrders() /home/users/karan.negi/www/html/prestashop1761/controllers/admin/AdminCartsController.php:753
[09-Jan-2020 20:39:39 Asia/Kolkata] PHP Notice:  Undefined index:  in /home/users/karan.negi/www/html/prestashop1761/classes/order/Order.php on line 944
[09-Jan-2020 20:39:39 Asia/Kolkata] PHP Stack trace:
[09-Jan-2020 20:39:39 Asia/Kolkata] PHP   1. {main}() /home/users/karan.negi/www/html/prestashop1761/admin7349hjnt3/index.php:0
[09-Jan-2020 20:39:39 Asia/Kolkata] PHP   2. Dispatcher->dispatch() /home/users/karan.negi/www/html/prestashop1761/admin7349hjnt3/index.php:97
[09-Jan-2020 20:39:39 Asia/Kolkata] PHP   3. AdminCartsController->run() /home/users/karan.negi/www/html/prestashop1761/classes/Dispatcher.php:515
[09-Jan-2020 20:39:39 Asia/Kolkata] PHP   4. AdminCartsController->displayAjaxSearchCarts() /home/users/karan.negi/www/html/prestashop1761/classes/controller/Controller.php:307
[09-Jan-2020 20:39:39 Asia/Kolkata] PHP   5. OrderCore::getCustomerOrders() /home/users/karan.negi/www/html/prestashop1761/controllers/admin/AdminCartsController.php:753
[09-Jan-2020 20:39:39 Asia/Kolkata] PHP Notice:  Undefined index:  in /home/users/karan.negi/www/html/prestashop1761/classes/order/Order.php on line 945
[09-Jan-2020 20:39:39 Asia/Kolkata] PHP Stack trace:
[09-Jan-2020 20:39:39 Asia/Kolkata] PHP   1. {main}() /home/users/karan.negi/www/html/prestashop1761/admin7349hjnt3/index.php:0
[09-Jan-2020 20:39:39 Asia/Kolkata] PHP   2. Dispatcher->dispatch() /home/users/karan.negi/www/html/prestashop1761/admin7349hjnt3/index.php:97
[09-Jan-2020 20:39:39 Asia/Kolkata] PHP   3. AdminCartsController->run() /home/users/karan.negi/www/html/prestashop1761/classes/Dispatcher.php:515
[09-Jan-2020 20:39:39 Asia/Kolkata] PHP   4. AdminCartsController->displayAjaxSearchCarts() /home/users/karan.negi/www/html/prestashop1761/classes/controller/Controller.php:307
[09-Jan-2020 20:39:39 Asia/Kolkata] PHP   5. OrderCore::getCustomerOrders() /home/users/karan.negi/www/html/prestashop1761/controllers/admin/AdminCartsController.php:753
[09-Jan-2020 20:39:39 Asia/Kolkata] PHP Notice:  Undefined index:  in /home/users/karan.negi/www/html/prestashop1761/classes/order/Order.php on line 946
[09-Jan-2020 20:39:39 Asia/Kolkata] PHP Stack trace:
[09-Jan-2020 20:39:39 Asia/Kolkata] PHP   1. {main}() /home/users/karan.negi/www/html/prestashop1761/admin7349hjnt3/index.php:0
[09-Jan-2020 20:39:39 Asia/Kolkata] PHP   2. Dispatcher->dispatch() /home/users/karan.negi/www/html/prestashop1761/admin7349hjnt3/index.php:97
[09-Jan-2020 20:39:39 Asia/Kolkata] PHP   3. AdminCartsController->run() /home/users/karan.negi/www/html/prestashop1761/classes/Dispatcher.php:515
[09-Jan-2020 20:39:39 Asia/Kolkata] PHP   4. AdminCartsController->displayAjaxSearchCarts() /home/users/karan.negi/www/html/prestashop1761/classes/controller/Controller.php:307
[09-Jan-2020 20:39:39 Asia/Kolkata] PHP   5. OrderCore::getCustomerOrders() /home/users/karan.negi/www/html/prestashop1761/controllers/admin/AdminCartsController.php:753
[09-Jan-2020 20:39:39 Asia/Kolkata] PHP Notice:  Undefined index:  in /home/users/karan.negi/www/html/prestashop1761/classes/order/Order.php on line 944
[09-Jan-2020 20:39:39 Asia/Kolkata] PHP Stack trace:
[09-Jan-2020 20:39:39 Asia/Kolkata] PHP   1. {main}() /home/users/karan.negi/www/html/prestashop1761/admin7349hjnt3/index.php:0
[09-Jan-2020 20:39:39 Asia/Kolkata] PHP   2. Dispatcher->dispatch() /home/users/karan.negi/www/html/prestashop1761/admin7349hjnt3/index.php:97
[09-Jan-2020 20:39:39 Asia/Kolkata] PHP   3. AdminCartsController->run() /home/users/karan.negi/www/html/prestashop1761/classes/Dispatcher.php:515
[09-Jan-2020 20:39:39 Asia/Kolkata] PHP   4. AdminCartsController->displayAjaxSearchCarts() /home/users/karan.negi/www/html/prestashop1761/classes/controller/Controller.php:307
[09-Jan-2020 20:39:39 Asia/Kolkata] PHP   5. OrderCore::getCustomerOrders() /home/users/karan.negi/www/html/prestashop1761/controllers/admin/AdminCartsController.php:753
[09-Jan-2020 20:39:39 Asia/Kolkata] PHP Notice:  Undefined index:  in /home/users/karan.negi/www/html/prestashop1761/classes/order/Order.php on line 945
[09-Jan-2020 20:39:39 Asia/Kolkata] PHP Stack trace:
[09-Jan-2020 20:39:39 Asia/Kolkata] PHP   1. {main}() /home/users/karan.negi/www/html/prestashop1761/admin7349hjnt3/index.php:0
[09-Jan-2020 20:39:39 Asia/Kolkata] PHP   2. Dispatcher->dispatch() /home/users/karan.negi/www/html/prestashop1761/admin7349hjnt3/index.php:97
[09-Jan-2020 20:39:39 Asia/Kolkata] PHP   3. AdminCartsController->run() /home/users/karan.negi/www/html/prestashop1761/classes/Dispatcher.php:515
[09-Jan-2020 20:39:39 Asia/Kolkata] PHP   4. AdminCartsController->displayAjaxSearchCarts() /home/users/karan.negi/www/html/prestashop1761/classes/controller/Controller.php:307
[09-Jan-2020 20:39:39 Asia/Kolkata] PHP   5. OrderCore::getCustomerOrders() /home/users/karan.negi/www/html/prestashop1761/controllers/admin/AdminCartsController.php:753
[09-Jan-2020 20:39:39 Asia/Kolkata] PHP Notice:  Undefined index:  in /home/users/karan.negi/www/html/prestashop1761/classes/order/Order.php on line 946
[09-Jan-2020 20:39:39 Asia/Kolkata] PHP Stack trace:
[09-Jan-2020 20:39:39 Asia/Kolkata] PHP   1. {main}() /home/users/karan.negi/www/html/prestashop1761/admin7349hjnt3/index.php:0
[09-Jan-2020 20:39:39 Asia/Kolkata] PHP   2. Dispatcher->dispatch() /home/users/karan.negi/www/html/prestashop1761/admin7349hjnt3/index.php:97
[09-Jan-2020 20:39:39 Asia/Kolkata] PHP   3. AdminCartsController->run() /home/users/karan.negi/www/html/prestashop1761/classes/Dispatcher.php:515
[09-Jan-2020 20:39:39 Asia/Kolkata] PHP   4. AdminCartsController->displayAjaxSearchCarts() /home/users/karan.negi/www/html/prestashop1761/classes/controller/Controller.php:307
[09-Jan-2020 20:39:39 Asia/Kolkata] PHP   5. OrderCore::getCustomerOrders() /home/users/karan.negi/www/html/prestashop1761/controllers/admin/AdminCartsController.php:753
[09-Jan-2020 20:39:39 Asia/Kolkata] PHP Notice:  Undefined index:  in /home/users/karan.negi/www/html/prestashop1761/classes/order/Order.php on line 944
[09-Jan-2020 20:39:39 Asia/Kolkata] PHP Stack trace:
[09-Jan-2020 20:39:39 Asia/Kolkata] PHP   1. {main}() /home/users/karan.negi/www/html/prestashop1761/admin7349hjnt3/index.php:0
[09-Jan-2020 20:39:39 Asia/Kolkata] PHP   2. Dispatcher->dispatch() /home/users/karan.negi/www/html/prestashop1761/admin7349hjnt3/index.php:97
[09-Jan-2020 20:39:39 Asia/Kolkata] PHP   3. AdminCartsController->run() /home/users/karan.negi/www/html/prestashop1761/classes/Dispatcher.php:515
[09-Jan-2020 20:39:39 Asia/Kolkata] PHP   4. AdminCartsController->displayAjaxSearchCarts() /home/users/karan.negi/www/html/prestashop1761/classes/controller/Controller.php:307
[09-Jan-2020 20:39:39 Asia/Kolkata] PHP   5. OrderCore::getCustomerOrders() /home/users/karan.negi/www/html/prestashop1761/controllers/admin/AdminCartsController.php:753
[09-Jan-2020 20:39:39 Asia/Kolkata] PHP Notice:  Undefined index:  in /home/users/karan.negi/www/html/prestashop1761/classes/order/Order.php on line 945
[09-Jan-2020 20:39:39 Asia/Kolkata] PHP Stack trace:
[09-Jan-2020 20:39:39 Asia/Kolkata] PHP   1. {main}() /home/users/karan.negi/www/html/prestashop1761/admin7349hjnt3/index.php:0
[09-Jan-2020 20:39:39 Asia/Kolkata] PHP   2. Dispatcher->dispatch() /home/users/karan.negi/www/html/prestashop1761/admin7349hjnt3/index.php:97
[09-Jan-2020 20:39:39 Asia/Kolkata] PHP   3. AdminCartsController->run() /home/users/karan.negi/www/html/prestashop1761/classes/Dispatcher.php:515
[09-Jan-2020 20:39:39 Asia/Kolkata] PHP   4. AdminCartsController->displayAjaxSearchCarts() /home/users/karan.negi/www/html/prestashop1761/classes/controller/Controller.php:307
[09-Jan-2020 20:39:39 Asia/Kolkata] PHP   5. OrderCore::getCustomerOrders() /home/users/karan.negi/www/html/prestashop1761/controllers/admin/AdminCartsController.php:753
[09-Jan-2020 20:39:39 Asia/Kolkata] PHP Notice:  Undefined index:  in /home/users/karan.negi/www/html/prestashop1761/classes/order/Order.php on line 946
[09-Jan-2020 20:39:39 Asia/Kolkata] PHP Stack trace:
[09-Jan-2020 20:39:39 Asia/Kolkata] PHP   1. {main}() /home/users/karan.negi/www/html/prestashop1761/admin7349hjnt3/index.php:0
[09-Jan-2020 20:39:39 Asia/Kolkata] PHP   2. Dispatcher->dispatch() /home/users/karan.negi/www/html/prestashop1761/admin7349hjnt3/index.php:97
[09-Jan-2020 20:39:39 Asia/Kolkata] PHP   3. AdminCartsController->run() /home/users/karan.negi/www/html/prestashop1761/classes/Dispatcher.php:515
[09-Jan-2020 20:39:39 Asia/Kolkata] PHP   4. AdminCartsController->displayAjaxSearchCarts() /home/users/karan.negi/www/html/prestashop1761/classes/controller/Controller.php:307
[09-Jan-2020 20:39:39 Asia/Kolkata] PHP   5. OrderCore::getCustomerOrders() /home/users/karan.negi/www/html/prestashop1761/controllers/admin/AdminCartsController.php:753
[09-Jan-2020 20:39:39 Asia/Kolkata] PHP Notice:  Undefined index:  in /home/users/karan.negi/www/html/prestashop1761/classes/order/Order.php on line 944
[09-Jan-2020 20:39:39 Asia/Kolkata] PHP Stack trace:
[09-Jan-2020 20:39:39 Asia/Kolkata] PHP   1. {main}() /home/users/karan.negi/www/html/prestashop1761/admin7349hjnt3/index.php:0
[09-Jan-2020 20:39:39 Asia/Kolkata] PHP   2. Dispatcher->dispatch() /home/users/karan.negi/www/html/prestashop1761/admin7349hjnt3/index.php:97
[09-Jan-2020 20:39:39 Asia/Kolkata] PHP   3. AdminCartsController->run() /home/users/karan.negi/www/html/prestashop1761/classes/Dispatcher.php:515
[09-Jan-2020 20:39:39 Asia/Kolkata] PHP   4. AdminCartsController->displayAjaxSearchCarts() /home/users/karan.negi/www/html/prestashop1761/classes/controller/Controller.php:307
[09-Jan-2020 20:39:39 Asia/Kolkata] PHP   5. OrderCore::getCustomerOrders() /home/users/karan.negi/www/html/prestashop1761/controllers/admin/AdminCartsController.php:753
[09-Jan-2020 20:39:39 Asia/Kolkata] PHP Notice:  Undefined index:  in /home/users/karan.negi/www/html/prestashop1761/classes/order/Order.php on line 945
[09-Jan-2020 20:39:39 Asia/Kolkata] PHP Stack trace:
[09-Jan-2020 20:39:39 Asia/Kolkata] PHP   1. {main}() /home/users/karan.negi/www/html/prestashop1761/admin7349hjnt3/index.php:0
[09-Jan-2020 20:39:39 Asia/Kolkata] PHP   2. Dispatcher->dispatch() /home/users/karan.negi/www/html/prestashop1761/admin7349hjnt3/index.php:97
[09-Jan-2020 20:39:39 Asia/Kolkata] PHP   3. AdminCartsController->run() /home/users/karan.negi/www/html/prestashop1761/classes/Dispatcher.php:515
[09-Jan-2020 20:39:39 Asia/Kolkata] PHP   4. AdminCartsController->displayAjaxSearchCarts() /home/users/karan.negi/www/html/prestashop1761/classes/controller/Controller.php:307
[09-Jan-2020 20:39:39 Asia/Kolkata] PHP   5. OrderCore::getCustomerOrders() /home/users/karan.negi/www/html/prestashop1761/controllers/admin/AdminCartsController.php:753
[09-Jan-2020 20:39:39 Asia/Kolkata] PHP Notice:  Undefined index:  in /home/users/karan.negi/www/html/prestashop1761/classes/order/Order.php on line 946
[09-Jan-2020 20:39:39 Asia/Kolkata] PHP Stack trace:
[09-Jan-2020 20:39:39 Asia/Kolkata] PHP   1. {main}() /home/users/karan.negi/www/html/prestashop1761/admin7349hjnt3/index.php:0
[09-Jan-2020 20:39:39 Asia/Kolkata] PHP   2. Dispatcher->dispatch() /home/users/karan.negi/www/html/prestashop1761/admin7349hjnt3/index.php:97
[09-Jan-2020 20:39:39 Asia/Kolkata] PHP   3. AdminCartsController->run() /home/users/karan.negi/www/html/prestashop1761/classes/Dispatcher.php:515
[09-Jan-2020 20:39:39 Asia/Kolkata] PHP   4. AdminCartsController->displayAjaxSearchCarts() /home/users/karan.negi/www/html/prestashop1761/classes/controller/Controller.php:307
[09-Jan-2020 20:39:39 Asia/Kolkata] PHP   5. OrderCore::getCustomerOrders() /home/users/karan.negi/www/html/prestashop1761/controllers/admin/AdminCartsController.php:753
[09-Jan-2020 20:39:39 Asia/Kolkata] PHP Notice:  Undefined index:  in /home/users/karan.negi/www/html/prestashop1761/classes/order/Order.php on line 944
[09-Jan-2020 20:39:39 Asia/Kolkata] PHP Stack trace:
[09-Jan-2020 20:39:39 Asia/Kolkata] PHP   1. {main}() /home/users/karan.negi/www/html/prestashop1761/admin7349hjnt3/index.php:0
[09-Jan-2020 20:39:39 Asia/Kolkata] PHP   2. Dispatcher->dispatch() /home/users/karan.negi/www/html/prestashop1761/admin7349hjnt3/index.php:97
[09-Jan-2020 20:39:39 Asia/Kolkata] PHP   3. AdminCartsController->run() /home/users/karan.negi/www/html/prestashop1761/classes/Dispatcher.php:515
[09-Jan-2020 20:39:39 Asia/Kolkata] PHP   4. AdminCartsController->displayAjaxSearchCarts() /home/users/karan.negi/www/html/prestashop1761/classes/controller/Controller.php:307
[09-Jan-2020 20:39:39 Asia/Kolkata] PHP   5. OrderCore::getCustomerOrders() /home/users/karan.negi/www/html/prestashop1761/controllers/admin/AdminCartsController.php:753
[09-Jan-2020 20:39:39 Asia/Kolkata] PHP Notice:  Undefined index:  in /home/users/karan.negi/www/html/prestashop1761/classes/order/Order.php on line 945
[09-Jan-2020 20:39:39 Asia/Kolkata] PHP Stack trace:
[09-Jan-2020 20:39:39 Asia/Kolkata] PHP   1. {main}() /home/users/karan.negi/www/html/prestashop1761/admin7349hjnt3/index.php:0
[09-Jan-2020 20:39:39 Asia/Kolkata] PHP   2. Dispatcher->dispatch() /home/users/karan.negi/www/html/prestashop1761/admin7349hjnt3/index.php:97
[09-Jan-2020 20:39:39 Asia/Kolkata] PHP   3. AdminCartsController->run() /home/users/karan.negi/www/html/prestashop1761/classes/Dispatcher.php:515
[09-Jan-2020 20:39:39 Asia/Kolkata] PHP   4. AdminCartsController->displayAjaxSearchCarts() /home/users/karan.negi/www/html/prestashop1761/classes/controller/Controller.php:307
[09-Jan-2020 20:39:39 Asia/Kolkata] PHP   5. OrderCore::getCustomerOrders() /home/users/karan.negi/www/html/prestashop1761/controllers/admin/AdminCartsController.php:753
[09-Jan-2020 20:39:39 Asia/Kolkata] PHP Notice:  Undefined index:  in /home/users/karan.negi/www/html/prestashop1761/classes/order/Order.php on line 946
[09-Jan-2020 20:39:39 Asia/Kolkata] PHP Stack trace:
[09-Jan-2020 20:39:39 Asia/Kolkata] PHP   1. {main}() /home/users/karan.negi/www/html/prestashop1761/admin7349hjnt3/index.php:0
[09-Jan-2020 20:39:39 Asia/Kolkata] PHP   2. Dispatcher->dispatch() /home/users/karan.negi/www/html/prestashop1761/admin7349hjnt3/index.php:97
[09-Jan-2020 20:39:39 Asia/Kolkata] PHP   3. AdminCartsController->run() /home/users/karan.negi/www/html/prestashop1761/classes/Dispatcher.php:515
[09-Jan-2020 20:39:39 Asia/Kolkata] PHP   4. AdminCartsController->displayAjaxSearchCarts() /home/users/karan.negi/www/html/prestashop1761/classes/controller/Controller.php:307
[09-Jan-2020 20:39:39 Asia/Kolkata] PHP   5. OrderCore::getCustomerOrders() /home/users/karan.negi/www/html/prestashop1761/controllers/admin/AdminCartsController.php:753
[09-Jan-2020 20:39:39 Asia/Kolkata] PHP Notice:  Undefined index:  in /home/users/karan.negi/www/html/prestashop1761/classes/order/Order.php on line 944
[09-Jan-2020 20:39:39 Asia/Kolkata] PHP Stack trace:
[09-Jan-2020 20:39:39 Asia/Kolkata] PHP   1. {main}() /home/users/karan.negi/www/html/prestashop1761/admin7349hjnt3/index.php:0
[09-Jan-2020 20:39:39 Asia/Kolkata] PHP   2. Dispatcher->dispatch() /home/users/karan.negi/www/html/prestashop1761/admin7349hjnt3/index.php:97
[09-Jan-2020 20:39:39 Asia/Kolkata] PHP   3. AdminCartsController->run() /home/users/karan.negi/www/html/prestashop1761/classes/Dispatcher.php:515
[09-Jan-2020 20:39:39 Asia/Kolkata] PHP   4. AdminCartsController->displayAjaxSearchCarts() /home/users/karan.negi/www/html/prestashop1761/classes/controller/Controller.php:307
[09-Jan-2020 20:39:39 Asia/Kolkata] PHP   5. OrderCore::getCustomerOrders() /home/users/karan.negi/www/html/prestashop1761/controllers/admin/AdminCartsController.php:753
[09-Jan-2020 20:39:39 Asia/Kolkata] PHP Notice:  Undefined index:  in /home/users/karan.negi/www/html/prestashop1761/classes/order/Order.php on line 945
[09-Jan-2020 20:39:39 Asia/Kolkata] PHP Stack trace:
[09-Jan-2020 20:39:39 Asia/Kolkata] PHP   1. {main}() /home/users/karan.negi/www/html/prestashop1761/admin7349hjnt3/index.php:0
[09-Jan-2020 20:39:39 Asia/Kolkata] PHP   2. Dispatcher->dispatch() /home/users/karan.negi/www/html/prestashop1761/admin7349hjnt3/index.php:97
[09-Jan-2020 20:39:39 Asia/Kolkata] PHP   3. AdminCartsController->run() /home/users/karan.negi/www/html/prestashop1761/classes/Dispatcher.php:515
[09-Jan-2020 20:39:39 Asia/Kolkata] PHP   4. AdminCartsController->displayAjaxSearchCarts() /home/users/karan.negi/www/html/prestashop1761/classes/controller/Controller.php:307
[09-Jan-2020 20:39:39 Asia/Kolkata] PHP   5. OrderCore::getCustomerOrders() /home/users/karan.negi/www/html/prestashop1761/controllers/admin/AdminCartsController.php:753
[09-Jan-2020 20:39:39 Asia/Kolkata] PHP Notice:  Undefined index:  in /home/users/karan.negi/www/html/prestashop1761/classes/order/Order.php on line 946
[09-Jan-2020 20:39:39 Asia/Kolkata] PHP Stack trace:
[09-Jan-2020 20:39:39 Asia/Kolkata] PHP   1. {main}() /home/users/karan.negi/www/html/prestashop1761/admin7349hjnt3/index.php:0
[09-Jan-2020 20:39:39 Asia/Kolkata] PHP   2. Dispatcher->dispatch() /home/users/karan.negi/www/html/prestashop1761/admin7349hjnt3/index.php:97
[09-Jan-2020 20:39:39 Asia/Kolkata] PHP   3. AdminCartsController->run() /home/users/karan.negi/www/html/prestashop1761/classes/Dispatcher.php:515
[09-Jan-2020 20:39:39 Asia/Kolkata] PHP   4. AdminCartsController->displayAjaxSearchCarts() /home/users/karan.negi/www/html/prestashop1761/classes/controller/Controller.php:307
[09-Jan-2020 20:39:39 Asia/Kolkata] PHP   5. OrderCore::getCustomerOrders() /home/users/karan.negi/www/html/prestashop1761/controllers/admin/AdminCartsController.php:753
[09-Jan-2020 20:39:39 Asia/Kolkata] PHP Notice:  Undefined index:  in /home/users/karan.negi/www/html/prestashop1761/classes/order/Order.php on line 944
[09-Jan-2020 20:39:39 Asia/Kolkata] PHP Stack trace:
[09-Jan-2020 20:39:39 Asia/Kolkata] PHP   1. {main}() /home/users/karan.negi/www/html/prestashop1761/admin7349hjnt3/index.php:0
[09-Jan-2020 20:39:39 Asia/Kolkata] PHP   2. Dispatcher->dispatch() /home/users/karan.negi/www/html/prestashop1761/admin7349hjnt3/index.php:97
[09-Jan-2020 20:39:39 Asia/Kolkata] PHP   3. AdminCartsController->run() /home/users/karan.negi/www/html/prestashop1761/classes/Dispatcher.php:515
[09-Jan-2020 20:39:39 Asia/Kolkata] PHP   4. AdminCartsController->displayAjaxSearchCarts() /home/users/karan.negi/www/html/prestashop1761/classes/controller/Controller.php:307
[09-Jan-2020 20:39:39 Asia/Kolkata] PHP   5. OrderCore::getCustomerOrders() /home/users/karan.negi/www/html/prestashop1761/controllers/admin/AdminCartsController.php:753
[09-Jan-2020 20:39:39 Asia/Kolkata] PHP Notice:  Undefined index:  in /home/users/karan.negi/www/html/prestashop1761/classes/order/Order.php on line 945
[09-Jan-2020 20:39:39 Asia/Kolkata] PHP Stack trace:
[09-Jan-2020 20:39:39 Asia/Kolkata] PHP   1. {main}() /home/users/karan.negi/www/html/prestashop1761/admin7349hjnt3/index.php:0
[09-Jan-2020 20:39:39 Asia/Kolkata] PHP   2. Dispatcher->dispatch() /home/users/karan.negi/www/html/prestashop1761/admin7349hjnt3/index.php:97
[09-Jan-2020 20:39:39 Asia/Kolkata] PHP   3. AdminCartsController->run() /home/users/karan.negi/www/html/prestashop1761/classes/Dispatcher.php:515
[09-Jan-2020 20:39:39 Asia/Kolkata] PHP   4. AdminCartsController->displayAjaxSearchCarts() /home/users/karan.negi/www/html/prestashop1761/classes/controller/Controller.php:307
[09-Jan-2020 20:39:39 Asia/Kolkata] PHP   5. OrderCore::getCustomerOrders() /home/users/karan.negi/www/html/prestashop1761/controllers/admin/AdminCartsController.php:753
[09-Jan-2020 20:39:39 Asia/Kolkata] PHP Notice:  Undefined index:  in /home/users/karan.negi/www/html/prestashop1761/classes/order/Order.php on line 946
[09-Jan-2020 20:39:39 Asia/Kolkata] PHP Stack trace:
[09-Jan-2020 20:39:39 Asia/Kolkata] PHP   1. {main}() /home/users/karan.negi/www/html/prestashop1761/admin7349hjnt3/index.php:0
[09-Jan-2020 20:39:39 Asia/Kolkata] PHP   2. Dispatcher->dispatch() /home/users/karan.negi/www/html/prestashop1761/admin7349hjnt3/index.php:97
[09-Jan-2020 20:39:39 Asia/Kolkata] PHP   3. AdminCartsController->run() /home/users/karan.negi/www/html/prestashop1761/classes/Dispatcher.php:515
[09-Jan-2020 20:39:39 Asia/Kolkata] PHP   4. AdminCartsController->displayAjaxSearchCarts() /home/users/karan.negi/www/html/prestashop1761/classes/controller/Controller.php:307
[09-Jan-2020 20:39:39 Asia/Kolkata] PHP   5. OrderCore::getCustomerOrders() /home/users/karan.negi/www/html/prestashop1761/controllers/admin/AdminCartsController.php:753
[09-Jan-2020 20:39:39 Asia/Kolkata] PHP Notice:  Undefined index:  in /home/users/karan.negi/www/html/prestashop1761/classes/order/Order.php on line 944
[09-Jan-2020 20:39:39 Asia/Kolkata] PHP Stack trace:
[09-Jan-2020 20:39:39 Asia/Kolkata] PHP   1. {main}() /home/users/karan.negi/www/html/prestashop1761/admin7349hjnt3/index.php:0
[09-Jan-2020 20:39:39 Asia/Kolkata] PHP   2. Dispatcher->dispatch() /home/users/karan.negi/www/html/prestashop1761/admin7349hjnt3/index.php:97
[09-Jan-2020 20:39:39 Asia/Kolkata] PHP   3. AdminCartsController->run() /home/users/karan.negi/www/html/prestashop1761/classes/Dispatcher.php:515
[09-Jan-2020 20:39:39 Asia/Kolkata] PHP   4. AdminCartsController->displayAjaxSearchCarts() /home/users/karan.negi/www/html/prestashop1761/classes/controller/Controller.php:307
[09-Jan-2020 20:39:39 Asia/Kolkata] PHP   5. OrderCore::getCustomerOrders() /home/users/karan.negi/www/html/prestashop1761/controllers/admin/AdminCartsController.php:753
[09-Jan-2020 20:39:39 Asia/Kolkata] PHP Notice:  Undefined index:  in /home/users/karan.negi/www/html/prestashop1761/classes/order/Order.php on line 945
[09-Jan-2020 20:39:39 Asia/Kolkata] PHP Stack trace:
[09-Jan-2020 20:39:39 Asia/Kolkata] PHP   1. {main}() /home/users/karan.negi/www/html/prestashop1761/admin7349hjnt3/index.php:0
[09-Jan-2020 20:39:39 Asia/Kolkata] PHP   2. Dispatcher->dispatch() /home/users/karan.negi/www/html/prestashop1761/admin7349hjnt3/index.php:97
[09-Jan-2020 20:39:39 Asia/Kolkata] PHP   3. AdminCartsController->run() /home/users/karan.negi/www/html/prestashop1761/classes/Dispatcher.php:515
[09-Jan-2020 20:39:39 Asia/Kolkata] PHP   4. AdminCartsController->displayAjaxSearchCarts() /home/users/karan.negi/www/html/prestashop1761/classes/controller/Controller.php:307
[09-Jan-2020 20:39:39 Asia/Kolkata] PHP   5. OrderCore::getCustomerOrders() /home/users/karan.negi/www/html/prestashop1761/controllers/admin/AdminCartsController.php:753
[09-Jan-2020 20:39:39 Asia/Kolkata] PHP Notice:  Undefined index:  in /home/users/karan.negi/www/html/prestashop1761/classes/order/Order.php on line 946
[09-Jan-2020 20:39:39 Asia/Kolkata] PHP Stack trace:
[09-Jan-2020 20:39:39 Asia/Kolkata] PHP   1. {main}() /home/users/karan.negi/www/html/prestashop1761/admin7349hjnt3/index.php:0
[09-Jan-2020 20:39:39 Asia/Kolkata] PHP   2. Dispatcher->dispatch() /home/users/karan.negi/www/html/prestashop1761/admin7349hjnt3/index.php:97
[09-Jan-2020 20:39:39 Asia/Kolkata] PHP   3. AdminCartsController->run() /home/users/karan.negi/www/html/prestashop1761/classes/Dispatcher.php:515
[09-Jan-2020 20:39:39 Asia/Kolkata] PHP   4. AdminCartsController->displayAjaxSearchCarts() /home/users/karan.negi/www/html/prestashop1761/classes/controller/Controller.php:307
[09-Jan-2020 20:39:39 Asia/Kolkata] PHP   5. OrderCore::getCustomerOrders() /home/users/karan.negi/www/html/prestashop1761/controllers/admin/AdminCartsController.php:753
[09-Jan-2020 20:39:39 Asia/Kolkata] PHP Notice:  Undefined index:  in /home/users/karan.negi/www/html/prestashop1761/classes/order/Order.php on line 944
[09-Jan-2020 20:39:39 Asia/Kolkata] PHP Stack trace:
[09-Jan-2020 20:39:39 Asia/Kolkata] PHP   1. {main}() /home/users/karan.negi/www/html/prestashop1761/admin7349hjnt3/index.php:0
[09-Jan-2020 20:39:39 Asia/Kolkata] PHP   2. Dispatcher->dispatch() /home/users/karan.negi/www/html/prestashop1761/admin7349hjnt3/index.php:97
[09-Jan-2020 20:39:39 Asia/Kolkata] PHP   3. AdminCartsController->run() /home/users/karan.negi/www/html/prestashop1761/classes/Dispatcher.php:515
[09-Jan-2020 20:39:39 Asia/Kolkata] PHP   4. AdminCartsController->displayAjaxSearchCarts() /home/users/karan.negi/www/html/prestashop1761/classes/controller/Controller.php:307
[09-Jan-2020 20:39:39 Asia/Kolkata] PHP   5. OrderCore::getCustomerOrders() /home/users/karan.negi/www/html/prestashop1761/controllers/admin/AdminCartsController.php:753
[09-Jan-2020 20:39:39 Asia/Kolkata] PHP Notice:  Undefined index:  in /home/users/karan.negi/www/html/prestashop1761/classes/order/Order.php on line 945
[09-Jan-2020 20:39:39 Asia/Kolkata] PHP Stack trace:
[09-Jan-2020 20:39:39 Asia/Kolkata] PHP   1. {main}() /home/users/karan.negi/www/html/prestashop1761/admin7349hjnt3/index.php:0
[09-Jan-2020 20:39:39 Asia/Kolkata] PHP   2. Dispatcher->dispatch() /home/users/karan.negi/www/html/prestashop1761/admin7349hjnt3/index.php:97
[09-Jan-2020 20:39:39 Asia/Kolkata] PHP   3. AdminCartsController->run() /home/users/karan.negi/www/html/prestashop1761/classes/Dispatcher.php:515
[09-Jan-2020 20:39:39 Asia/Kolkata] PHP   4. AdminCartsController->displayAjaxSearchCarts() /home/users/karan.negi/www/html/prestashop1761/classes/controller/Controller.php:307
[09-Jan-2020 20:39:39 Asia/Kolkata] PHP   5. OrderCore::getCustomerOrders() /home/users/karan.negi/www/html/prestashop1761/controllers/admin/AdminCartsController.php:753
[09-Jan-2020 20:39:39 Asia/Kolkata] PHP Notice:  Undefined index:  in /home/users/karan.negi/www/html/prestashop1761/classes/order/Order.php on line 946
[09-Jan-2020 20:39:39 Asia/Kolkata] PHP Stack trace:
[09-Jan-2020 20:39:39 Asia/Kolkata] PHP   1. {main}() /home/users/karan.negi/www/html/prestashop1761/admin7349hjnt3/index.php:0
[09-Jan-2020 20:39:39 Asia/Kolkata] PHP   2. Dispatcher->dispatch() /home/users/karan.negi/www/html/prestashop1761/admin7349hjnt3/index.php:97
[09-Jan-2020 20:39:39 Asia/Kolkata] PHP   3. AdminCartsController->run() /home/users/karan.negi/www/html/prestashop1761/classes/Dispatcher.php:515
[09-Jan-2020 20:39:39 Asia/Kolkata] PHP   4. AdminCartsController->displayAjaxSearchCarts() /home/users/karan.negi/www/html/prestashop1761/classes/controller/Controller.php:307
[09-Jan-2020 20:39:39 Asia/Kolkata] PHP   5. OrderCore::getCustomerOrders() /home/users/karan.negi/www/html/prestashop1761/controllers/admin/AdminCartsController.php:753
[09-Jan-2020 20:39:39 Asia/Kolkata] PHP Notice:  Undefined index: PS_CATALOG_MODE in /home/users/karan.negi/www/html/prestashop1761/var/cache/prod/smarty/compile/fe/7d/d0/fe7dd02f51054784f0cf32f599e89f6e6b17102d_0.file._select_payment.tpl.php on line 25
[09-Jan-2020 20:39:39 Asia/Kolkata] PHP Stack trace:
[09-Jan-2020 20:39:39 Asia/Kolkata] PHP   1. {main}() /home/users/karan.negi/www/html/prestashop1761/admin7349hjnt3/index.php:0
[09-Jan-2020 20:39:39 Asia/Kolkata] PHP   2. Dispatcher->dispatch() /home/users/karan.negi/www/html/prestashop1761/admin7349hjnt3/index.php:97
[09-Jan-2020 20:39:39 Asia/Kolkata] PHP   3. AdminOrdersController->run() /home/users/karan.negi/www/html/prestashop1761/classes/Dispatcher.php:515
[09-Jan-2020 20:39:39 Asia/Kolkata] PHP   4. AdminOrdersController->postProcess() /home/users/karan.negi/www/html/prestashop1761/classes/controller/Controller.php:281
[09-Jan-2020 20:39:39 Asia/Kolkata] PHP   5. AdminOrdersController->postProcess() /home/users/karan.negi/www/html/prestashop1761/controllers/admin/AdminOrdersController.php:1629
[09-Jan-2020 20:39:39 Asia/Kolkata] PHP   6. AdminOrdersController->ajaxProcessChangePaymentMethod() /home/users/karan.negi/www/html/prestashop1761/classes/controller/AdminController.php:944
[09-Jan-2020 20:39:39 Asia/Kolkata] PHP   7. Smarty_Internal_Template->fetch() /home/users/karan.negi/www/html/prestashop1761/controllers/admin/AdminOrdersController.php:3058
[09-Jan-2020 20:39:39 Asia/Kolkata] PHP   8. Smarty_Internal_Template->_execute() /home/users/karan.negi/www/html/prestashop1761/vendor/smarty/smarty/libs/sysplugins/smarty_internal_templatebase.php:116
[09-Jan-2020 20:39:39 Asia/Kolkata] PHP   9. Smarty_Internal_Template->render() /home/users/karan.negi/www/html/prestashop1761/vendor/smarty/smarty/libs/sysplugins/smarty_internal_templatebase.php:232
[09-Jan-2020 20:39:39 Asia/Kolkata] PHP  10. Smarty_Template_Compiled->render() /home/users/karan.negi/www/html/prestashop1761/vendor/smarty/smarty/libs/sysplugins/smarty_internal_template.php:216
[09-Jan-2020 20:39:39 Asia/Kolkata] PHP  11. Smarty_Template_Compiled->getRenderedTemplateCode() /home/users/karan.negi/www/html/prestashop1761/vendor/smarty/smarty/libs/sysplugins/smarty_template_compiled.php:114
[09-Jan-2020 20:39:39 Asia/Kolkata] PHP  12. content_5e16ddfac2a4d5_87153169() /home/users/karan.negi/www/html/prestashop1761/vendor/smarty/smarty/libs/sysplugins/smarty_template_resource_base.php:123
[09-Jan-2020 20:39:39 Asia/Kolkata] PHP Notice:  Trying to get property 'value' of non-object in /home/users/karan.negi/www/html/prestashop1761/var/cache/prod/smarty/compile/fe/7d/d0/fe7dd02f51054784f0cf32f599e89f6e6b17102d_0.file._select_payment.tpl.php on line 25
[09-Jan-2020 20:39:39 Asia/Kolkata] PHP Stack trace:
[09-Jan-2020 20:39:39 Asia/Kolkata] PHP   1. {main}() /home/users/karan.negi/www/html/prestashop1761/admin7349hjnt3/index.php:0
[09-Jan-2020 20:39:39 Asia/Kolkata] PHP   2. Dispatcher->dispatch() /home/users/karan.negi/www/html/prestashop1761/admin7349hjnt3/index.php:97
[09-Jan-2020 20:39:39 Asia/Kolkata] PHP   3. AdminOrdersController->run() /home/users/karan.negi/www/html/prestashop1761/classes/Dispatcher.php:515
[09-Jan-2020 20:39:39 Asia/Kolkata] PHP   4. AdminOrdersController->postProcess() /home/users/karan.negi/www/html/prestashop1761/classes/controller/Controller.php:281
[09-Jan-2020 20:39:39 Asia/Kolkata] PHP   5. AdminOrdersController->postProcess() /home/users/karan.negi/www/html/prestashop1761/controllers/admin/AdminOrdersController.php:1629
[09-Jan-2020 20:39:39 Asia/Kolkata] PHP   6. AdminOrdersController->ajaxProcessChangePaymentMethod() /home/users/karan.negi/www/html/prestashop1761/classes/controller/AdminController.php:944
[09-Jan-2020 20:39:39 Asia/Kolkata] PHP   7. Smarty_Internal_Template->fetch() /home/users/karan.negi/www/html/prestashop1761/controllers/admin/AdminOrdersController.php:3058
[09-Jan-2020 20:39:39 Asia/Kolkata] PHP   8. Smarty_Internal_Template->_execute() /home/users/karan.negi/www/html/prestashop1761/vendor/smarty/smarty/libs/sysplugins/smarty_internal_templatebase.php:116
[09-Jan-2020 20:39:39 Asia/Kolkata] PHP   9. Smarty_Internal_Template->render() /home/users/karan.negi/www/html/prestashop1761/vendor/smarty/smarty/libs/sysplugins/smarty_internal_templatebase.php:232
[09-Jan-2020 20:39:39 Asia/Kolkata] PHP  10. Smarty_Template_Compiled->render() /home/users/karan.negi/www/html/prestashop1761/vendor/smarty/smarty/libs/sysplugins/smarty_internal_template.php:216
[09-Jan-2020 20:39:39 Asia/Kolkata] PHP  11. Smarty_Template_Compiled->getRenderedTemplateCode() /home/users/karan.negi/www/html/prestashop1761/vendor/smarty/smarty/libs/sysplugins/smarty_template_compiled.php:114
[09-Jan-2020 20:39:39 Asia/Kolkata] PHP  12. content_5e16ddfac2a4d5_87153169() /home/users/karan.negi/www/html/prestashop1761/vendor/smarty/smarty/libs/sysplugins/smarty_template_resource_base.php:123
[09-Jan-2020 20:40:45 Asia/Kolkata] PHP Warning:  Cannot modify header information - headers already sent by (output started at /home/users/karan.negi/www/html/prestashop1761/controllers/admin/AdminCartsController.php:494) in /home/users/karan.negi/www/html/prestashop1761/classes/controller/AdminController.php on line 1899
[09-Jan-2020 20:40:45 Asia/Kolkata] PHP Stack trace:
[09-Jan-2020 20:40:45 Asia/Kolkata] PHP   1. {main}() /home/users/karan.negi/www/html/prestashop1761/admin7349hjnt3/index.php:0
[09-Jan-2020 20:40:45 Asia/Kolkata] PHP   2. Dispatcher->dispatch() /home/users/karan.negi/www/html/prestashop1761/admin7349hjnt3/index.php:97
[09-Jan-2020 20:40:45 Asia/Kolkata] PHP   3. AdminCartsController->run() /home/users/karan.negi/www/html/prestashop1761/classes/Dispatcher.php:515
[09-Jan-2020 20:40:45 Asia/Kolkata] PHP   4. AdminCartsController->initHeader() /home/users/karan.negi/www/html/prestashop1761/classes/controller/Controller.php:288
[09-Jan-2020 20:40:45 Asia/Kolkata] PHP   5. header() /home/users/karan.negi/www/html/prestashop1761/classes/controller/AdminController.php:1899
[09-Jan-2020 20:40:47 Asia/Kolkata] PHP Warning:  Cannot modify header information - headers already sent by (output started at /home/users/karan.negi/www/html/prestashop1761/controllers/admin/AdminCartsController.php:494) in /home/users/karan.negi/www/html/prestashop1761/classes/controller/AdminController.php on line 1899
[09-Jan-2020 20:40:47 Asia/Kolkata] PHP Stack trace:
[09-Jan-2020 20:40:47 Asia/Kolkata] PHP   1. {main}() /home/users/karan.negi/www/html/prestashop1761/admin7349hjnt3/index.php:0
[09-Jan-2020 20:40:47 Asia/Kolkata] PHP   2. Dispatcher->dispatch() /home/users/karan.negi/www/html/prestashop1761/admin7349hjnt3/index.php:97
[09-Jan-2020 20:40:47 Asia/Kolkata] PHP   3. AdminCartsController->run() /home/users/karan.negi/www/html/prestashop1761/classes/Dispatcher.php:515
[09-Jan-2020 20:40:47 Asia/Kolkata] PHP   4. AdminCartsController->initHeader() /home/users/karan.negi/www/html/prestashop1761/classes/controller/Controller.php:288
[09-Jan-2020 20:40:47 Asia/Kolkata] PHP   5. header() /home/users/karan.negi/www/html/prestashop1761/classes/controller/AdminController.php:1899
[09-Jan-2020 20:40:48 Asia/Kolkata] PHP Warning:  Cannot modify header information - headers already sent by (output started at /home/users/karan.negi/www/html/prestashop1761/controllers/admin/AdminCartsController.php:494) in /home/users/karan.negi/www/html/prestashop1761/classes/controller/AdminController.php on line 1899
[09-Jan-2020 20:40:48 Asia/Kolkata] PHP Stack trace:
[09-Jan-2020 20:40:48 Asia/Kolkata] PHP   1. {main}() /home/users/karan.negi/www/html/prestashop1761/admin7349hjnt3/index.php:0
[09-Jan-2020 20:40:48 Asia/Kolkata] PHP   2. Dispatcher->dispatch() /home/users/karan.negi/www/html/prestashop1761/admin7349hjnt3/index.php:97
[09-Jan-2020 20:40:48 Asia/Kolkata] PHP   3. AdminCartsController->run() /home/users/karan.negi/www/html/prestashop1761/classes/Dispatcher.php:515
[09-Jan-2020 20:40:48 Asia/Kolkata] PHP   4. AdminCartsController->initHeader() /home/users/karan.negi/www/html/prestashop1761/classes/controller/Controller.php:288
[09-Jan-2020 20:40:48 Asia/Kolkata] PHP   5. header() /home/users/karan.negi/www/html/prestashop1761/classes/controller/AdminController.php:1899
[09-Jan-2020 20:40:48 Asia/Kolkata] PHP Warning:  Cannot modify header information - headers already sent by (output started at /home/users/karan.negi/www/html/prestashop1761/controllers/admin/AdminCartsController.php:494) in /home/users/karan.negi/www/html/prestashop1761/classes/controller/AdminController.php on line 1899
[09-Jan-2020 20:40:48 Asia/Kolkata] PHP Stack trace:
[09-Jan-2020 20:40:48 Asia/Kolkata] PHP   1. {main}() /home/users/karan.negi/www/html/prestashop1761/admin7349hjnt3/index.php:0
[09-Jan-2020 20:40:48 Asia/Kolkata] PHP   2. Dispatcher->dispatch() /home/users/karan.negi/www/html/prestashop1761/admin7349hjnt3/index.php:97
[09-Jan-2020 20:40:48 Asia/Kolkata] PHP   3. AdminCartsController->run() /home/users/karan.negi/www/html/prestashop1761/classes/Dispatcher.php:515
[09-Jan-2020 20:40:48 Asia/Kolkata] PHP   4. AdminCartsController->initHeader() /home/users/karan.negi/www/html/prestashop1761/classes/controller/Controller.php:288
[09-Jan-2020 20:40:48 Asia/Kolkata] PHP   5. header() /home/users/karan.negi/www/html/prestashop1761/classes/controller/AdminController.php:1899
[09-Jan-2020 20:40:49 Asia/Kolkata] PHP Warning:  Cannot modify header information - headers already sent by (output started at /home/users/karan.negi/www/html/prestashop1761/controllers/admin/AdminCartsController.php:494) in /home/users/karan.negi/www/html/prestashop1761/classes/controller/AdminController.php on line 1899
[09-Jan-2020 20:40:49 Asia/Kolkata] PHP Stack trace:
[09-Jan-2020 20:40:49 Asia/Kolkata] PHP   1. {main}() /home/users/karan.negi/www/html/prestashop1761/admin7349hjnt3/index.php:0
[09-Jan-2020 20:40:49 Asia/Kolkata] PHP   2. Dispatcher->dispatch() /home/users/karan.negi/www/html/prestashop1761/admin7349hjnt3/index.php:97
[09-Jan-2020 20:40:49 Asia/Kolkata] PHP   3. AdminCartsController->run() /home/users/karan.negi/www/html/prestashop1761/classes/Dispatcher.php:515
[09-Jan-2020 20:40:49 Asia/Kolkata] PHP   4. AdminCartsController->initHeader() /home/users/karan.negi/www/html/prestashop1761/classes/controller/Controller.php:288
[09-Jan-2020 20:40:49 Asia/Kolkata] PHP   5. header() /home/users/karan.negi/www/html/prestashop1761/classes/controller/AdminController.php:1899
[09-Jan-2020 20:40:56 Asia/Kolkata] PHP Warning:  Cannot modify header information - headers already sent by (output started at /home/users/karan.negi/www/html/prestashop1761/controllers/admin/AdminCartsController.php:494) in /home/users/karan.negi/www/html/prestashop1761/classes/controller/AdminController.php on line 1899
[09-Jan-2020 20:40:56 Asia/Kolkata] PHP Stack trace:
[09-Jan-2020 20:40:56 Asia/Kolkata] PHP   1. {main}() /home/users/karan.negi/www/html/prestashop1761/admin7349hjnt3/index.php:0
[09-Jan-2020 20:40:56 Asia/Kolkata] PHP   2. Dispatcher->dispatch() /home/users/karan.negi/www/html/prestashop1761/admin7349hjnt3/index.php:97
[09-Jan-2020 20:40:56 Asia/Kolkata] PHP   3. AdminCartsController->run() /home/users/karan.negi/www/html/prestashop1761/classes/Dispatcher.php:515
[09-Jan-2020 20:40:56 Asia/Kolkata] PHP   4. AdminCartsController->initHeader() /home/users/karan.negi/www/html/prestashop1761/classes/controller/Controller.php:288
[09-Jan-2020 20:40:56 Asia/Kolkata] PHP   5. header() /home/users/karan.negi/www/html/prestashop1761/classes/controller/AdminController.php:1899
[09-Jan-2020 20:40:56 Asia/Kolkata] PHP Warning:  Cannot modify header information - headers already sent by (output started at /home/users/karan.negi/www/html/prestashop1761/controllers/admin/AdminCartsController.php:494) in /home/users/karan.negi/www/html/prestashop1761/classes/controller/AdminController.php on line 1899
[09-Jan-2020 20:40:56 Asia/Kolkata] PHP Stack trace:
[09-Jan-2020 20:40:56 Asia/Kolkata] PHP   1. {main}() /home/users/karan.negi/www/html/prestashop1761/admin7349hjnt3/index.php:0
[09-Jan-2020 20:40:56 Asia/Kolkata] PHP   2. Dispatcher->dispatch() /home/users/karan.negi/www/html/prestashop1761/admin7349hjnt3/index.php:97
[09-Jan-2020 20:40:56 Asia/Kolkata] PHP   3. AdminCartsController->run() /home/users/karan.negi/www/html/prestashop1761/classes/Dispatcher.php:515
[09-Jan-2020 20:40:56 Asia/Kolkata] PHP   4. AdminCartsController->initHeader() /home/users/karan.negi/www/html/prestashop1761/classes/controller/Controller.php:288
[09-Jan-2020 20:40:56 Asia/Kolkata] PHP   5. header() /home/users/karan.negi/www/html/prestashop1761/classes/controller/AdminController.php:1899
[09-Jan-2020 20:40:57 Asia/Kolkata] PHP Warning:  Cannot modify header information - headers already sent by (output started at /home/users/karan.negi/www/html/prestashop1761/controllers/admin/AdminCartsController.php:494) in /home/users/karan.negi/www/html/prestashop1761/classes/controller/AdminController.php on line 1899
[09-Jan-2020 20:40:57 Asia/Kolkata] PHP Stack trace:
[09-Jan-2020 20:40:57 Asia/Kolkata] PHP   1. {main}() /home/users/karan.negi/www/html/prestashop1761/admin7349hjnt3/index.php:0
[09-Jan-2020 20:40:57 Asia/Kolkata] PHP   2. Dispatcher->dispatch() /home/users/karan.negi/www/html/prestashop1761/admin7349hjnt3/index.php:97
[09-Jan-2020 20:40:57 Asia/Kolkata] PHP   3. AdminCartsController->run() /home/users/karan.negi/www/html/prestashop1761/classes/Dispatcher.php:515
[09-Jan-2020 20:40:57 Asia/Kolkata] PHP   4. AdminCartsController->initHeader() /home/users/karan.negi/www/html/prestashop1761/classes/controller/Controller.php:288
[09-Jan-2020 20:40:57 Asia/Kolkata] PHP   5. header() /home/users/karan.negi/www/html/prestashop1761/classes/controller/AdminController.php:1899
[09-Jan-2020 20:41:16 Asia/Kolkata] PHP Warning:  Cannot modify header information - headers already sent by (output started at /home/users/karan.negi/www/html/prestashop1761/controllers/admin/AdminCartsController.php:494) in /home/users/karan.negi/www/html/prestashop1761/classes/controller/AdminController.php on line 1899
[09-Jan-2020 20:41:16 Asia/Kolkata] PHP Stack trace:
[09-Jan-2020 20:41:16 Asia/Kolkata] PHP   1. {main}() /home/users/karan.negi/www/html/prestashop1761/admin7349hjnt3/index.php:0
[09-Jan-2020 20:41:16 Asia/Kolkata] PHP   2. Dispatcher->dispatch() /home/users/karan.negi/www/html/prestashop1761/admin7349hjnt3/index.php:97
[09-Jan-2020 20:41:16 Asia/Kolkata] PHP   3. AdminCartsController->run() /home/users/karan.negi/www/html/prestashop1761/classes/Dispatcher.php:515
[09-Jan-2020 20:41:16 Asia/Kolkata] PHP   4. AdminCartsController->initHeader() /home/users/karan.negi/www/html/prestashop1761/classes/controller/Controller.php:288
[09-Jan-2020 20:41:16 Asia/Kolkata] PHP   5. header() /home/users/karan.negi/www/html/prestashop1761/classes/controller/AdminController.php:1899
[09-Jan-2020 20:41:16 Asia/Kolkata] PHP Warning:  Cannot modify header information - headers already sent by (output started at /home/users/karan.negi/www/html/prestashop1761/controllers/admin/AdminCartsController.php:494) in /home/users/karan.negi/www/html/prestashop1761/classes/controller/AdminController.php on line 1899
[09-Jan-2020 20:41:16 Asia/Kolkata] PHP Stack trace:
[09-Jan-2020 20:41:16 Asia/Kolkata] PHP   1. {main}() /home/users/karan.negi/www/html/prestashop1761/admin7349hjnt3/index.php:0
[09-Jan-2020 20:41:16 Asia/Kolkata] PHP   2. Dispatcher->dispatch() /home/users/karan.negi/www/html/prestashop1761/admin7349hjnt3/index.php:97
[09-Jan-2020 20:41:16 Asia/Kolkata] PHP   3. AdminCartsController->run() /home/users/karan.negi/www/html/prestashop1761/classes/Dispatcher.php:515
[09-Jan-2020 20:41:16 Asia/Kolkata] PHP   4. AdminCartsController->initHeader() /home/users/karan.negi/www/html/prestashop1761/classes/controller/Controller.php:288
[09-Jan-2020 20:41:16 Asia/Kolkata] PHP   5. header() /home/users/karan.negi/www/html/prestashop1761/classes/controller/AdminController.php:1899
[09-Jan-2020 20:41:17 Asia/Kolkata] PHP Warning:  Cannot modify header information - headers already sent by (output started at /home/users/karan.negi/www/html/prestashop1761/controllers/admin/AdminCartsController.php:494) in /home/users/karan.negi/www/html/prestashop1761/classes/controller/AdminController.php on line 1899
[09-Jan-2020 20:41:17 Asia/Kolkata] PHP Stack trace:
[09-Jan-2020 20:41:17 Asia/Kolkata] PHP   1. {main}() /home/users/karan.negi/www/html/prestashop1761/admin7349hjnt3/index.php:0
[09-Jan-2020 20:41:17 Asia/Kolkata] PHP   2. Dispatcher->dispatch() /home/users/karan.negi/www/html/prestashop1761/admin7349hjnt3/index.php:97
[09-Jan-2020 20:41:17 Asia/Kolkata] PHP   3. AdminCartsController->run() /home/users/karan.negi/www/html/prestashop1761/classes/Dispatcher.php:515
[09-Jan-2020 20:41:17 Asia/Kolkata] PHP   4. AdminCartsController->initHeader() /home/users/karan.negi/www/html/prestashop1761/classes/controller/Controller.php:288
[09-Jan-2020 20:41:17 Asia/Kolkata] PHP   5. header() /home/users/karan.negi/www/html/prestashop1761/classes/controller/AdminController.php:1899
[09-Jan-2020 20:41:18 Asia/Kolkata] PHP Warning:  Cannot modify header information - headers already sent by (output started at /home/users/karan.negi/www/html/prestashop1761/controllers/admin/AdminCartsController.php:494) in /home/users/karan.negi/www/html/prestashop1761/classes/controller/AdminController.php on line 1899
[09-Jan-2020 20:41:18 Asia/Kolkata] PHP Stack trace:
[09-Jan-2020 20:41:18 Asia/Kolkata] PHP   1. {main}() /home/users/karan.negi/www/html/prestashop1761/admin7349hjnt3/index.php:0
[09-Jan-2020 20:41:18 Asia/Kolkata] PHP   2. Dispatcher->dispatch() /home/users/karan.negi/www/html/prestashop1761/admin7349hjnt3/index.php:97
[09-Jan-2020 20:41:18 Asia/Kolkata] PHP   3. AdminCartsController->run() /home/users/karan.negi/www/html/prestashop1761/classes/Dispatcher.php:515
[09-Jan-2020 20:41:18 Asia/Kolkata] PHP   4. AdminCartsController->initHeader() /home/users/karan.negi/www/html/prestashop1761/classes/controller/Controller.php:288
[09-Jan-2020 20:41:18 Asia/Kolkata] PHP   5. header() /home/users/karan.negi/www/html/prestashop1761/classes/controller/AdminController.php:1899
